Sample_Name,BioSample,BioProject,Other_Name,Other_ID,Dataset,City/Location,Country,Continent,Location_Descriptor,Material,Latitude,Longitude,Lat-Long,Depth [IN M],Date_Collected,cb-broad-desc,cb-narrow-desc,cb-material-type,sra:env_broad_scale,sra:env_local_scale,sra:env_medium
SRR5161788,,,,BR-CD1,acid mine,Pará - Canaa dos Carajas,Brazil,South America,,AMD,,,-6.44 N -50.04 E,,,epa/contaminant,metallic soil,,,,
SRR5161794,,,,BR-CD1,acid mine,Pará - Canaa dos Carajas,Brazil,South America,,AMD - Cu,,,-6.44 N -50.04 E,,,epa/contaminant,metallic soil,,,,
SRR5161795,,,,BR-CD1,acid mine,Pará - Canaa dos Carajas,Brazil,South America,,AMD - Cu,,,-6.44 N -50.04 E,,,epa/contaminant,metallic soil,,,,
SRR5161798,,,,BR-CD1,acid mine,Pará - Canaa dos Carajas,Brazil,South America,,AMD - Cu,,,-6.44 N -50.04 E,,,epa/contaminant,metallic soil,,,,
SRR5161800,,,,BR-CD1,acid mine,Pará - Canaa dos Carajas,Brazil,South America,,AMD - Cu,,,-6.44 N -50.04 E,,,epa/contaminant,metallic soil,,,,
SRR5161805,,,,BR-CD1,acid mine,Pará - Canaa dos Carajas,Brazil,South America,,AMD - Cu,,,-6.44 N -50.04 E,,,epa/contaminant,metallic soil,,,,
SRR5161807,,,,BR-CD1,acid mine,Pará - Canaa dos Carajas,Brazil,South America,,AMD - Cu,,,-6.44 N -50.04 E,,,epa/contaminant,metallic soil,,,,
SRR5161789,,,,BR-CD2,acid mine,Pará - Canaa dos Carajas,Brazil,South America,,AMD Sediment - CU,,,-6.44 N -50.04 E,,,epa/contaminant,metallic soil,,,,
SRR5161792,,,,BR-CD2,acid mine,Pará - Canaa dos Carajas,Brazil,South America,,AMD Sediment - CU,,,-6.44 N -50.04 E,,,epa/contaminant,metallic soil,,,,
SRR5352531,,,,CA-ON,acid mine,Ontario,Canada,North America,,AMD -Ni-Cu,46.65 N,-81.32 E,,,,epa/contaminant,metallic soil,,,,
SRR5352532,,,,CA-ON,acid mine,Ontario,Canada,North America,,AMD -Ni-Cu,46.65 N,-81.32 E,,,,epa/contaminant,metallic soil,,,,
SRR5352534,,,,CA-ON,acid mine,Ontario,Canada,North America,,AMD -Ni-Cu,46.65 N,-81.32 E,,,,epa/contaminant,metallic soil,,,,
SRR5352535,,,,CA-ON,acid mine,Ontario,Canada,North America,,AMD -Ni-Cu,46.65 N,-81.32 E,,,,epa/contaminant,metallic soil,,,,
SRR5352536,,,,CA-ON,acid mine,Ontario,Canada,North America,,AMD -Ni-Cu,46.65 N,-81.32 E,,,,epa/contaminant,metallic soil,,,,
SRR359000,,,,USA-RI,acid mine,"Richmond Mines, California",USA,North America,,Biofilm - Pyrites,40.67 N,-122.53 E,,,,epa/contaminant,metallic soil,,,,
SRR359001,,,,USA-RI,acid mine,"Richmond Mines, California",USA,North America,,Biofilm - Pyrites,40.67 N,-122.53 E,,,,epa/contaminant,metallic soil,,,,
SRR359002,,,,USA-RI,acid mine,"Richmond Mines, California",USA,North America,,Biofilm - Pyrites,40.67 N,-122.53 E,,,,epa/contaminant,metallic soil,,,,
SRR359019,,,,USA-RI,acid mine,"Richmond Mines, California",USA,North America,,Biofilm - Pyrites,40.67 N,-122.53 E,,,,epa/contaminant,metallic soil,,,,
SRR359020,,,,USA-RI,acid mine,"Richmond Mines, California",USA,North America,,Biofilm - Pyrites,40.67 N,-122.53 E,,,,epa/contaminant,metallic soil,,,,
SRR359021,,,,USA-RI,acid mine,"Richmond Mines, California",USA,North America,,Biofilm - Pyrites,40.67 N,-122.53 E,,,,epa/contaminant,metallic soil,,,,
SRR359022,,,,USA-RI,acid mine,"Richmond Mines, California",USA,North America,,Biofilm - Pyrites,40.67 N,-122.53 E,,,,epa/contaminant,metallic soil,,,,
SRR359023,,,,USA-RI,acid mine,"Richmond Mines, California",USA,North America,,Biofilm - Pyrites,40.67 N,-122.53 E,,,,epa/contaminant,metallic soil,,,,
SRR359024,,,,USA-RI,acid mine,"Richmond Mines, California",USA,North America,,Biofilm - Pyrites,40.67 N,-122.53 E,,,,epa/contaminant,metallic soil,,,,
SRR359025,,,,USA-RI,acid mine,"Richmond Mines, California",USA,North America,,Biofilm - Pyrites,40.67 N,-122.53 E,,,,epa/contaminant,metallic soil,,,,
SRR359026,,,,USA-RI,acid mine,"Richmond Mines, California",USA,North America,,Biofilm - Pyrites,40.67 N,-122.53 E,,,,epa/contaminant,metallic soil,,,,
SRR359027,,,,USA-RI,acid mine,"Richmond Mines, California",USA,North America,,Biofilm - Pyrites,40.67 N,-122.53 E,,,,epa/contaminant,metallic soil,,,,
SRR359028,,,,USA-RI,acid mine,"Richmond Mines, California",USA,North America,,Biofilm - Pyrites,40.67 N,-122.53 E,,,,epa/contaminant,metallic soil,,,,
SRR359029,,,,USA-RI,acid mine,"Richmond Mines, California",USA,North America,,Biofilm - Pyrites,40.67 N,-122.53 E,,,,epa/contaminant,metallic soil,,,,
SRR359030,,,,USA-RI,acid mine,"Richmond Mines, California",USA,North America,,Biofilm - Pyrites,40.67 N,-122.53 E,,,,epa/contaminant,metallic soil,,,,
SRR359031,,,,USA-RI,acid mine,"Richmond Mines, California",USA,North America,,Biofilm - Pyrites,40.67 N,-122.53 E,,,,epa/contaminant,metallic soil,,,,
SRR6651931,PRJNA351262,SAMN08397705,,,atacama desert,Atacama Desert,Chile,South America,halite crust,,,,21.21 S 69.84 W,,,soil ,hot desert soil,soil/sediment,,,
SRR6651932,PRJNA351262,SAMN08397704,,,atacama desert,Atacama Desert,Chile,South America,,,,,21.21 S 69.84 W,,,soil ,hot desert soil,soil/sediment,,,
SRR6651934,PRJNA351262,SAMN08397687,,,atacama desert,Atacama Desert,Chile,South America,,,,,21.21 S 69.84 W,,,soil ,hot desert soil,soil/sediment,,,
SRR6651935,PRJNA351262,SAMN08397688,,,atacama desert,Atacama Desert,Chile,South America,,,,,21.21 S 69.84 W,,,soil ,hot desert soil,soil/sediment,,,
SRR6651936,PRJNA351262,SAMN08397689,,,atacama desert,Atacama Desert,Chile,South America,,,,,21.21 S 69.84 W,,,soil ,hot desert soil,soil/sediment,,,
SRR6651937,PRJNA351262,SAMN08397682,,,atacama desert,Atacama Desert,Chile,South America,,,,,21.21 S 69.84 W,,,soil ,hot desert soil,soil/sediment,,,
SRR6651938,PRJNA351262,SAMN08397683,,,atacama desert,Atacama Desert,Chile,South America,,,,,21.21 S 69.84 W,,,soil ,hot desert soil,soil/sediment,,,
SRR6651939,PRJNA351262,SAMN08397684,,,atacama desert,Atacama Desert,Chile,South America,,,,,21.21 S 69.84 W,,,soil ,hot desert soil,soil/sediment,,,
SRR6651940,PRJNA351262,SAMN08397685,,,atacama desert,Atacama Desert,Chile,South America,,,,,21.21 S 69.84 W,,,soil ,hot desert soil,soil/sediment,,,
SRR6651941,PRJNA351262,SAMN08397690,,,atacama desert,Atacama Desert,Chile,South America,,,,,21.21 S 69.84 W,,,soil ,hot desert soil,soil/sediment,,,
SRR6651942,PRJNA351262,SAMN08397691,,,atacama desert,Atacama Desert,Chile,South America,,,,,21.21 S 69.84 W,,,soil ,hot desert soil,soil/sediment,,,
SRR6651947,PRJNA351262,SAMN08397696,,,atacama desert,Atacama Desert,Chile,South America,,,,,21.21 S 69.84 W,,,soil ,hot desert soil,soil/sediment,,,
SRR6651948,PRJNA351262,SAMN08397697,,,atacama desert,Atacama Desert,Chile,South America,,,,,21.21 S 69.84 W,,,soil ,hot desert soil,soil/sediment,,,
SRR6651949,PRJNA351262,SAMN08397698,,,atacama desert,Atacama Desert,Chile,South America,,,,,21.21 S 69.84 W,,,soil ,hot desert soil,soil/sediment,,,
SRR6651950,PRJNA351262,SAMN08397699,,,atacama desert,Atacama Desert,Chile,South America,,,,,21.21 S 69.84 W,,,soil ,hot desert soil,soil/sediment,,,
SRR6651951,PRJNA351262,SAMN08397700,,,atacama desert,Atacama Desert,Chile,South America,,,,,21.21 S 69.84 W,,,soil ,hot desert soil,soil/sediment,,,
SRR6651952,PRJNA351262,SAMN08397701,,,atacama desert,Atacama Desert,Chile,South America,,,,,21.21 S 69.84 W,,,soil ,hot desert soil,soil/sediment,,,
SRR6651926,PRJNA351262,SAMN08397707,,,atacama desert,Atacama Desert,Chile,South America,,,,,21.21 S 69.84 W,,,soil ,hot desert soil,soil/sediment,,,
SRR6651927,PRJNA351262,SAMN08397706,,,atacama desert,Atacama Desert,Chile,South America,,,,,21.21 S 69.84 W,,,soil ,hot desert soil,soil/sediment,,,
SRR6651928,PRJNA351262,SAMN08397708,,,atacama desert,Atacama Desert,Chile,South America,,,,,21.21 S 69.84 W,,,soil ,hot desert soil,soil/sediment,,,
SRR6651929,PRJNA351262,SAMN08397703,,,atacama desert,Atacama Desert,Chile,South America,,,,,21.21 S 69.84 W,,,soil ,hot desert soil,soil/sediment,,,
SRR6651930,PRJNA351262,SAMN08397702,,,atacama desert,Atacama Desert,Chile,South America,,,,,21.21 S 69.84 W,,,soil ,hot desert soil,soil/sediment,,,
SRR6651933,PRJNA351262,SAMN08397686,,,atacama desert,Atacama Desert,Chile,South America,,,,,21.21 S 69.84 W,,,soil ,hot desert soil,soil/sediment,,,
SRR6651943,PRJNA351262,SAMN08397692,,,atacama desert,Atacama Desert,Chile,South America,,,,,21.21 S 69.84 W,,,soil ,hot desert soil,soil/sediment,,,
SRR6651944,PRJNA351262,SAMN08397693,,,atacama desert,Atacama Desert,Chile,South America,,,,,21.21 S 69.84 W,,,soil ,hot desert soil,soil/sediment,,,
SRR6651945,PRJNA351262,SAMN08397694,,,atacama desert,Atacama Desert,Chile,South America,,,,,21.21 S 69.84 W,,,soil ,hot desert soil,soil/sediment,,,
SRR6651946,PRJNA351262,SAMN08397695,,,atacama desert,Atacama Desert,Chile,South America,,,,,21.21 S 69.84 W,,,soil ,hot desert soil,soil/sediment,,,
ERR11420197,PRJEB61734,SAMEA112992164,,,australian hypersaline lakes,,,Australia,,,,,,,,water,hypersaline ,,,,
ERR11420198,PRJEB61734,SAMEA112992165,,,australian hypersaline lakes,,,Australia,,,,,,,,water,hypersaline ,,,,
ERR11420194,PRJEB61734,SAMEA112992161,,,australian hypersaline lakes,,,Australia,,,,,,,,water,hypersaline ,,,,
ERR11420196,PRJEB61734,SAMEA112992163,,,australian hypersaline lakes,,,Australia,,,,,,,,water,hypersaline ,,,,
ERR11420201,PRJEB61734,SAMEA112992168,,,australian hypersaline lakes,,,Australia,,,,,,,,water,hypersaline ,,,,
ERR11420202,PRJEB61734,SAMEA112992169,,,australian hypersaline lakes,,,Australia,,,,,,,,water,hypersaline ,,,,
ERR11420192,PRJEB61734,SAMEA112992159,,,australian hypersaline lakes,,,Australia,,,,,,,,water,hypersaline ,,,,
ERR11420193,PRJEB61734,SAMEA112992160,,,australian hypersaline lakes,,,Australia,,,,,,,,water,hypersaline ,,,,
ERR11420195,PRJEB61734,SAMEA112992162,,,australian hypersaline lakes,,,Australia,,,,,,,,water,hypersaline ,,,,
ERR11420199,PRJEB61734,SAMEA112992166,,,australian hypersaline lakes,,,Australia,,,,,,,,water,hypersaline ,,,,
ERR11420200,PRJEB61734,SAMEA112992167,,,australian hypersaline lakes,,,Australia,,,,,,,,water,hypersaline ,,,,
ERR11420203,PRJEB61734,SAMEA112992170,,,australian hypersaline lakes,,,Australia,,,,,,,,water,hypersaline ,,,,
SRR9320191,PRJNA540505,SAMN11539494,,,ely copper,Ely Copper,USA,North America,,,,,43.91924 N 72.28638 W,,,epa/contaminant,soil,soil/sediment,,,
SRR9320193,PRJNA540505,SAMN11539496,,,ely copper,Ely Copper,USA,North America,,,,,43.91924 N 72.28640 W,,,epa/contaminant,soil,soil/sediment,,,
SRR9320194,PRJNA540505,SAMN11539495,,,ely copper,Ely Copper,USA,North America,,,,,43.91924 N 72.28639 W,,,epa/contaminant,soil,soil/sediment,,,
SRR9320187,PRJNA540505,SAMN11539492,,,ely copper,Ely Copper,USA,North America,,,,,43.91924 N 72.28636 W,,,epa/contaminant,soil,soil/sediment,,,
SRR9320188,PRJNA540505,SAMN11539491,,,ely copper,Ely Copper,USA,North America,,,,,43.91924 N 72.28635 W,,,epa/contaminant,soil,soil/sediment,,,
SRR9320192,PRJNA540505,SAMN11539493,,,ely copper,Ely Copper,USA,North America,,,,,43.91924 N 72.28637 W,,,epa/contaminant,soil,soil/sediment,,,
SRR9320195,PRJNA540505,SAMN11539498,,,ely copper,Ely Copper,USA,North America,,,,,43.91924 N 72.28642 W,,,epa/contaminant,water,water,,,
SRR9320196,PRJNA540505,SAMN11539497,,,ely copper,Ely Copper,USA,North America,,,,,43.91924 N 72.28641 W,,,epa/contaminant,water,water,,,
SRR9320197,PRJNA540505,SAMN11539500,,,ely copper,Ely Copper,USA,North America,,,,,43.91924 N 72.28644 W,,,epa/contaminant,water,water,,,
SRR9320198,PRJNA540505,SAMN11539499,,,ely copper,Ely Copper,USA,North America,,,,,43.91924 N 72.28643 W,,,epa/contaminant,water,water,,,
SRR9320199,PRJNA540505,SAMN11539501,,,ely copper,Ely Copper,USA,North America,,,,,43.91924 N 72.28645 W,,,epa/contaminant,water,water,,,
,,,13114.angenent.65.s001,,EMP,,,,,bioreactor metagenome,,,,,,bioreactor ,bioreactor ,,,,
,,,13114.angenent.65.s002,,EMP,,,,,bioreactor metagenome,,,,,,bioreactor ,bioreactor ,,,,
,,,13114.angenent.65.s003,,EMP,,,,,bioreactor metagenome,,,,,,bioreactor ,bioreactor ,,,,
,,,13114.angenent.65.s004,,EMP,,,,,bioreactor metagenome,,,,,,bioreactor ,bioreactor ,,,,
,,,13114.angenent.65.s005,,EMP,,,,,bioreactor metagenome,,,,,,bioreactor ,bioreactor ,,,,
,,,13114.angenent.65.s006,,EMP,,,,,bioreactor metagenome,,,,,,bioreactor ,bioreactor ,,,,
,,,13114.angenent.65.s007,,EMP,,,,,bioreactor metagenome,,,,,,bioreactor ,bioreactor ,,,,
,,,13114.angenent.65.s008,,EMP,,,,,bioreactor metagenome,,,,,,bioreactor ,bioreactor ,,,,
,,,13114.angenent.65.s009,,EMP,,,,,bioreactor metagenome,,,,,,bioreactor ,bioreactor ,,,,
,,,13114.berry.2.s001,,EMP,,,,,freshwater sediment metagenome,,,,,,water,freshwater,soil/sediment,,,
,,,13114.berry.2.s002,,EMP,,,,,freshwater sediment metagenome,,,,,,water,freshwater,soil/sediment,,,
,,,13114.berry.2.s003,,EMP,,,,,freshwater sediment metagenome,,,,,,water,freshwater,soil/sediment,,,
,,,13114.berry.2.s004,,EMP,,,,,freshwater sediment metagenome,,,,,,water,freshwater,soil/sediment,,,
,,,13114.berry.2.s005,,EMP,,,,,freshwater sediment metagenome,,,,,,water,freshwater,soil/sediment,,,
,,,13114.berry.2.s006,,EMP,,,,,freshwater sediment metagenome,,,,,,water,freshwater,soil/sediment,,,
,,,13114.berry.2.s007,,EMP,,,,,freshwater sediment metagenome,,,,,,water,freshwater,soil/sediment,,,
,,,13114.berry.2.s008,,EMP,,,,,freshwater sediment metagenome,,,,,,water,freshwater,soil/sediment,,,
,,,13114.berry.2.s009,,EMP,,,,,freshwater sediment metagenome,,,,,,water,freshwater,soil/sediment,,,
,,,13114.berry.2.s010,,EMP,,,,,freshwater sediment metagenome,,,,,,water,freshwater,soil/sediment,,,
,,,13114.berry.2.s011,,EMP,,,,,freshwater sediment metagenome,,,,,,water,freshwater,soil/sediment,,,
,,,13114.berry.2.s012,,EMP,,,,,freshwater sediment metagenome,,,,,,water,freshwater,soil/sediment,,,
,,,13114.berry.2.s013,,EMP,,,,,freshwater sediment metagenome,,,,,,water,freshwater,soil/sediment,,,
,,,13114.berry.2.s014,,EMP,,,,,freshwater sediment metagenome,,,,,,water,freshwater,soil/sediment,,,
,,,13114.berry.2.s015,,EMP,,,,,freshwater sediment metagenome,,,,,,water,freshwater,soil/sediment,,,
,,,13114.berry.2.s016,,EMP,,,,,freshwater sediment metagenome,,,,,,water,freshwater,soil/sediment,,,
,,,13114.berry.2.s017,,EMP,,,,,freshwater sediment metagenome,,,,,,water,freshwater,soil/sediment,,,
,,,13114.berry.2.s018,,EMP,,,,,freshwater sediment metagenome,,,,,,water,freshwater,soil/sediment,,,
,,,13114.berry.2.s019,,EMP,,,,,freshwater sediment metagenome,,,,,,water,freshwater,soil/sediment,,,
,,,13114.berry.2.s020,,EMP,,,,,freshwater sediment metagenome,,,,,,water,freshwater,soil/sediment,,,
,,,13114.bittleston.68.s001,,EMP,,,,,plant metagenome,,,,,,living-organism,plant,,,,
,,,13114.bittleston.68.s002,,EMP,,,,,plant metagenome,,,,,,living-organism,plant,,,,
,,,13114.bittleston.68.s003,,EMP,,,,,plant metagenome,,,,,,living-organism,plant,,,,
,,,13114.bittleston.68.s004,,EMP,,,,,plant metagenome,,,,,,living-organism,plant,,,,
,,,13114.bittleston.68.s005,,EMP,,,,,plant metagenome,,,,,,living-organism,plant,,,,
,,,13114.bittleston.68.s006,,EMP,,,,,plant metagenome,,,,,,living-organism,plant,,,,
,,,13114.bittleston.68.s007,,EMP,,,,,plant metagenome,,,,,,living-organism,plant,,,,
,,,13114.bittleston.68.s008,,EMP,,,,,plant metagenome,,,,,,living-organism,plant,,,,
,,,13114.bittleston.68.s009,,EMP,,,,,plant metagenome,,,,,,living-organism,plant,,,,
,,,13114.bittleston.68.s010,,EMP,,,,,plant metagenome,,,,,,living-organism,plant,,,,
,,,13114.bittleston.68.s011,,EMP,,,,,plant metagenome,,,,,,living-organism,plant,,,,
,,,13114.bittleston.68.s012,,EMP,,,,,plant metagenome,,,,,,living-organism,plant,,,,
,,,13114.bittleston.68.s013,,EMP,,,,,plant metagenome,,,,,,living-organism,plant,,,,
,,,13114.bittleston.68.s014,,EMP,,,,,plant metagenome,,,,,,living-organism,plant,,,,
,,,13114.bittleston.68.s015,,EMP,,,,,plant metagenome,,,,,,living-organism,plant,,,,
,,,13114.BLANK1.1A,,EMP,,,,,metagenome,,,,,,living-organism,metagenome,,,,
,,,13114.BLANK1.1B,,EMP,,,,,metagenome,,,,,,living-organism,metagenome,,,,
,,,13114.BLANK1.1C,,EMP,,,,,metagenome,,,,,,living-organism,metagenome,,,,
,,,13114.BLANK1.1D,,EMP,,,,,metagenome,,,,,,living-organism,metagenome,,,,
,,,13114.BLANK2.2A,,EMP,,,,,metagenome,,,,,,living-organism,metagenome,,,,
,,,13114.BLANK2.2B,,EMP,,,,,metagenome,,,,,,living-organism,metagenome,,,,
,,,13114.BLANK2.2C,,EMP,,,,,metagenome,,,,,,living-organism,metagenome,,,,
,,,13114.BLANK2.2D,,EMP,,,,,metagenome,,,,,,living-organism,metagenome,,,,
,,,13114.BLANK3.3A,,EMP,,,,,metagenome,,,,,,living-organism,metagenome,,,,
,,,13114.BLANK3.3B,,EMP,,,,,metagenome,,,,,,living-organism,metagenome,,,,
,,,13114.BLANK3.3C,,EMP,,,,,metagenome,,,,,,living-organism,metagenome,,,,
,,,13114.BLANK3.3D,,EMP,,,,,metagenome,,,,,,living-organism,metagenome,,,,
,,,13114.BLANK4.3A,,EMP,,,,,metagenome,,,,,,living-organism,metagenome,,,,
,,,13114.BLANK4.3B,,EMP,,,,,metagenome,,,,,,living-organism,metagenome,,,,
,,,13114.BLANK4.3C,,EMP,,,,,metagenome,,,,,,living-organism,metagenome,,,,
,,,13114.BLANK4.3D,,EMP,,,,,metagenome,,,,,,living-organism,metagenome,,,,
,,,13114.bowen.74.s001,,EMP,,,,,marine sediment metagenome,,,,,,water,marine ,soil/sediment,,,
,,,13114.bowen.74.s002,,EMP,,,,,marine sediment metagenome,,,,,,water,marine ,soil/sediment,,,
,,,13114.bowen.74.s003,,EMP,,,,,marine sediment metagenome,,,,,,water,marine ,soil/sediment,,,
,,,13114.bowen.74.s004,,EMP,,,,,marine sediment metagenome,,,,,,water,marine ,soil/sediment,,,
,,,13114.bowen.74.s005,,EMP,,,,,marine sediment metagenome,,,,,,water,marine ,soil/sediment,,,
,,,13114.bowen.74.s006,,EMP,,,,,marine sediment metagenome,,,,,,water,marine ,soil/sediment,,,
,,,13114.bowen.74.s007,,EMP,,,,,marine sediment metagenome,,,,,,water,marine ,soil/sediment,,,
,,,13114.bowen.74.s008,,EMP,,,,,marine sediment metagenome,,,,,,water,marine ,soil/sediment,,,
,,,13114.bowen.74.s009,,EMP,,,,,marine sediment metagenome,,,,,,water,marine ,soil/sediment,,,
,,,13114.bowen.74.s010,,EMP,,,,,marine sediment metagenome,,,,,,water,marine ,soil/sediment,,,
,,,13114.bowen.74.s011,,EMP,,,,,marine sediment metagenome,,,,,,water,marine ,soil/sediment,,,
,,,13114.bowen.74.s012,,EMP,,,,,marine sediment metagenome,,,,,,water,marine ,soil/sediment,,,
,,,13114.bowen.74.s013,,EMP,,,,,marine sediment metagenome,,,,,,water,marine ,soil/sediment,,,
,,,13114.bowen.74.s014,,EMP,,,,,marine sediment metagenome,,,,,,water,marine ,soil/sediment,,,
,,,13114.bowen.74.s015,,EMP,,,,,marine sediment metagenome,,,,,,water,marine ,soil/sediment,,,
,,,13114.bowen.74.s016,,EMP,,,,,marine sediment metagenome,,,,,,water,marine ,soil/sediment,,,
,,,13114.distel.72.s001,,EMP,,,,,mollusc metagenome,,,,,,living-organism,mollusc,,,,
,,,13114.distel.72.s002,,EMP,,,,,mollusc metagenome,,,,,,living-organism,mollusc,,,,
,,,13114.distel.72.s003,,EMP,,,,,mollusc metagenome,,,,,,living-organism,mollusc,,,,
,,,13114.distel.72.s004,,EMP,,,,,mollusc metagenome,,,,,,living-organism,mollusc,,,,
,,,13114.distel.72.s005,,EMP,,,,,mollusc metagenome,,,,,,living-organism,mollusc,,,,
,,,13114.distel.72.s006,,EMP,,,,,mollusc metagenome,,,,,,living-organism,mollusc,,,,
,,,13114.distel.72.s007,,EMP,,,,,mollusc metagenome,,,,,,living-organism,mollusc,,,,
,,,13114.distel.72.s008,,EMP,,,,,mollusc metagenome,,,,,,living-organism,mollusc,,,,
,,,13114.distel.72.s009,,EMP,,,,,mollusc metagenome,,,,,,living-organism,mollusc,,,,
,,,13114.distel.72.s010,,EMP,,,,,mollusc metagenome,,,,,,living-organism,mollusc,,,,
,,,13114.distel.72.s011,,EMP,,,,,mollusc metagenome,,,,,,living-organism,mollusc,,,,
,,,13114.distel.72.s012,,EMP,,,,,mollusc metagenome,,,,,,living-organism,mollusc,,,,
,,,13114.distel.72.s013,,EMP,,,,,mollusc metagenome,,,,,,living-organism,mollusc,,,,
,,,13114.distel.72.s014,,EMP,,,,,metagenome,,,,,,living-organism,metagenome,,,,
,,,13114.distel.72.s015,,EMP,,,,,metagenome,,,,,,living-organism,metagenome,,,,
,,,13114.girguis.50.s001,,EMP,,,,,gut metagenome,,,,,,living-organism,gut ,,,,
,,,13114.girguis.50.s002,,EMP,,,,,gut metagenome,,,,,,living-organism,gut ,,,,
,,,13114.girguis.50.s003,,EMP,,,,,gut metagenome,,,,,,living-organism,gut ,,,,
,,,13114.girguis.50.s004,,EMP,,,,,gut metagenome,,,,,,living-organism,gut ,,,,
,,,13114.girguis.50.s005,,EMP,,,,,gut metagenome,,,,,,living-organism,gut ,,,,
,,,13114.girguis.50.s006,,EMP,,,,,gut metagenome,,,,,,living-organism,gut ,,,,
,,,13114.girguis.50.s007,,EMP,,,,,gut metagenome,,,,,,living-organism,gut ,,,,
,,,13114.girguis.50.s008,,EMP,,,,,gut metagenome,,,,,,living-organism,gut ,,,,
,,,13114.girguis.50.s009,,EMP,,,,,gut metagenome,,,,,,living-organism,gut ,,,,
,,,13114.girguis.50.s010,,EMP,,,,,gut metagenome,,,,,,living-organism,gut ,,,,
,,,13114.girguis.50.s011,,EMP,,,,,gut metagenome,,,,,,living-organism,gut ,,,,
,,,13114.girguis.50.s012,,EMP,,,,,gut metagenome,,,,,,living-organism,gut ,,,,
,,,13114.jensen.43.s001,,EMP,,,,,marine sediment metagenome,,,,,,soil,marine ,soil/sediment,,,
,,,13114.jensen.43.s002,,EMP,,,,,marine sediment metagenome,,,,,,soil,marine ,soil/sediment,,,
,,,13114.jensen.43.s003,,EMP,,,,,marine sediment metagenome,,,,,,soil,marine ,soil/sediment,,,
,,,13114.jensen.43.s004,,EMP,,,,,marine sediment metagenome,,,,,,soil,marine ,soil/sediment,,,
,,,13114.jensen.43.s005,,EMP,,,,,marine sediment metagenome,,,,,,soil,marine ,soil/sediment,,,
,,,13114.jensen.43.s006,,EMP,,,,,marine sediment metagenome,,,,,,soil,marine ,soil/sediment,,,
,,,13114.jensen.43.s007,,EMP,,,,,marine sediment metagenome,,,,,,soil,marine ,soil/sediment,,,
,,,13114.jensen.43.s008,,EMP,,,,,marine sediment metagenome,,,,,,soil,marine ,soil/sediment,,,
,,,13114.jensen.43.s009,,EMP,,,,,marine sediment metagenome,,,,,,soil,marine ,soil/sediment,,,
,,,13114.jensen.43.s010,,EMP,,,,,marine sediment metagenome,,,,,,soil,marine ,soil/sediment,,,
,,,13114.jensen.43.s011,,EMP,,,,,marine sediment metagenome,,,,,,soil,marine ,soil/sediment,,,
,,,13114.jensen.43.s012,,EMP,,,,,marine sediment metagenome,,,,,,soil,marine ,soil/sediment,,,
,,,13114.jensen.43.s013,,EMP,,,,,marine sediment metagenome,,,,,,soil,marine ,soil/sediment,,,
,,,13114.jensen.43.s014,,EMP,,,,,marine sediment metagenome,,,,,,soil,marine ,soil/sediment,,,
,,,13114.jensen.43.s015,,EMP,,,,,marine sediment metagenome,,,,,,soil,marine ,soil/sediment,,,
,,,13114.jensen.43.s016,,EMP,,,,,marine sediment metagenome,,,,,,soil,marine ,soil/sediment,,,
,,,13114.jensen.43.s017,,EMP,,,,,marine sediment metagenome,,,,,,soil,marine ,soil/sediment,,,
,,,13114.jensen.43.s018,,EMP,,,,,marine sediment metagenome,,,,,,soil,marine ,soil/sediment,,,
,,,13114.jensen.43.s019,,EMP,,,,,marine sediment metagenome,,,,,,soil,marine ,soil/sediment,,,
,,,13114.king.27.s001,,EMP,,,,,soil metagenome,,,,,,soil,soil,soil/sediment,,,
,,,13114.king.27.s002,,EMP,,,,,soil metagenome,,,,,,soil,soil,soil/sediment,,,
,,,13114.king.27.s003,,EMP,,,,,soil metagenome,,,,,,soil,soil,soil/sediment,,,
,,,13114.king.27.s004,,EMP,,,,,soil metagenome,,,,,,soil,soil,soil/sediment,,,
,,,13114.king.27.s005,,EMP,,,,,soil metagenome,,,,,,soil,soil,soil/sediment,,,
,,,13114.king.27.s006,,EMP,,,,,soil metagenome,,,,,,soil,soil,soil/sediment,,,
,,,13114.king.27.s007,,EMP,,,,,soil metagenome,,,,,,soil,soil,soil/sediment,,,
,,,13114.king.27.s008,,EMP,,,,,soil metagenome,,,,,,soil,soil,soil/sediment,,,
,,,13114.king.27.s009,,EMP,,,,,soil metagenome,,,,,,soil,soil,soil/sediment,,,
,,,13114.king.27.s010,,EMP,,,,,soil metagenome,,,,,,soil,soil,soil/sediment,,,
,,,13114.king.27.s011,,EMP,,,,,soil metagenome,,,,,,soil,soil,soil/sediment,,,
,,,13114.king.27.s012,,EMP,,,,,soil metagenome,,,,,,soil,soil,soil/sediment,,,
,,,13114.king.27.s013,,EMP,,,,,soil metagenome,,,,,,soil,soil,soil/sediment,,,
,,,13114.king.27.s014,,EMP,,,,,soil metagenome,,,,,,soil,soil,soil/sediment,,,
,,,13114.king.27.s015,,EMP,,,,,soil metagenome,,,,,,soil,soil,soil/sediment,,,
,,,13114.king.27.s016,,EMP,,,,,soil metagenome,,,,,,soil,soil,soil/sediment,,,
,,,13114.king.27.s017,,EMP,,,,,soil metagenome,,,,,,soil,soil,soil/sediment,,,
,,,13114.king.27.s018,,EMP,,,,,soil metagenome,,,,,,soil,soil,soil/sediment,,,
,,,13114.king.27.s019,,EMP,,,,,soil metagenome,,,,,,soil,soil,soil/sediment,,,
,,,13114.king.27.s020,,EMP,,,,,soil metagenome,,,,,,soil,soil,soil/sediment,,,
,,,13114.king.27.s021,,EMP,,,,,soil metagenome,,,,,,soil,soil,soil/sediment,,,
,,,13114.macrae.crerar.3.s001,,EMP,,,,,soil metagenome,,,,,,soil,soil,soil/sediment,,,
,,,13114.macrae.crerar.3.s002,,EMP,,,,,soil metagenome,,,,,,soil,soil,soil/sediment,,,
,,,13114.macrae.crerar.3.s003,,EMP,,,,,soil metagenome,,,,,,soil,soil,soil/sediment,,,
,,,13114.macrae.crerar.3.s004,,EMP,,,,,soil metagenome,,,,,,soil,soil,soil/sediment,,,
,,,13114.macrae.crerar.3.s005,,EMP,,,,,soil metagenome,,,,,,soil,soil,soil/sediment,,,
,,,13114.macrae.crerar.3.s006,,EMP,,,,,soil metagenome,,,,,,soil,soil,soil/sediment,,,
,,,13114.macrae.crerar.3.s007,,EMP,,,,,soil metagenome,,,,,,soil,soil,soil/sediment,,,
,,,13114.macrae.crerar.3.s008,,EMP,,,,,soil metagenome,,,,,,soil,soil,soil/sediment,,,
,,,13114.macrae.crerar.3.s009,,EMP,,,,,soil metagenome,,,,,,soil,soil,soil/sediment,,,
,,,13114.macrae.crerar.3.s010,,EMP,,,,,soil metagenome,,,,,,soil,soil,soil/sediment,,,
,,,13114.macrae.crerar.3.s011,,EMP,,,,,soil metagenome,,,,,,soil,soil,soil/sediment,,,
,,,13114.macrae.crerar.3.s012,,EMP,,,,,soil metagenome,,,,,,soil,soil,soil/sediment,,,
,,,13114.makhalanyane.46.s001,,EMP,,,,,soil metagenome,,,,,,soil,soil,soil/sediment,,,
,,,13114.makhalanyane.46.s002,,EMP,,,,,soil metagenome,,,,,,soil,soil,soil/sediment,,,
,,,13114.makhalanyane.46.s003,,EMP,,,,,soil metagenome,,,,,,soil,soil,soil/sediment,,,
,,,13114.makhalanyane.46.s004,,EMP,,,,,soil metagenome,,,,,,soil,soil,soil/sediment,,,
,,,13114.makhalanyane.46.s005,,EMP,,,,,soil metagenome,,,,,,soil,soil,soil/sediment,,,
,,,13114.makhalanyane.46.s006,,EMP,,,,,soil metagenome,,,,,,soil,soil,soil/sediment,,,
,,,13114.makhalanyane.46.s007,,EMP,,,,,soil metagenome,,,,,,soil,soil,soil/sediment,,,
,,,13114.makhalanyane.46.s008,,EMP,,,,,soil metagenome,,,,,,soil,soil,soil/sediment,,,
,,,13114.makhalanyane.46.s009,,EMP,,,,,soil metagenome,,,,,,soil,soil,soil/sediment,,,
,,,13114.makhalanyane.46.s010,,EMP,,,,,soil metagenome,,,,,,soil,soil,soil/sediment,,,
,,,13114.makhalanyane.47.s001,,EMP,,,,,sand metagenome,,,,,,soil,sand,soil/sediment,,,
,,,13114.makhalanyane.47.s002,,EMP,,,,,sand metagenome,,,,,,soil,sand,soil/sediment,,,
,,,13114.makhalanyane.47.s003,,EMP,,,,,sand metagenome,,,,,,soil,sand,soil/sediment,,,
,,,13114.makhalanyane.47.s004,,EMP,,,,,sand metagenome,,,,,,soil,sand,soil/sediment,,,
,,,13114.makhalanyane.47.s005,,EMP,,,,,sand metagenome,,,,,,soil,sand,soil/sediment,,,
,,,13114.makhalanyane.47.s006,,EMP,,,,,sand metagenome,,,,,,soil,sand,soil/sediment,,,
,,,13114.makhalanyane.47.s007,,EMP,,,,,sand metagenome,,,,,,soil,sand,soil/sediment,,,
,,,13114.makhalanyane.47.s008,,EMP,,,,,sand metagenome,,,,,,soil,sand,soil/sediment,,,
,,,13114.makhalanyane.47.s009,,EMP,,,,,sand metagenome,,,,,,soil,sand,soil/sediment,,,
,,,13114.mayer.33.s001,,EMP,,,,,freshwater sediment metagenome,,,,,,water,freshwater,soil/sediment,,,
,,,13114.mayer.33.s002,,EMP,,,,,freshwater sediment metagenome,,,,,,water,freshwater,soil/sediment,,,
,,,13114.mayer.33.s003,,EMP,,,,,freshwater sediment metagenome,,,,,,water,freshwater,soil/sediment,,,
,,,13114.mayer.33.s004,,EMP,,,,,freshwater sediment metagenome,,,,,,water,freshwater,soil/sediment,,,
,,,13114.mayer.33.s005,,EMP,,,,,freshwater sediment metagenome,,,,,,water,freshwater,soil/sediment,,,
,,,13114.mayer.33.s006,,EMP,,,,,freshwater sediment metagenome,,,,,,water,freshwater,soil/sediment,,,
,,,13114.mayer.33.s007,,EMP,,,,,freshwater sediment metagenome,,,,,,water,freshwater,soil/sediment,,,
,,,13114.mayer.34.s001,,EMP,,,,,freshwater sediment metagenome,,,,,,water,freshwater,soil/sediment,,,
,,,13114.mayer.34.s002,,EMP,,,,,freshwater sediment metagenome,,,,,,water,freshwater,soil/sediment,,,
,,,13114.mayer.34.s003,,EMP,,,,,freshwater sediment metagenome,,,,,,water,freshwater,soil/sediment,,,
,,,13114.mayer.34.s004,,EMP,,,,,freshwater sediment metagenome,,,,,,water,freshwater,soil/sediment,,,
,,,13114.mayer.34.s005,,EMP,,,,,freshwater sediment metagenome,,,,,,water,freshwater,soil/sediment,,,
,,,13114.mayer.34.s006,,EMP,,,,,freshwater sediment metagenome,,,,,,water,freshwater,soil/sediment,,,
,,,13114.mayer.34.s007,,EMP,,,,,freshwater sediment metagenome,,,,,,water,freshwater,soil/sediment,,,
,,,13114.mayer.34.s008,,EMP,,,,,freshwater sediment metagenome,,,,,,water,freshwater,soil/sediment,,,
,,,13114.mayer.34.s009,,EMP,,,,,freshwater sediment metagenome,,,,,,water,freshwater,soil/sediment,,,
,,,13114.mayer.34.s010,,EMP,,,,,freshwater sediment metagenome,,,,,,water,freshwater,soil/sediment,,,
,,,13114.mcmahon.21.s001,,EMP,,,,,activated sludge metagenome,,,,,,sludge,activated sludge ,,,,
,,,13114.mcmahon.21.s002,,EMP,,,,,activated sludge metagenome,,,,,,sludge,activated sludge ,,,,
,,,13114.mcmahon.21.s003,,EMP,,,,,activated sludge metagenome,,,,,,sludge,activated sludge ,,,,
,,,13114.mcmahon.21.s004,,EMP,,,,,activated sludge metagenome,,,,,,sludge,activated sludge ,,,,
,,,13114.mcmahon.21.s005,,EMP,,,,,activated sludge metagenome,,,,,,sludge,activated sludge ,,,,
,,,13114.mcmahon.21.s006,,EMP,,,,,activated sludge metagenome,,,,,,sludge,activated sludge ,,,,
,,,13114.mcmahon.21.s007,,EMP,,,,,activated sludge metagenome,,,,,,sludge,activated sludge ,,,,
,,,13114.mcmahon.21.s008,,EMP,,,,,activated sludge metagenome,,,,,,sludge,activated sludge ,,,,
,,,13114.mcmahon.21.s009,,EMP,,,,,activated sludge metagenome,,,,,,sludge,activated sludge ,,,,
,,,13114.mcmahon.21.s010,,EMP,,,,,activated sludge metagenome,,,,,,sludge,activated sludge ,,,,
,,,13114.mcmahon.21.s011,,EMP,,,,,activated sludge metagenome,,,,,,sludge,activated sludge ,,,,
,,,13114.mcmahon.21.s012,,EMP,,,,,activated sludge metagenome,,,,,,sludge,activated sludge ,,,,
,,,13114.mcmahon.21.s013,,EMP,,,,,activated sludge metagenome,,,,,,sludge,activated sludge ,,,,
,,,13114.mcmahon.21.s014,,EMP,,,,,activated sludge metagenome,,,,,,sludge,activated sludge ,,,,
,,,13114.mcmahon.21.s015,,EMP,,,,,activated sludge metagenome,,,,,,sludge,activated sludge ,,,,
,,,13114.mcmahon.21.s016,,EMP,,,,,activated sludge metagenome,,,,,,sludge,activated sludge ,,,,
,,,13114.mcmahon.21.s017,,EMP,,,,,activated sludge metagenome,,,,,,sludge,activated sludge ,,,,
,,,13114.metcalf.40.s001,,EMP,,,,,soil metagenome,,,,,,soil,soil,soil/sediment,,,
,,,13114.metcalf.40.s002,,EMP,,,,,soil metagenome,,,,,,soil,soil,soil/sediment,,,
,,,13114.metcalf.40.s003,,EMP,,,,,soil metagenome,,,,,,soil,soil,soil/sediment,,,
,,,13114.metcalf.40.s004,,EMP,,,,,soil metagenome,,,,,,soil,soil,soil/sediment,,,
,,,13114.metcalf.40.s005,,EMP,,,,,soil metagenome,,,,,,soil,soil,soil/sediment,,,
,,,13114.metcalf.40.s006,,EMP,,,,,soil metagenome,,,,,,soil,soil,soil/sediment,,,
,,,13114.metcalf.40.s007,,EMP,,,,,soil metagenome,,,,,,soil,soil,soil/sediment,,,
,,,13114.metcalf.40.s008,,EMP,,,,,soil metagenome,,,,,,soil,soil,soil/sediment,,,
,,,13114.metcalf.40.s009,,EMP,,,,,soil metagenome,,,,,,soil,soil,soil/sediment,,,
,,,13114.metcalf.40.s010,,EMP,,,,,soil metagenome,,,,,,soil,soil,soil/sediment,,,
,,,13114.metcalf.40.s011,,EMP,,,,,soil metagenome,,,,,,soil,soil,soil/sediment,,,
,,,13114.metcalf.40.s012,,EMP,,,,,soil metagenome,,,,,,soil,soil,soil/sediment,,,
,,,13114.metcalf.40.s013,,EMP,,,,,soil metagenome,,,,,,soil,soil,soil/sediment,,,
,,,13114.metcalf.40.s014,,EMP,,,,,soil metagenome,,,,,,soil,soil,soil/sediment,,,
,,,13114.metcalf.81.s001,,EMP,,,,,mouse skin metagenome,,,,,,living-organism,mouse skin,,,,
,,,13114.metcalf.81.s002,,EMP,,,,,mouse skin metagenome,,,,,,living-organism,mouse skin,,,,
,,,13114.metcalf.81.s003,,EMP,,,,,mouse skin metagenome,,,,,,living-organism,mouse skin,,,,
,,,13114.minich.76.s001,,EMP,,,,,gut metagenome,,,,,,living-organism,gut ,,,,
,,,13114.minich.76.s002,,EMP,,,,,gut metagenome,,,,,,living-organism,gut ,,,,
,,,13114.minich.76.s003,,EMP,,,,,gut metagenome,,,,,,living-organism,gut ,,,,
,,,13114.minich.76.s004,,EMP,,,,,gut metagenome,,,,,,living-organism,gut ,,,,
,,,13114.minich.76.s005,,EMP,,,,,gut metagenome,,,,,,living-organism,gut ,,,,
,,,13114.minich.76.s006,,EMP,,,,,gut metagenome,,,,,,living-organism,gut ,,,,
,,,13114.mousseau.88.s001,,EMP,,,,,gut metagenome,,,,,,living-organism,gut ,,,,
,,,13114.mousseau.88.s002,,EMP,,,,,gut metagenome,,,,,,living-organism,gut ,,,,
,,,13114.mousseau.88.s003,,EMP,,,,,gut metagenome,,,,,,living-organism,gut ,,,,
,,,13114.mousseau.88.s004,,EMP,,,,,gut metagenome,,,,,,living-organism,gut ,,,,
,,,13114.mousseau.88.s005,,EMP,,,,,gut metagenome,,,,,,living-organism,gut ,,,,
,,,13114.mousseau.88.s006,,EMP,,,,,gut metagenome,,,,,,living-organism,gut ,,,,
,,,13114.mousseau.88.s007,,EMP,,,,,gut metagenome,,,,,,living-organism,gut ,,,,
,,,13114.mousseau.88.s008,,EMP,,,,,gut metagenome,,,,,,living-organism,gut ,,,,
,,,13114.mousseau.88.s009,,EMP,,,,,gut metagenome,,,,,,living-organism,gut ,,,,
,,,13114.mousseau.88.s010,,EMP,,,,,gut metagenome,,,,,,living-organism,gut ,,,,
,,,13114.mousseau.88.s011,,EMP,,,,,gut metagenome,,,,,,living-organism,gut ,,,,
,,,13114.mousseau.88.s012,,EMP,,,,,gut metagenome,,,,,,living-organism,gut ,,,,
,,,13114.mousseau.88.s013,,EMP,,,,,gut metagenome,,,,,,living-organism,gut ,,,,
,,,13114.mousseau.88.s014,,EMP,,,,,gut metagenome,,,,,,living-organism,gut ,,,,
,,,13114.mousseau.88.s015,,EMP,,,,,gut metagenome,,,,,,living-organism,gut ,,,,
,,,13114.mousseau.88.s016,,EMP,,,,,gut metagenome,,,,,,living-organism,gut ,,,,
,,,13114.mousseau.88.s017,,EMP,,,,,gut metagenome,,,,,,living-organism,gut ,,,,
,,,13114.mousseau.88.s018,,EMP,,,,,gut metagenome,,,,,,living-organism,gut ,,,,
,,,13114.mousseau.88.s019,,EMP,,,,,gut metagenome,,,,,,living-organism,gut ,,,,
,,,13114.mousseau.88.s020,,EMP,,,,,gut metagenome,,,,,,living-organism,gut ,,,,
,,,13114.mousseau.88.s021,,EMP,,,,,gut metagenome,,,,,,living-organism,gut ,,,,
,,,13114.mousseau.88.s022,,EMP,,,,,gut metagenome,,,,,,living-organism,gut ,,,,
,,,13114.mousseau.88.s023,,EMP,,,,,gut metagenome,,,,,,living-organism,gut ,,,,
,,,13114.mousseau.88.s024,,EMP,,,,,gut metagenome,,,,,,living-organism,gut ,,,,
,,,13114.mousseau.88.s025,,EMP,,,,,gut metagenome,,,,,,living-organism,gut ,,,,
,,,13114.mousseau.88.s026,,EMP,,,,,gut metagenome,,,,,,living-organism,gut ,,,,
,,,13114.mousseau.88.s027,,EMP,,,,,gut metagenome,,,,,,living-organism,gut ,,,,
,,,13114.mousseau.88.s028,,EMP,,,,,gut metagenome,,,,,,living-organism,gut ,,,,
,,,13114.mousseau.88.s029,,EMP,,,,,gut metagenome,,,,,,living-organism,gut ,,,,
,,,13114.mousseau.88.s030,,EMP,,,,,gut metagenome,,,,,,living-organism,gut ,,,,
,,,13114.mousseau.88.s031,,EMP,,,,,gut metagenome,,,,,,living-organism,gut ,,,,
,,,13114.mousseau.88.s032,,EMP,,,,,gut metagenome,,,,,,living-organism,gut ,,,,
,,,13114.mousseau.88.s033,,EMP,,,,,gut metagenome,,,,,,living-organism,gut ,,,,
,,,13114.mousseau.88.s034,,EMP,,,,,gut metagenome,,,,,,living-organism,gut ,,,,
,,,13114.mousseau.88.s035,,EMP,,,,,gut metagenome,,,,,,living-organism,gut ,,,,
,,,13114.mousseau.88.s036,,EMP,,,,,gut metagenome,,,,,,living-organism,gut ,,,,
,,,13114.mousseau.88.s037,,EMP,,,,,gut metagenome,,,,,,living-organism,gut ,,,,
,,,13114.mousseau.88.s039,,EMP,,,,,gut metagenome,,,,,,living-organism,gut ,,,,
,,,13114.mousseau.88.s040,,EMP,,,,,gut metagenome,,,,,,living-organism,gut ,,,,
,,,13114.mousseau.88.s041,,EMP,,,,,gut metagenome,,,,,,living-organism,gut ,,,,
,,,13114.mousseau.88.s042,,EMP,,,,,gut metagenome,,,,,,living-organism,gut ,,,,
,,,13114.mousseau.88.s043,,EMP,,,,,gut metagenome,,,,,,living-organism,gut ,,,,
,,,13114.mousseau.88.s044,,EMP,,,,,gut metagenome,,,,,,living-organism,gut ,,,,
,,,13114.mousseau.88.s045,,EMP,,,,,gut metagenome,,,,,,living-organism,gut ,,,,
,,,13114.mousseau.88.s046,,EMP,,,,,gut metagenome,,,,,,living-organism,gut ,,,,
,,,13114.mousseau.88.s047,,EMP,,,,,gut metagenome,,,,,,living-organism,gut ,,,,
,,,13114.mousseau.88.s048,,EMP,,,,,gut metagenome,,,,,,living-organism,gut ,,,,
,,,13114.mousseau.88.s049,,EMP,,,,,gut metagenome,,,,,,living-organism,gut ,,,,
,,,13114.mousseau.88.s050,,EMP,,,,,gut metagenome,,,,,,living-organism,gut ,,,,
,,,13114.mousseau.88.s051,,EMP,,,,,gut metagenome,,,,,,living-organism,gut ,,,,
,,,13114.mousseau.88.s052,,EMP,,,,,gut metagenome,,,,,,living-organism,gut ,,,,
,,,13114.mousseau.88.s053,,EMP,,,,,gut metagenome,,,,,,living-organism,gut ,,,,
,,,13114.mousseau.88.s054,,EMP,,,,,gut metagenome,,,,,,living-organism,gut ,,,,
,,,13114.mousseau.88.s055,,EMP,,,,,gut metagenome,,,,,,living-organism,gut ,,,,
,,,13114.mousseau.88.s056,,EMP,,,,,gut metagenome,,,,,,living-organism,gut ,,,,
,,,13114.mousseau.88.s057,,EMP,,,,,gut metagenome,,,,,,living-organism,gut ,,,,
,,,13114.mousseau.88.s058,,EMP,,,,,gut metagenome,,,,,,living-organism,gut ,,,,
,,,13114.mousseau.88.s059,,EMP,,,,,gut metagenome,,,,,,living-organism,gut ,,,,
,,,13114.mousseau.88.s061,,EMP,,,,,gut metagenome,,,,,,living-organism,gut ,,,,
,,,13114.mousseau.88.s062,,EMP,,,,,gut metagenome,,,,,,living-organism,gut ,,,,
,,,13114.mousseau.88.s063,,EMP,,,,,gut metagenome,,,,,,living-organism,gut ,,,,
,,,13114.mousseau.88.s064,,EMP,,,,,gut metagenome,,,,,,living-organism,gut ,,,,
,,,13114.mousseau.88.s065,,EMP,,,,,gut metagenome,,,,,,living-organism,gut ,,,,
,,,13114.mousseau.88.s066,,EMP,,,,,gut metagenome,,,,,,living-organism,gut ,,,,
,,,13114.mousseau.88.s067,,EMP,,,,,gut metagenome,,,,,,living-organism,gut ,,,,
,,,13114.mousseau.88.s068,,EMP,,,,,gut metagenome,,,,,,living-organism,gut ,,,,
,,,13114.mousseau.88.s069,,EMP,,,,,gut metagenome,,,,,,living-organism,gut ,,,,
,,,13114.mousseau.88.s070,,EMP,,,,,gut metagenome,,,,,,living-organism,gut ,,,,
,,,13114.mousseau.88.s071,,EMP,,,,,gut metagenome,,,,,,living-organism,gut ,,,,
,,,13114.mousseau.88.s072,,EMP,,,,,gut metagenome,,,,,,living-organism,gut ,,,,
,,,13114.mousseau.88.s073,,EMP,,,,,gut metagenome,,,,,,living-organism,gut ,,,,
,,,13114.mousseau.88.s074,,EMP,,,,,gut metagenome,,,,,,living-organism,gut ,,,,
,,,13114.mousseau.88.s075,,EMP,,,,,gut metagenome,,,,,,living-organism,gut ,,,,
,,,13114.mousseau.88.s076,,EMP,,,,,gut metagenome,,,,,,living-organism,gut ,,,,
,,,13114.mousseau.88.s077,,EMP,,,,,gut metagenome,,,,,,living-organism,gut ,,,,
,,,13114.mousseau.88.s078,,EMP,,,,,gut metagenome,,,,,,living-organism,gut ,,,,
,,,13114.mousseau.88.s079,,EMP,,,,,gut metagenome,,,,,,living-organism,gut ,,,,
,,,13114.mousseau.88.s080,,EMP,,,,,gut metagenome,,,,,,living-organism,gut ,,,,
,,,13114.mousseau.88.s081,,EMP,,,,,gut metagenome,,,,,,living-organism,gut ,,,,
,,,13114.mousseau.88.s082,,EMP,,,,,gut metagenome,,,,,,living-organism,gut ,,,,
,,,13114.mousseau.88.s083,,EMP,,,,,gut metagenome,,,,,,living-organism,gut ,,,,
,,,13114.mousseau.88.s084,,EMP,,,,,gut metagenome,,,,,,living-organism,gut ,,,,
,,,13114.mousseau.88.s085,,EMP,,,,,gut metagenome,,,,,,living-organism,gut ,,,,
,,,13114.mousseau.88.s086,,EMP,,,,,gut metagenome,,,,,,living-organism,gut ,,,,
,,,13114.mousseau.88.s087,,EMP,,,,,gut metagenome,,,,,,living-organism,gut ,,,,
,,,13114.mousseau.88.s088,,EMP,,,,,gut metagenome,,,,,,living-organism,gut ,,,,
,,,13114.mousseau.88.s089,,EMP,,,,,gut metagenome,,,,,,living-organism,gut ,,,,
,,,13114.mousseau.88.s090,,EMP,,,,,gut metagenome,,,,,,living-organism,gut ,,,,
,,,13114.mousseau.88.s091,,EMP,,,,,gut metagenome,,,,,,living-organism,gut ,,,,
,,,13114.mousseau.88.s092,,EMP,,,,,gut metagenome,,,,,,living-organism,gut ,,,,
,,,13114.mousseau.88.s093,,EMP,,,,,gut metagenome,,,,,,living-organism,gut ,,,,
,,,13114.mousseau.88.s094,,EMP,,,,,gut metagenome,,,,,,living-organism,gut ,,,,
,,,13114.mousseau.88.s095,,EMP,,,,,gut metagenome,,,,,,living-organism,gut ,,,,
,,,13114.mousseau.88.s096,,EMP,,,,,gut metagenome,,,,,,living-organism,gut ,,,,
,,,13114.mousseau.88.s097,,EMP,,,,,gut metagenome,,,,,,living-organism,gut ,,,,
,,,13114.mousseau.88.s098,,EMP,,,,,gut metagenome,,,,,,living-organism,gut ,,,,
,,,13114.mousseau.88.s099,,EMP,,,,,gut metagenome,,,,,,living-organism,gut ,,,,
,,,13114.mousseau.88.s100,,EMP,,,,,gut metagenome,,,,,,living-organism,gut ,,,,
,,,13114.mousseau.88.s101,,EMP,,,,,gut metagenome,,,,,,living-organism,gut ,,,,
,,,13114.mousseau.88.s102,,EMP,,,,,gut metagenome,,,,,,living-organism,gut ,,,,
,,,13114.mousseau.88.s103,,EMP,,,,,gut metagenome,,,,,,living-organism,gut ,,,,
,,,13114.mousseau.88.s104,,EMP,,,,,gut metagenome,,,,,,living-organism,gut ,,,,
,,,13114.mousseau.88.s105,,EMP,,,,,gut metagenome,,,,,,living-organism,gut ,,,,
,,,13114.mousseau.88.s106,,EMP,,,,,gut metagenome,,,,,,living-organism,gut ,,,,
,,,13114.mousseau.88.s107,,EMP,,,,,gut metagenome,,,,,,living-organism,gut ,,,,
,,,13114.mousseau.88.s108,,EMP,,,,,gut metagenome,,,,,,living-organism,gut ,,,,
,,,13114.mousseau.88.s109,,EMP,,,,,gut metagenome,,,,,,living-organism,gut ,,,,
,,,13114.mousseau.88.s110,,EMP,,,,,gut metagenome,,,,,,living-organism,gut ,,,,
,,,13114.mousseau.88.s111,,EMP,,,,,gut metagenome,,,,,,living-organism,gut ,,,,
,,,13114.mousseau.88.s112,,EMP,,,,,gut metagenome,,,,,,living-organism,gut ,,,,
,,,13114.myrold.5.s001,,EMP,,,,,soil metagenome,,,,,,soil,soil,soil/sediment,,,
,,,13114.myrold.5.s002,,EMP,,,,,soil metagenome,,,,,,soil,soil,soil/sediment,,,
,,,13114.myrold.5.s003,,EMP,,,,,soil metagenome,,,,,,soil,soil,soil/sediment,,,
,,,13114.myrold.5.s004,,EMP,,,,,soil metagenome,,,,,,soil,soil,soil/sediment,,,
,,,13114.myrold.5.s005,,EMP,,,,,soil metagenome,,,,,,soil,soil,soil/sediment,,,
,,,13114.myrold.5.s006,,EMP,,,,,soil metagenome,,,,,,soil,soil,soil/sediment,,,
,,,13114.myrold.5.s007,,EMP,,,,,soil metagenome,,,,,,soil,soil,soil/sediment,,,
,,,13114.myrold.5.s008,,EMP,,,,,soil metagenome,,,,,,soil,soil,soil/sediment,,,
,,,13114.myrold.5.s009,,EMP,,,,,soil metagenome,,,,,,soil,soil,soil/sediment,,,
,,,13114.myrold.5.s010,,EMP,,,,,soil metagenome,,,,,,soil,soil,soil/sediment,,,
,,,13114.myrold.5.s011,,EMP,,,,,soil metagenome,,,,,,soil,soil,soil/sediment,,,
,,,13114.myrold.5.s012,,EMP,,,,,soil metagenome,,,,,,soil,soil,soil/sediment,,,
,,,13114.myrold.59.s001,,EMP,,,,,soil metagenome,,,,,,soil,soil,soil/sediment,,,
,,,13114.myrold.59.s002,,EMP,,,,,soil metagenome,,,,,,soil,soil,soil/sediment,,,
,,,13114.myrold.59.s003,,EMP,,,,,soil metagenome,,,,,,soil,soil,soil/sediment,,,
,,,13114.myrold.59.s004,,EMP,,,,,soil metagenome,,,,,,soil,soil,soil/sediment,,,
,,,13114.myrold.59.s005,,EMP,,,,,soil metagenome,,,,,,soil,soil,soil/sediment,,,
,,,13114.myrold.59.s006,,EMP,,,,,soil metagenome,,,,,,soil,soil,soil/sediment,,,
,,,13114.myrold.59.s007,,EMP,,,,,soil metagenome,,,,,,soil,soil,soil/sediment,,,
,,,13114.myrold.59.s008,,EMP,,,,,soil metagenome,,,,,,soil,soil,soil/sediment,,,
,,,13114.myrold.59.s009,,EMP,,,,,soil metagenome,,,,,,soil,soil,soil/sediment,,,
,,,13114.myrold.59.s010,,EMP,,,,,soil metagenome,,,,,,soil,soil,soil/sediment,,,
,,,13114.myrold.59.s011,,EMP,,,,,soil metagenome,,,,,,soil,soil,soil/sediment,,,
,,,13114.myrold.59.s012,,EMP,,,,,soil metagenome,,,,,,soil,soil,soil/sediment,,,
,,,13114.myrold.59.s013,,EMP,,,,,soil metagenome,,,,,,soil,soil,soil/sediment,,,
,,,13114.myrold.59.s014,,EMP,,,,,soil metagenome,,,,,,soil,soil,soil/sediment,,,
,,,13114.myrold.59.s015,,EMP,,,,,soil metagenome,,,,,,soil,soil,soil/sediment,,,
,,,13114.myrold.59.s016,,EMP,,,,,soil metagenome,,,,,,soil,soil,soil/sediment,,,
,,,13114.myrold.59.s017,,EMP,,,,,soil metagenome,,,,,,soil,soil,soil/sediment,,,
,,,13114.myrold.59.s018,,EMP,,,,,soil metagenome,,,,,,soil,soil,soil/sediment,,,
,,,13114.myrold.59.s019,,EMP,,,,,soil metagenome,,,,,,soil,soil,soil/sediment,,,
,,,13114.myrold.59.s020,,EMP,,,,,soil metagenome,,,,,,soil,soil,soil/sediment,,,
,,,13114.myrold.59.s021,,EMP,,,,,soil metagenome,,,,,,soil,soil,soil/sediment,,,
,,,13114.myrold.59.s022,,EMP,,,,,soil metagenome,,,,,,soil,soil,soil/sediment,,,
,,,13114.palenik.42.s001,,EMP,,,,,marine metagenome,,,,,,water,marine ,,,,
,,,13114.palenik.42.s002,,EMP,,,,,marine metagenome,,,,,,water,marine ,,,,
,,,13114.palenik.42.s003,,EMP,,,,,marine metagenome,,,,,,water,marine ,,,,
,,,13114.palenik.42.s004,,EMP,,,,,marine metagenome,,,,,,water,marine ,,,,
,,,13114.palenik.42.s005,,EMP,,,,,marine metagenome,,,,,,water,marine ,,,,
,,,13114.palenik.42.s006,,EMP,,,,,marine metagenome,,,,,,water,marine ,,,,
,,,13114.palenik.42.s007,,EMP,,,,,marine metagenome,,,,,,water,marine ,,,,
,,,13114.palenik.42.s008,,EMP,,,,,marine metagenome,,,,,,water,marine ,,,,
,,,13114.palenik.42.s009,,EMP,,,,,marine metagenome,,,,,,water,marine ,,,,
,,,13114.palenik.42.s010,,EMP,,,,,marine metagenome,,,,,,water,marine ,,,,
,,,13114.palenik.42.s011,,EMP,,,,,marine metagenome,,,,,,water,marine ,,,,
,,,13114.palenik.42.s012,,EMP,,,,,marine metagenome,,,,,,water,marine ,,,,
,,,13114.palenik.42.s013,,EMP,,,,,marine metagenome,,,,,,water,marine ,,,,
,,,13114.palenik.42.s014,,EMP,,,,,marine metagenome,,,,,,water,marine ,,,,
,,,13114.palenik.42.s015,,EMP,,,,,marine metagenome,,,,,,water,marine ,,,,
,,,13114.palenik.42.s016,,EMP,,,,,marine metagenome,,,,,,water,marine ,,,,
,,,13114.palenik.42.s017,,EMP,,,,,marine metagenome,,,,,,water,marine ,,,,
,,,13114.palenik.42.s018,,EMP,,,,,marine metagenome,,,,,,water,marine ,,,,
,,,13114.palenik.42.s019,,EMP,,,,,marine metagenome,,,,,,water,marine ,,,,
,,,13114.palenik.42.s020,,EMP,,,,,marine metagenome,,,,,,water,marine ,,,,
,,,13114.pinto.63.s001,,EMP,,,,,insect metagenome,,,,,,living-organism,insect ,,,,
,,,13114.pinto.63.s002,,EMP,,,,,insect metagenome,,,,,,living-organism,insect ,,,,
,,,13114.pinto.63.s003,,EMP,,,,,insect metagenome,,,,,,living-organism,insect ,,,,
,,,13114.pinto.63.s004,,EMP,,,,,insect metagenome,,,,,,living-organism,insect ,,,,
,,,13114.pinto.63.s005,,EMP,,,,,insect metagenome,,,,,,living-organism,insect ,,,,
,,,13114.pinto.63.s006,,EMP,,,,,insect metagenome,,,,,,living-organism,insect ,,,,
,,,13114.pinto.63.s007,,EMP,,,,,insect metagenome,,,,,,living-organism,insect ,,,,
,,,13114.pinto.63.s008,,EMP,,,,,insect metagenome,,,,,,living-organism,insect ,,,,
,,,13114.pinto.63.s009,,EMP,,,,,insect metagenome,,,,,,living-organism,insect ,,,,
,,,13114.pinto.63.s010,,EMP,,,,,insect metagenome,,,,,,living-organism,insect ,,,,
,,,13114.pinto.63.s011,,EMP,,,,,insect metagenome,,,,,,living-organism,insect ,,,,
,,,13114.pinto.63.s012,,EMP,,,,,insect metagenome,,,,,,living-organism,insect ,,,,
,,,13114.pinto.63.s013,,EMP,,,,,insect metagenome,,,,,,living-organism,insect ,,,,
,,,13114.pinto.63.s014,,EMP,,,,,insect metagenome,,,,,,living-organism,insect ,,,,
,,,13114.pinto.63.s015,,EMP,,,,,insect metagenome,,,,,,living-organism,insect ,,,,
,,,13114.pinto.63.s016,,EMP,,,,,insect metagenome,,,,,,living-organism,insect ,,,,
,,,13114.pinto.63.s017,,EMP,,,,,insect metagenome,,,,,,living-organism,insect ,,,,
,,,13114.pinto.63.s018,,EMP,,,,,insect metagenome,,,,,,living-organism,insect ,,,,
,,,13114.pinto.63.s019,,EMP,,,,,insect metagenome,,,,,,living-organism,insect ,,,,
,,,13114.pinto.63.s020,,EMP,,,,,insect metagenome,,,,,,living-organism,insect ,,,,
,,,13114.pinto.63.s021,,EMP,,,,,insect metagenome,,,,,,living-organism,insect ,,,,
,,,13114.pinto.63.s022,,EMP,,,,,insect metagenome,,,,,,living-organism,insect ,,,,
,,,13114.pinto.63.s023,,EMP,,,,,insect metagenome,,,,,,living-organism,insect ,,,,
,,,13114.pinto.63.s024,,EMP,,,,,insect metagenome,,,,,,living-organism,insect ,,,,
,,,13114.pinto.63.s025,,EMP,,,,,insect metagenome,,,,,,living-organism,insect ,,,,
,,,13114.pinto.63.s026,,EMP,,,,,insect metagenome,,,,,,living-organism,insect ,,,,
,,,13114.pinto.63.s027,,EMP,,,,,insect metagenome,,,,,,living-organism,insect ,,,,
,,,13114.pinto.63.s028,,EMP,,,,,insect metagenome,,,,,,living-organism,insect ,,,,
,,,13114.rohwer.84.s001,,EMP,,,,,soil metagenome,,,,,,soil,soil,soil/sediment,,,
,,,13114.rohwer.84.s002,,EMP,,,,,soil metagenome,,,,,,soil,soil,soil/sediment,,,
,,,13114.rohwer.84.s003,,EMP,,,,,soil metagenome,,,,,,soil,soil,soil/sediment,,,
,,,13114.rohwer.84.s004,,EMP,,,,,soil metagenome,,,,,,soil,soil,soil/sediment,,,
,,,13114.rohwer.84.s005,,EMP,,,,,soil metagenome,,,,,,soil,soil,soil/sediment,,,
,,,13114.rohwer.84.s006,,EMP,,,,,soil metagenome,,,,,,soil,soil,soil/sediment,,,
,,,13114.rohwer.84.s007,,EMP,,,,,soil metagenome,,,,,,soil,soil,soil/sediment,,,
,,,13114.rohwer.84.s008,,EMP,,,,,soil metagenome,,,,,,soil,soil,soil/sediment,,,
,,,13114.rohwer.84.s014,,EMP,,,,,soil metagenome,,,,,,soil,soil,soil/sediment,,,
,,,13114.rohwer.85.s001,,EMP,,,,,marine sediment metagenome,,,,,,water,marine ,soil/sediment,,,
,,,13114.rohwer.85.s002,,EMP,,,,,marine sediment metagenome,,,,,,water,marine ,soil/sediment,,,
,,,13114.rohwer.85.s003,,EMP,,,,,marine sediment metagenome,,,,,,water,marine ,soil/sediment,,,
,,,13114.rohwer.85.s004,,EMP,,,,,marine sediment metagenome,,,,,,water,marine ,soil/sediment,,,
,,,13114.rohwer.85.s005,,EMP,,,,,marine sediment metagenome,,,,,,water,marine ,soil/sediment,,,
,,,13114.rohwer.85.s006,,EMP,,,,,marine sediment metagenome,,,,,,water,marine ,soil/sediment,,,
,,,13114.rohwer.85.s007,,EMP,,,,,marine sediment metagenome,,,,,,water,marine ,soil/sediment,,,
,,,13114.rohwer.85.s008,,EMP,,,,,marine sediment metagenome,,,,,,water,marine ,soil/sediment,,,
,,,13114.rohwer.85.s009,,EMP,,,,,marine sediment metagenome,,,,,,water,marine ,soil/sediment,,,
,,,13114.rohwer.85.s010,,EMP,,,,,marine sediment metagenome,,,,,,water,marine ,soil/sediment,,,
,,,13114.rohwer.85.s011,,EMP,,,,,marine sediment metagenome,,,,,,water,marine ,soil/sediment,,,
,,,13114.rohwer.85.s012,,EMP,,,,,marine sediment metagenome,,,,,,water,marine ,soil/sediment,,,
,,,13114.rohwer.85.s013,,EMP,,,,,marine sediment metagenome,,,,,,water,marine ,soil/sediment,,,
,,,13114.rohwer.85.s014,,EMP,,,,,marine sediment metagenome,,,,,,water,marine ,soil/sediment,,,
,,,13114.rohwer.85.s015,,EMP,,,,,marine sediment metagenome,,,,,,water,marine ,soil/sediment,,,
,,,13114.rohwer.85.s016,,EMP,,,,,marine sediment metagenome,,,,,,water,marine ,soil/sediment,,,
,,,13114.rohwer.85.s017,,EMP,,,,,marine sediment metagenome,,,,,,water,marine ,soil/sediment,,,
,,,13114.rohwer.85.s018,,EMP,,,,,marine sediment metagenome,,,,,,water,marine ,soil/sediment,,,
,,,13114.rohwer.85.s019,,EMP,,,,,marine sediment metagenome,,,,,,water,marine ,soil/sediment,,,
,,,13114.rohwer.85.s020,,EMP,,,,,marine sediment metagenome,,,,,,water,marine ,soil/sediment,,,
,,,13114.rohwer.85.s021,,EMP,,,,,marine sediment metagenome,,,,,,water,marine ,soil/sediment,,,
,,,13114.rohwer.85.s022,,EMP,,,,,marine sediment metagenome,,,,,,water,marine ,soil/sediment,,,
,,,13114.rohwer.85.s023,,EMP,,,,,marine sediment metagenome,,,,,,water,marine ,soil/sediment,,,
,,,13114.rohwer.85.s024,,EMP,,,,,marine sediment metagenome,,,,,,water,marine ,soil/sediment,,,
,,,13114.rohwer.85.s025,,EMP,,,,,marine sediment metagenome,,,,,,water,marine ,soil/sediment,,,
,,,13114.rohwer.85.s026,,EMP,,,,,marine sediment metagenome,,,,,,water,marine ,soil/sediment,,,
,,,13114.rohwer.85.s027,,EMP,,,,,marine sediment metagenome,,,,,,water,marine ,soil/sediment,,,
,,,13114.rohwer.86.s001,,EMP,,,,,microbial mat metagenome,,,,,,living-organism,microbial mat,,,,
,,,13114.rohwer.86.s002,,EMP,,,,,marine sediment metagenome,,,,,,water,marine ,soil/sediment,,,
,,,13114.rohwer.86.s003,,EMP,,,,,stromatolite metagenome,,,,,,living-organism,stromatolite ,,,,
,,,13114.roy.chowdhury.45.s001,,EMP,,,,,salt marsh metagenome,,,,,,water,salt marsh,,,,
,,,13114.roy.chowdhury.45.s002,,EMP,,,,,salt marsh metagenome,,,,,,water,salt marsh,,,,
,,,13114.roy.chowdhury.45.s003,,EMP,,,,,salt marsh metagenome,,,,,,water,salt marsh,,,,
,,,13114.roy.chowdhury.45.s004,,EMP,,,,,salt marsh metagenome,,,,,,water,salt marsh,,,,
,,,13114.roy.chowdhury.45.s005,,EMP,,,,,salt marsh metagenome,,,,,,water,salt marsh,,,,
,,,13114.roy.chowdhury.45.s006,,EMP,,,,,salt marsh metagenome,,,,,,water,salt marsh,,,,
,,,13114.roy.chowdhury.45.s007,,EMP,,,,,salt marsh metagenome,,,,,,water,salt marsh,,,,
,,,13114.roy.chowdhury.45.s008,,EMP,,,,,salt marsh metagenome,,,,,,water,salt marsh,,,,
,,,13114.roy.chowdhury.45.s009,,EMP,,,,,salt marsh metagenome,,,,,,water,salt marsh,,,,
,,,13114.roy.chowdhury.45.s010,,EMP,,,,,salt marsh metagenome,,,,,,water,salt marsh,,,,
,,,13114.roy.chowdhury.45.s011,,EMP,,,,,salt marsh metagenome,,,,,,water,salt marsh,,,,
,,,13114.roy.chowdhury.45.s012,,EMP,,,,,salt marsh metagenome,,,,,,water,salt marsh,,,,
,,,13114.roy.chowdhury.45.s013,,EMP,,,,,salt marsh metagenome,,,,,,water,salt marsh,,,,
,,,13114.roy.chowdhury.45.s014,,EMP,,,,,salt marsh metagenome,,,,,,water,salt marsh,,,,
,,,13114.roy.chowdhury.45.s015,,EMP,,,,,salt marsh metagenome,,,,,,water,salt marsh,,,,
,,,13114.roy.chowdhury.45.s016,,EMP,,,,,salt marsh metagenome,,,,,,water,salt marsh,,,,
,,,13114.roy.chowdhury.45.s017,,EMP,,,,,salt marsh metagenome,,,,,,water,salt marsh,,,,
,,,13114.roy.chowdhury.45.s018,,EMP,,,,,salt marsh metagenome,,,,,,water,salt marsh,,,,
,,,13114.roy.chowdhury.45.s019,,EMP,,,,,salt marsh metagenome,,,,,,water,salt marsh,,,,
,,,13114.roy.chowdhury.45.s020,,EMP,,,,,salt marsh metagenome,,,,,,water,salt marsh,,,,
,,,13114.roy.chowdhury.45.s021,,EMP,,,,,salt marsh metagenome,,,,,,water,salt marsh,,,,
,,,13114.roy.chowdhury.45.s022,,EMP,,,,,salt marsh metagenome,,,,,,water,salt marsh,,,,
,,,13114.roy.chowdhury.45.s023,,EMP,,,,,salt marsh metagenome,,,,,,water,salt marsh,,,,
,,,13114.roy.chowdhury.45.s024,,EMP,,,,,salt marsh metagenome,,,,,,water,salt marsh,,,,
,,,13114.sandin.54.s001,,EMP,,,,,gut metagenome,,,,,,living-organism,gut ,,,,
,,,13114.sandin.54.s002,,EMP,,,,,gut metagenome,,,,,,living-organism,gut ,,,,
,,,13114.sandin.54.s003,,EMP,,,,,gut metagenome,,,,,,living-organism,gut ,,,,
,,,13114.sandin.54.s004,,EMP,,,,,gut metagenome,,,,,,living-organism,gut ,,,,
,,,13114.sandin.54.s005,,EMP,,,,,gut metagenome,,,,,,living-organism,gut ,,,,
,,,13114.sandin.54.s006,,EMP,,,,,gut metagenome,,,,,,living-organism,gut ,,,,
,,,13114.sandin.54.s007,,EMP,,,,,gut metagenome,,,,,,living-organism,gut ,,,,
,,,13114.sandin.54.s008,,EMP,,,,,gut metagenome,,,,,,living-organism,gut ,,,,
,,,13114.sandin.54.s009,,EMP,,,,,gut metagenome,,,,,,living-organism,gut ,,,,
,,,13114.sandin.54.s010,,EMP,,,,,gut metagenome,,,,,,living-organism,gut ,,,,
,,,13114.sandin.54.s011,,EMP,,,,,gut metagenome,,,,,,living-organism,gut ,,,,
,,,13114.sandin.54.s012,,EMP,,,,,gut metagenome,,,,,,living-organism,gut ,,,,
,,,13114.sandin.54.s013,,EMP,,,,,gut metagenome,,,,,,living-organism,gut ,,,,
,,,13114.sandin.54.s014,,EMP,,,,,gut metagenome,,,,,,living-organism,gut ,,,,
,,,13114.sandin.54.s015,,EMP,,,,,gut metagenome,,,,,,living-organism,gut ,,,,
,,,13114.schmidt.56.s001,,EMP,,,,,soil metagenome,,,,,,soil,soil,soil/sediment,,,
,,,13114.schmidt.56.s002,,EMP,,,,,soil metagenome,,,,,,soil,soil,soil/sediment,,,
,,,13114.schmidt.56.s003,,EMP,,,,,soil metagenome,,,,,,soil,soil,soil/sediment,,,
,,,13114.schmidt.56.s004,,EMP,,,,,soil metagenome,,,,,,soil,soil,soil/sediment,,,
,,,13114.schmidt.56.s005,,EMP,,,,,soil metagenome,,,,,,soil,soil,soil/sediment,,,
,,,13114.schmidt.56.s006,,EMP,,,,,soil metagenome,,,,,,soil,soil,soil/sediment,,,
,,,13114.schmidt.56.s007,,EMP,,,,,soil metagenome,,,,,,soil,soil,soil/sediment,,,
,,,13114.schmidt.56.s008,,EMP,,,,,soil metagenome,,,,,,soil,soil,soil/sediment,,,
,,,13114.schmidt.56.s009,,EMP,,,,,soil metagenome,,,,,,soil,soil,soil/sediment,,,
,,,13114.schmidt.56.s010,,EMP,,,,,soil metagenome,,,,,,soil,soil,soil/sediment,,,
,,,13114.schmidt.56.s011,,EMP,,,,,soil metagenome,,,,,,soil,soil,soil/sediment,,,
,,,13114.schmidt.56.s012,,EMP,,,,,soil metagenome,,,,,,soil,soil,soil/sediment,,,
,,,13114.schmidt.56.s013,,EMP,,,,,soil metagenome,,,,,,soil,soil,soil/sediment,,,
,,,13114.schmidt.56.s014,,EMP,,,,,soil metagenome,,,,,,soil,soil,soil/sediment,,,
,,,13114.schmidt.56.s015,,EMP,,,,,soil metagenome,,,,,,soil,soil,soil/sediment,,,
,,,13114.schmidt.56.s016,,EMP,,,,,soil metagenome,,,,,,soil,soil,soil/sediment,,,
,,,13114.schmidt.56.s017,,EMP,,,,,soil metagenome,,,,,,soil,soil,soil/sediment,,,
,,,13114.schmidt.56.s018,,EMP,,,,,soil metagenome,,,,,,soil,soil,soil/sediment,,,
,,,13114.schmidt.56.s019,,EMP,,,,,soil metagenome,,,,,,soil,soil,soil/sediment,,,
,,,13114.schmidt.56.s020,,EMP,,,,,soil metagenome,,,,,,soil,soil,soil/sediment,,,
,,,13114.schmidt.56.s021,,EMP,,,,,soil metagenome,,,,,,soil,soil,soil/sediment,,,
,,,13114.schmidt.56.s022,,EMP,,,,,soil metagenome,,,,,,soil,soil,soil/sediment,,,
,,,13114.schmidt.56.s023,,EMP,,,,,soil metagenome,,,,,,soil,soil,soil/sediment,,,
,,,13114.schmidt.56.s024,,EMP,,,,,soil metagenome,,,,,,soil,soil,soil/sediment,,,
,,,13114.schmidt.56.s025,,EMP,,,,,soil metagenome,,,,,,soil,soil,soil/sediment,,,
,,,13114.schmidt.56.s026,,EMP,,,,,soil metagenome,,,,,,soil,soil,soil/sediment,,,
,,,13114.seedorf.71.s001,,EMP,,,,,soil metagenome,,,,,,soil,soil,soil/sediment,,,
,,,13114.seedorf.71.s002,,EMP,,,,,soil metagenome,,,,,,soil,soil,soil/sediment,,,
,,,13114.seedorf.71.s003,,EMP,,,,,soil metagenome,,,,,,soil,soil,soil/sediment,,,
,,,13114.seedorf.71.s004,,EMP,,,,,soil metagenome,,,,,,soil,soil,soil/sediment,,,
,,,13114.seedorf.71.s005,,EMP,,,,,soil metagenome,,,,,,soil,soil,soil/sediment,,,
,,,13114.seedorf.71.s006,,EMP,,,,,soil metagenome,,,,,,soil,soil,soil/sediment,,,
,,,13114.seedorf.71.s007,,EMP,,,,,soil metagenome,,,,,,soil,soil,soil/sediment,,,
,,,13114.seedorf.71.s008,,EMP,,,,,soil metagenome,,,,,,soil,soil,soil/sediment,,,
,,,13114.seedorf.71.s009,,EMP,,,,,soil metagenome,,,,,,soil,soil,soil/sediment,,,
,,,13114.seedorf.71.s010,,EMP,,,,,soil metagenome,,,,,,soil,soil,soil/sediment,,,
,,,13114.seedorf.71.s011,,EMP,,,,,soil metagenome,,,,,,soil,soil,soil/sediment,,,
,,,13114.seedorf.71.s012,,EMP,,,,,soil metagenome,,,,,,soil,soil,soil/sediment,,,
,,,13114.seedorf.71.s013,,EMP,,,,,soil metagenome,,,,,,soil,soil,soil/sediment,,,
,,,13114.seedorf.71.s014,,EMP,,,,,soil metagenome,,,,,,soil,soil,soil/sediment,,,
,,,13114.shade.23.s001,,EMP,,,,,soil metagenome,,,,,,soil,soil,soil/sediment,,,
,,,13114.shade.23.s002,,EMP,,,,,soil metagenome,,,,,,soil,soil,soil/sediment,,,
,,,13114.shade.23.s003,,EMP,,,,,soil metagenome,,,,,,soil,soil,soil/sediment,,,
,,,13114.shade.23.s004,,EMP,,,,,soil metagenome,,,,,,soil,soil,soil/sediment,,,
,,,13114.shade.23.s005,,EMP,,,,,soil metagenome,,,,,,soil,soil,soil/sediment,,,
,,,13114.shade.23.s006,,EMP,,,,,soil metagenome,,,,,,soil,soil,soil/sediment,,,
,,,13114.shade.23.s007,,EMP,,,,,soil metagenome,,,,,,soil,soil,soil/sediment,,,
,,,13114.shade.23.s008,,EMP,,,,,soil metagenome,,,,,,soil,soil,soil/sediment,,,
,,,13114.shade.23.s009,,EMP,,,,,soil metagenome,,,,,,soil,soil,soil/sediment,,,
,,,13114.shade.23.s010,,EMP,,,,,soil metagenome,,,,,,soil,soil,soil/sediment,,,
,,,13114.smith.39.s001,,EMP,,,,,algae metagenome,,,,,,living-organism,algae ,,,,
,,,13114.smith.39.s002,,EMP,,,,,algae metagenome,,,,,,living-organism,algae ,,,,
,,,13114.smith.39.s003,,EMP,,,,,algae metagenome,,,,,,living-organism,algae ,,,,
,,,13114.smith.39.s004,,EMP,,,,,algae metagenome,,,,,,living-organism,algae ,,,,
,,,13114.smith.39.s005,,EMP,,,,,algae metagenome,,,,,,living-organism,algae ,,,,
,,,13114.smith.39.s006,,EMP,,,,,algae metagenome,,,,,,living-organism,algae ,,,,
,,,13114.smith.39.s007,,EMP,,,,,algae metagenome,,,,,,living-organism,algae ,,,,
,,,13114.smith.39.s008,,EMP,,,,,algae metagenome,,,,,,living-organism,algae ,,,,
,,,13114.song.51.s001,,EMP,,,,,gut metagenome,,,,,,living-organism,gut ,,,,
,,,13114.song.51.s002,,EMP,,,,,gut metagenome,,,,,,living-organism,gut ,,,,
,,,13114.song.51.s003,,EMP,,,,,gut metagenome,,,,,,living-organism,gut ,,,,
,,,13114.song.51.s004,,EMP,,,,,gut metagenome,,,,,,living-organism,gut ,,,,
,,,13114.song.51.s005,,EMP,,,,,gut metagenome,,,,,,living-organism,gut ,,,,
,,,13114.song.51.s006,,EMP,,,,,gut metagenome,,,,,,living-organism,gut ,,,,
,,,13114.song.51.s007,,EMP,,,,,gut metagenome,,,,,,living-organism,gut ,,,,
,,,13114.song.51.s008,,EMP,,,,,gut metagenome,,,,,,living-organism,gut ,,,,
,,,13114.song.51.s009,,EMP,,,,,gut metagenome,,,,,,living-organism,gut ,,,,
,,,13114.song.51.s010,,EMP,,,,,gut metagenome,,,,,,living-organism,gut ,,,,
,,,13114.song.51.s011,,EMP,,,,,gut metagenome,,,,,,living-organism,gut ,,,,
,,,13114.song.51.s012,,EMP,,,,,gut metagenome,,,,,,living-organism,gut ,,,,
,,,13114.song.51.s013,,EMP,,,,,gut metagenome,,,,,,living-organism,gut ,,,,
,,,13114.song.51.s014,,EMP,,,,,gut metagenome,,,,,,living-organism,gut ,,,,
,,,13114.song.51.s015,,EMP,,,,,gut metagenome,,,,,,living-organism,gut ,,,,
,,,13114.song.51.s016,,EMP,,,,,gut metagenome,,,,,,living-organism,gut ,,,,
,,,13114.song.51.s017,,EMP,,,,,gut metagenome,,,,,,living-organism,gut ,,,,
,,,13114.song.51.s018,,EMP,,,,,gut metagenome,,,,,,living-organism,gut ,,,,
,,,13114.song.51.s019,,EMP,,,,,gut metagenome,,,,,,living-organism,gut ,,,,
,,,13114.song.51.s020,,EMP,,,,,gut metagenome,,,,,,living-organism,gut ,,,,
,,,13114.song.52.s001,,EMP,,,,,gut metagenome,,,,,,living-organism,gut ,,,,
,,,13114.song.52.s002,,EMP,,,,,gut metagenome,,,,,,living-organism,gut ,,,,
,,,13114.song.52.s003,,EMP,,,,,gut metagenome,,,,,,living-organism,gut ,,,,
,,,13114.song.52.s004,,EMP,,,,,gut metagenome,,,,,,living-organism,gut ,,,,
,,,13114.song.52.s005,,EMP,,,,,gut metagenome,,,,,,living-organism,gut ,,,,
,,,13114.song.52.s006,,EMP,,,,,gut metagenome,,,,,,living-organism,gut ,,,,
,,,13114.song.52.s007,,EMP,,,,,gut metagenome,,,,,,living-organism,gut ,,,,
,,,13114.song.52.s008,,EMP,,,,,gut metagenome,,,,,,living-organism,gut ,,,,
,,,13114.song.52.s009,,EMP,,,,,gut metagenome,,,,,,living-organism,gut ,,,,
,,,13114.song.52.s010,,EMP,,,,,gut metagenome,,,,,,living-organism,gut ,,,,
,,,13114.song.52.s011,,EMP,,,,,gut metagenome,,,,,,living-organism,gut ,,,,
,,,13114.song.52.s012,,EMP,,,,,gut metagenome,,,,,,living-organism,gut ,,,,
,,,13114.song.52.s013,,EMP,,,,,gut metagenome,,,,,,living-organism,gut ,,,,
,,,13114.song.52.s014,,EMP,,,,,gut metagenome,,,,,,living-organism,gut ,,,,
,,,13114.song.52.s015,,EMP,,,,,gut metagenome,,,,,,living-organism,gut ,,,,
,,,13114.song.53.s001,,EMP,,,,,gut metagenome,,,,,,living-organism,gut ,,,,
,,,13114.song.53.s002,,EMP,,,,,gut metagenome,,,,,,living-organism,gut ,,,,
,,,13114.song.53.s003,,EMP,,,,,gut metagenome,,,,,,living-organism,gut ,,,,
,,,13114.song.53.s004,,EMP,,,,,gut metagenome,,,,,,living-organism,gut ,,,,
,,,13114.song.53.s005,,EMP,,,,,gut metagenome,,,,,,living-organism,gut ,,,,
,,,13114.song.53.s006,,EMP,,,,,gut metagenome,,,,,,living-organism,gut ,,,,
,,,13114.song.53.s007,,EMP,,,,,gut metagenome,,,,,,living-organism,gut ,,,,
,,,13114.song.53.s008,,EMP,,,,,gut metagenome,,,,,,living-organism,gut ,,,,
,,,13114.song.53.s009,,EMP,,,,,gut metagenome,,,,,,living-organism,gut ,,,,
,,,13114.song.53.s010,,EMP,,,,,gut metagenome,,,,,,living-organism,gut ,,,,
,,,13114.song.53.s011,,EMP,,,,,gut metagenome,,,,,,living-organism,gut ,,,,
,,,13114.song.53.s012,,EMP,,,,,gut metagenome,,,,,,living-organism,gut ,,,,
,,,13114.song.53.s013,,EMP,,,,,gut metagenome,,,,,,living-organism,gut ,,,,
,,,13114.song.53.s014,,EMP,,,,,gut metagenome,,,,,,living-organism,gut ,,,,
,,,13114.song.53.s015,,EMP,,,,,gut metagenome,,,,,,living-organism,gut ,,,,
,,,13114.song.75.s001,,EMP,,,,,gut metagenome,,,,,,living-organism,gut ,,,,
,,,13114.song.75.s002,,EMP,,,,,gut metagenome,,,,,,living-organism,gut ,,,,
,,,13114.song.75.s003,,EMP,,,,,gut metagenome,,,,,,living-organism,gut ,,,,
,,,13114.song.75.s004,,EMP,,,,,gut metagenome,,,,,,living-organism,gut ,,,,
,,,13114.stegen.36.s001,,EMP,,,,,soil metagenome,,,,,,soil,soil,soil/sediment,,,
,,,13114.stegen.36.s002,,EMP,,,,,soil metagenome,,,,,,soil,soil,soil/sediment,,,
,,,13114.stegen.36.s003,,EMP,,,,,soil metagenome,,,,,,soil,soil,soil/sediment,,,
,,,13114.stegen.36.s004,,EMP,,,,,soil metagenome,,,,,,soil,soil,soil/sediment,,,
,,,13114.stegen.36.s005,,EMP,,,,,soil metagenome,,,,,,soil,soil,soil/sediment,,,
,,,13114.stegen.36.s006,,EMP,,,,,soil metagenome,,,,,,soil,soil,soil/sediment,,,
,,,13114.stegen.36.s007,,EMP,,,,,soil metagenome,,,,,,soil,soil,soil/sediment,,,
,,,13114.stegen.36.s008,,EMP,,,,,soil metagenome,,,,,,soil,soil,soil/sediment,,,
,,,13114.stegen.36.s009,,EMP,,,,,soil metagenome,,,,,,soil,soil,soil/sediment,,,
,,,13114.stegen.36.s010,,EMP,,,,,soil metagenome,,,,,,soil,soil,soil/sediment,,,
,,,13114.stegen.36.s011,,EMP,,,,,soil metagenome,,,,,,soil,soil,soil/sediment,,,
,,,13114.stegen.36.s012,,EMP,,,,,soil metagenome,,,,,,soil,soil,soil/sediment,,,
,,,13114.stegen.36.s013,,EMP,,,,,soil metagenome,,,,,,soil,soil,soil/sediment,,,
,,,13114.stegen.36.s014,,EMP,,,,,soil metagenome,,,,,,soil,soil,soil/sediment,,,
,,,13114.stegen.36.s015,,EMP,,,,,soil metagenome,,,,,,soil,soil,soil/sediment,,,
,,,13114.stegen.37.s001,,EMP,,,,,freshwater sediment metagenome,,,,,,water,freshwater,soil/sediment,,,
,,,13114.stegen.37.s002,,EMP,,,,,freshwater sediment metagenome,,,,,,water,freshwater,soil/sediment,,,
,,,13114.stegen.37.s003,,EMP,,,,,freshwater sediment metagenome,,,,,,water,freshwater,soil/sediment,,,
,,,13114.stegen.37.s004,,EMP,,,,,freshwater sediment metagenome,,,,,,water,freshwater,soil/sediment,,,
,,,13114.stegen.37.s005,,EMP,,,,,freshwater sediment metagenome,,,,,,water,freshwater,soil/sediment,,,
,,,13114.stegen.37.s006,,EMP,,,,,freshwater sediment metagenome,,,,,,water,freshwater,soil/sediment,,,
,,,13114.stegen.37.s007,,EMP,,,,,freshwater sediment metagenome,,,,,,water,freshwater,soil/sediment,,,
,,,13114.stegen.37.s008,,EMP,,,,,freshwater sediment metagenome,,,,,,water,freshwater,soil/sediment,,,
,,,13114.stegen.37.s009,,EMP,,,,,freshwater sediment metagenome,,,,,,water,freshwater,soil/sediment,,,
,,,13114.stegen.37.s010,,EMP,,,,,freshwater sediment metagenome,,,,,,water,freshwater,soil/sediment,,,
,,,13114.stegen.38.s001,,EMP,,,,,soil metagenome,,,,,,soil,soil,soil/sediment,,,
,,,13114.stegen.38.s002,,EMP,,,,,soil metagenome,,,,,,soil,soil,soil/sediment,,,
,,,13114.stegen.38.s003,,EMP,,,,,soil metagenome,,,,,,soil,soil,soil/sediment,,,
,,,13114.stegen.38.s004,,EMP,,,,,soil metagenome,,,,,,soil,soil,soil/sediment,,,
,,,13114.stegen.38.s005,,EMP,,,,,soil metagenome,,,,,,soil,soil,soil/sediment,,,
,,,13114.stegen.38.s006,,EMP,,,,,soil metagenome,,,,,,soil,soil,soil/sediment,,,
,,,13114.stegen.38.s007,,EMP,,,,,soil metagenome,,,,,,soil,soil,soil/sediment,,,
,,,13114.stegen.38.s008,,EMP,,,,,soil metagenome,,,,,,soil,soil,soil/sediment,,,
,,,13114.stegen.38.s009,,EMP,,,,,soil metagenome,,,,,,soil,soil,soil/sediment,,,
,,,13114.stegen.38.s010,,EMP,,,,,soil metagenome,,,,,,soil,soil,soil/sediment,,,
,,,13114.stegen.38.s011,,EMP,,,,,soil metagenome,,,,,,soil,soil,soil/sediment,,,
,,,13114.stegen.38.s012,,EMP,,,,,soil metagenome,,,,,,soil,soil,soil/sediment,,,
,,,13114.stegen.38.s013,,EMP,,,,,soil metagenome,,,,,,soil,soil,soil/sediment,,,
,,,13114.stegen.38.s014,,EMP,,,,,soil metagenome,,,,,,soil,soil,soil/sediment,,,
,,,13114.stegen.38.s015,,EMP,,,,,soil metagenome,,,,,,soil,soil,soil/sediment,,,
,,,13114.stegen.38.s016,,EMP,,,,,soil metagenome,,,,,,soil,soil,soil/sediment,,,
,,,13114.stegen.38.s017,,EMP,,,,,soil metagenome,,,,,,soil,soil,soil/sediment,,,
,,,13114.stegen.38.s018,,EMP,,,,,soil metagenome,,,,,,soil,soil,soil/sediment,,,
,,,13114.stewart.26.s001,,EMP,,,,,marine metagenome,,,,,,water,marine ,,,,
,,,13114.stewart.26.s002,,EMP,,,,,marine metagenome,,,,,,water,marine ,,,,
,,,13114.stewart.26.s003,,EMP,,,,,marine metagenome,,,,,,water,marine ,,,,
,,,13114.stewart.26.s004,,EMP,,,,,marine metagenome,,,,,,water,marine ,,,,
,,,13114.stewart.26.s005,,EMP,,,,,marine metagenome,,,,,,water,marine ,,,,
,,,13114.stewart.26.s006,,EMP,,,,,marine metagenome,,,,,,water,marine ,,,,
,,,13114.stewart.26.s007,,EMP,,,,,marine metagenome,,,,,,water,marine ,,,,
,,,13114.stewart.26.s008,,EMP,,,,,marine metagenome,,,,,,water,marine ,,,,
,,,13114.tait.77.s001,,EMP,,,,,marine metagenome,,,,,,water,marine ,,,,
,,,13114.tait.77.s002,,EMP,,,,,marine metagenome,,,,,,water,marine ,,,,
,,,13114.tait.77.s003,,EMP,,,,,marine metagenome,,,,,,water,marine ,,,,
,,,13114.tait.77.s004,,EMP,,,,,marine metagenome,,,,,,water,marine ,,,,
,,,13114.tait.77.s005,,EMP,,,,,marine metagenome,,,,,,water,marine ,,,,
,,,13114.tait.77.s006,,EMP,,,,,marine metagenome,,,,,,water,marine ,,,,
,,,13114.tait.77.s007,,EMP,,,,,marine metagenome,,,,,,water,marine ,,,,
,,,13114.tait.77.s008,,EMP,,,,,marine metagenome,,,,,,water,marine ,,,,
,,,13114.tait.77.s009,,EMP,,,,,marine metagenome,,,,,,water,marine ,,,,
,,,13114.tait.78.s001,,EMP,,,,,marine sediment metagenome,,,,,,water,marine ,soil/sediment,,,
,,,13114.tait.78.s002,,EMP,,,,,marine sediment metagenome,,,,,,water,marine ,soil/sediment,,,
,,,13114.tait.78.s003,,EMP,,,,,marine sediment metagenome,,,,,,water,marine ,soil/sediment,,,
,,,13114.thomas.18.s001,,EMP,,,,,sponge metagenome,,,,,,living-organism,sponge,,,,
,,,13114.thomas.18.s002,,EMP,,,,,sponge metagenome,,,,,,living-organism,sponge,,,,
,,,13114.thomas.18.s003,,EMP,,,,,sponge metagenome,,,,,,living-organism,sponge,,,,
,,,13114.thomas.18.s004,,EMP,,,,,sponge metagenome,,,,,,living-organism,sponge,,,,
,,,13114.thomas.18.s005,,EMP,,,,,sponge metagenome,,,,,,living-organism,sponge,,,,
,,,13114.thomas.18.s006,,EMP,,,,,sponge metagenome,,,,,,living-organism,sponge,,,,
,,,13114.thomas.18.s007,,EMP,,,,,sponge metagenome,,,,,,living-organism,sponge,,,,
,,,13114.thomas.18.s008,,EMP,,,,,sponge metagenome,,,,,,living-organism,sponge,,,,
,,,13114.thomas.18.s009,,EMP,,,,,sponge metagenome,,,,,,living-organism,sponge,,,,
,,,13114.thomas.18.s010,,EMP,,,,,sponge metagenome,,,,,,living-organism,sponge,,,,
,,,13114.thomas.18.s011,,EMP,,,,,sponge metagenome,,,,,,living-organism,sponge,,,,
,,,13114.thomas.18.s012,,EMP,,,,,sponge metagenome,,,,,,living-organism,sponge,,,,
,,,13114.thomas.18.s013,,EMP,,,,,sponge metagenome,,,,,,living-organism,sponge,,,,
,,,13114.thomas.18.s014,,EMP,,,,,sponge metagenome,,,,,,living-organism,sponge,,,,
,,,13114.thomas.18.s015,,EMP,,,,,sponge metagenome,,,,,,living-organism,sponge,,,,
,,,13114.thomas.18.s016,,EMP,,,,,sponge metagenome,,,,,,living-organism,sponge,,,,
,,,13114.thomas.18.s017,,EMP,,,,,sponge metagenome,,,,,,living-organism,sponge,,,,
,,,13114.thomas.18.s018,,EMP,,,,,sponge metagenome,,,,,,living-organism,sponge,,,,
,,,13114.thomas.18.s019,,EMP,,,,,sponge metagenome,,,,,,living-organism,sponge,,,,
,,,13114.thomas.18.s020,,EMP,,,,,sponge metagenome,,,,,,living-organism,sponge,,,,
,,,13114.thomas.18.s021,,EMP,,,,,sponge metagenome,,,,,,living-organism,sponge,,,,
,,,13114.thomas.18.s022,,EMP,,,,,sponge metagenome,,,,,,living-organism,sponge,,,,
,,,13114.thomas.18.s023,,EMP,,,,,sponge metagenome,,,,,,living-organism,sponge,,,,
,,,13114.thomas.18.s024,,EMP,,,,,sponge metagenome,,,,,,living-organism,sponge,,,,
,,,13114.thomas.18.s025,,EMP,,,,,sponge metagenome,,,,,,living-organism,sponge,,,,
,,,13114.thomas.18.s026,,EMP,,,,,sponge metagenome,,,,,,living-organism,sponge,,,,
,,,13114.thomas.18.s027,,EMP,,,,,sponge metagenome,,,,,,living-organism,sponge,,,,
,,,13114.thomas.18.s028,,EMP,,,,,sponge metagenome,,,,,,living-organism,sponge,,,,
,,,13114.thomas.18.s029,,EMP,,,,,sponge metagenome,,,,,,living-organism,sponge,,,,
,,,13114.thomas.18.s030,,EMP,,,,,sponge metagenome,,,,,,living-organism,sponge,,,,
,,,13114.thomas.18.s031,,EMP,,,,,sponge metagenome,,,,,,living-organism,sponge,,,,
,,,13114.thomas.18.s032,,EMP,,,,,sponge metagenome,,,,,,living-organism,sponge,,,,
,,,13114.thomas.18.s033,,EMP,,,,,sponge metagenome,,,,,,living-organism,sponge,,,,
,,,13114.thomas.18.s034,,EMP,,,,,sponge metagenome,,,,,,living-organism,sponge,,,,
,,,13114.thomas.18.s035,,EMP,,,,,sponge metagenome,,,,,,living-organism,sponge,,,,
,,,13114.thomas.18.s036,,EMP,,,,,sponge metagenome,,,,,,living-organism,sponge,,,,
,,,13114.thomas.18.s037,,EMP,,,,,sponge metagenome,,,,,,living-organism,sponge,,,,
,,,13114.thomas.18.s038,,EMP,,,,,sponge metagenome,,,,,,living-organism,sponge,,,,
,,,13114.thomas.18.s039,,EMP,,,,,sponge metagenome,,,,,,living-organism,sponge,,,,
,,,13114.thomas.18.s040,,EMP,,,,,sponge metagenome,,,,,,living-organism,sponge,,,,
,,,13114.thomas.18.s041,,EMP,,,,,sponge metagenome,,,,,,living-organism,sponge,,,,
,,,13114.thomas.18.s042,,EMP,,,,,sponge metagenome,,,,,,living-organism,sponge,,,,
,,,13114.thomas.18.s043,,EMP,,,,,sponge metagenome,,,,,,living-organism,sponge,,,,
,,,13114.thomas.18.s044,,EMP,,,,,sponge metagenome,,,,,,living-organism,sponge,,,,
,,,13114.thomas.18.s045,,EMP,,,,,sponge metagenome,,,,,,living-organism,sponge,,,,
,,,13114.thomas.18.s046,,EMP,,,,,sponge metagenome,,,,,,living-organism,sponge,,,,
,,,13114.thomas.18.s047,,EMP,,,,,sponge metagenome,,,,,,living-organism,sponge,,,,
,,,13114.thomas.18.s048,,EMP,,,,,sponge metagenome,,,,,,living-organism,sponge,,,,
,,,13114.thomas.18.s049,,EMP,,,,,sponge metagenome,,,,,,living-organism,sponge,,,,
,,,13114.thomas.18.s050,,EMP,,,,,sponge metagenome,,,,,,living-organism,sponge,,,,
,,,13114.thomas.18.s051,,EMP,,,,,sponge metagenome,,,,,,living-organism,sponge,,,,
,,,13114.thomas.18.s052,,EMP,,,,,sponge metagenome,,,,,,living-organism,sponge,,,,
,,,13114.thomas.18.s053,,EMP,,,,,sponge metagenome,,,,,,living-organism,sponge,,,,
,,,13114.thomas.18.s054,,EMP,,,,,sponge metagenome,,,,,,living-organism,sponge,,,,
,,,13114.thomas.18.s055,,EMP,,,,,sponge metagenome,,,,,,living-organism,sponge,,,,
,,,13114.thomas.18.s056,,EMP,,,,,sponge metagenome,,,,,,living-organism,sponge,,,,
,,,13114.thomas.18.s057,,EMP,,,,,sponge metagenome,,,,,,living-organism,sponge,,,,
,,,13114.thomas.19.s002,,EMP,,,,,algae metagenome,,,,,,living-organism,algae ,,,,
,,,13114.thomas.19.s003,,EMP,,,,,algae metagenome,,,,,,living-organism,algae ,,,,
,,,13114.thomas.19.s004,,EMP,,,,,algae metagenome,,,,,,living-organism,algae ,,,,
,,,13114.thomas.19.s007,,EMP,,,,,algae metagenome,,,,,,living-organism,algae ,,,,
,,,13114.thomas.19.s008,,EMP,,,,,algae metagenome,,,,,,living-organism,algae ,,,,
,,,13114.thomas.19.s009,,EMP,,,,,algae metagenome,,,,,,living-organism,algae ,,,,
,,,13114.thomas.19.s010,,EMP,,,,,algae metagenome,,,,,,living-organism,algae ,,,,
,,,13114.thomas.19.s014,,EMP,,,,,algae metagenome,,,,,,living-organism,algae ,,,,
,,,13114.thomas.19.s015,,EMP,,,,,algae metagenome,,,,,,living-organism,algae ,,,,
,,,13114.thomas.19.s017,,EMP,,,,,algae metagenome,,,,,,living-organism,algae ,,,,
,,,13114.thomas.19.s018,,EMP,,,,,algae metagenome,,,,,,living-organism,algae ,,,,
,,,13114.thomas.19.s019,,EMP,,,,,algae metagenome,,,,,,living-organism,algae ,,,,
,,,13114.thomas.19.s020,,EMP,,,,,algae metagenome,,,,,,living-organism,algae ,,,,
,,,13114.thomas.19.s021,,EMP,,,,,algae metagenome,,,,,,living-organism,algae ,,,,
,,,13114.thomas.19.s022,,EMP,,,,,algae metagenome,,,,,,living-organism,algae ,,,,
,,,13114.thomas.19.s023,,EMP,,,,,algae metagenome,,,,,,living-organism,algae ,,,,
,,,13114.thomas.19.s024,,EMP,,,,,algae metagenome,,,,,,living-organism,algae ,,,,
,,,13114.thomas.19.s025,,EMP,,,,,algae metagenome,,,,,,living-organism,algae ,,,,
,,,13114.thomas.19.s026,,EMP,,,,,algae metagenome,,,,,,living-organism,algae ,,,,
,,,13114.thomas.19.s050,,EMP,,,,,algae metagenome,,,,,,living-organism,algae ,,,,
,,,13114.thomas.19.s051,,EMP,,,,,algae metagenome,,,,,,living-organism,algae ,,,,
,,,13114.thomas.19.s052,,EMP,,,,,algae metagenome,,,,,,living-organism,algae ,,,,
,,,13114.thomas.19.s053,,EMP,,,,,algae metagenome,,,,,,living-organism,algae ,,,,
,,,13114.thomas.19.s054,,EMP,,,,,algae metagenome,,,,,,living-organism,algae ,,,,
,,,13114.thomas.19.s055,,EMP,,,,,algae metagenome,,,,,,living-organism,algae ,,,,
,,,13114.thomas.19.s056,,EMP,,,,,algae metagenome,,,,,,living-organism,algae ,,,,
,,,13114.thomas.19.s057,,EMP,,,,,algae metagenome,,,,,,living-organism,algae ,,,,
,,,13114.thomas.19.s058,,EMP,,,,,algae metagenome,,,,,,living-organism,algae ,,,,
,,,13114.thomas.19.s059,,EMP,,,,,algae metagenome,,,,,,living-organism,algae ,,,,
,,,13114.thomas.19.s060,,EMP,,,,,algae metagenome,,,,,,living-organism,algae ,,,,
,,,13114.thomas.19.s061,,EMP,,,,,algae metagenome,,,,,,living-organism,algae ,,,,
,,,13114.thomas.19.s062,,EMP,,,,,algae metagenome,,,,,,living-organism,algae ,,,,
,,,13114.thomas.19.s063,,EMP,,,,,algae metagenome,,,,,,living-organism,algae ,,,,
,,,13114.thomas.19.s064,,EMP,,,,,algae metagenome,,,,,,living-organism,algae ,,,,
,,,13114.tucker.58.s001,,EMP,,,,,coal metagenome,,,,,,soil ,coal ,,,,
,,,13114.tucker.58.s002,,EMP,,,,,coal metagenome,,,,,,soil ,coal ,,,,
,,,13114.tucker.58.s003,,EMP,,,,,coal metagenome,,,,,,soil ,coal ,,,,
,,,13114.tucker.58.s004,,EMP,,,,,coal metagenome,,,,,,soil ,coal ,,,,
,,,13114.tucker.58.s005,,EMP,,,,,coal metagenome,,,,,,soil ,coal ,,,,
,,,13114.tucker.58.s006,,EMP,,,,,coal metagenome,,,,,,soil ,coal ,,,,
,,,13114.tucker.58.s007,,EMP,,,,,coal metagenome,,,,,,soil ,coal ,,,,
,,,13114.tucker.58.s008,,EMP,,,,,coal metagenome,,,,,,soil ,coal ,,,,
,,,13114.tucker.58.s009,,EMP,,,,,coal metagenome,,,,,,soil ,coal ,,,,
,,,13114.tucker.58.s010,,EMP,,,,,coal metagenome,,,,,,soil ,coal ,,,,
,,,13114.tucker.58.s011,,EMP,,,,,coal metagenome,,,,,,soil ,coal ,,,,
,,,13114.tucker.58.s012,,EMP,,,,,coal metagenome,,,,,,soil ,coal ,,,,
,,,13114.tucker.58.s013,,EMP,,,,,coal metagenome,,,,,,soil ,coal ,,,,
,,,13114.tucker.58.s014,,EMP,,,,,coal metagenome,,,,,,soil ,coal ,,,,
,,,13114.tucker.58.s015,,EMP,,,,,coal metagenome,,,,,,soil ,coal ,,,,
,,,13114.tucker.58.s016,,EMP,,,,,coal metagenome,,,,,,soil ,coal ,,,,
,,,13114.uren.82.s001,,EMP,,,,,lichen metagenome,,,,,,living-organism,lichen ,,,,
,,,13114.uren.82.s002,,EMP,,,,,lichen metagenome,,,,,,living-organism,lichen ,,,,
,,,13114.uren.82.s003,,EMP,,,,,lichen metagenome,,,,,,living-organism,lichen ,,,,
,,,13114.uren.82.s004,,EMP,,,,,lichen metagenome,,,,,,living-organism,lichen ,,,,
,,,13114.uren.82.s005,,EMP,,,,,lichen metagenome,,,,,,living-organism,lichen ,,,,
,,,13114.uren.82.s006,,EMP,,,,,lichen metagenome,,,,,,living-organism,lichen ,,,,
,,,13114.uren.82.s007,,EMP,,,,,lichen metagenome,,,,,,living-organism,lichen ,,,,
,,,13114.uren.82.s008,,EMP,,,,,lichen metagenome,,,,,,living-organism,lichen ,,,,
,,,13114.uren.82.s009,,EMP,,,,,lichen metagenome,,,,,,living-organism,lichen ,,,,
,,,13114.uren.82.s010,,EMP,,,,,lichen metagenome,,,,,,living-organism,lichen ,,,,
,,,13114.uren.82.s011,,EMP,,,,,lichen metagenome,,,,,,living-organism,lichen ,,,,
,,,13114.uren.82.s012,,EMP,,,,,lichen metagenome,,,,,,living-organism,lichen ,,,,
,,,13114.zaneveld.9.s001,,EMP,,,,,coral metagenome,,,,,,living-organism,coral ,,,,
,,,13114.zaneveld.9.s002,,EMP,,,,,coral metagenome,,,,,,living-organism,coral ,,,,
,,,13114.zaneveld.9.s003,,EMP,,,,,coral metagenome,,,,,,living-organism,coral ,,,,
,,,13114.zaneveld.9.s004,,EMP,,,,,coral metagenome,,,,,,living-organism,coral ,,,,
,,,13114.zaneveld.9.s005,,EMP,,,,,coral metagenome,,,,,,living-organism,coral ,,,,
,,,13114.zaneveld.9.s006,,EMP,,,,,coral metagenome,,,,,,living-organism,coral ,,,,
,,,13114.zaneveld.9.s007,,EMP,,,,,coral metagenome,,,,,,living-organism,coral ,,,,
,,,13114.zaneveld.9.s008,,EMP,,,,,coral metagenome,,,,,,living-organism,coral ,,,,
,,,13114.zaneveld.9.s009,,EMP,,,,,coral metagenome,,,,,,living-organism,coral ,,,,
,,,13114.zaneveld.9.s010,,EMP,,,,,coral metagenome,,,,,,living-organism,coral ,,,,
,,,13114.zaneveld.9.s011,,EMP,,,,,coral metagenome,,,,,,living-organism,coral ,,,,
,,,13114.zaneveld.9.s012,,EMP,,,,,coral metagenome,,,,,,living-organism,coral ,,,,
,,,13114.zaneveld.9.s013,,EMP,,,,,coral metagenome,,,,,,living-organism,coral ,,,,
,,,13114.zaneveld.9.s014,,EMP,,,,,coral metagenome,,,,,,living-organism,coral ,,,,
,,,13114.zaneveld.9.s015,,EMP,,,,,coral metagenome,,,,,,living-organism,coral ,,,,
,,,13114.zaneveld.9.s016,,EMP,,,,,coral metagenome,,,,,,living-organism,coral ,,,,
,,,13114.zaneveld.9.s017,,EMP,,,,,coral metagenome,,,,,,living-organism,coral ,,,,
,,,13114.zaneveld.9.s018,,EMP,,,,,coral metagenome,,,,,,living-organism,coral ,,,,
,,,13114.zaneveld.9.s019,,EMP,,,,,coral metagenome,,,,,,living-organism,coral ,,,,
,,,13114.zaneveld.9.s020,,EMP,,,,,coral metagenome,,,,,,living-organism,coral ,,,,
,,,13114.zaneveld.9.s021,,EMP,,,,,seawater metagenome,,,,,,soil,seawater,,,,
,,,13114.zaneveld.9.s022,,EMP,,,,,seawater metagenome,,,,,,soil,seawater,,,,
SRR7968104,,SAMN09094696,3985-2-2-30,,hydrothermal - zhou,East Pacific Rise,,,,,9.7750° N,104.2801° W,,,,water,hydrothermal vent,,,,
SRR8439171,,SAMN10350644,4281-1-2-140,,hydrothermal - zhou,East Pacific Rise,,,,,9.8384° N,104.2913° W,,,,water,hydrothermal vent,,,,
SRR7968125,,SAMN09094699,4559-2-R1-1-240-241,,hydrothermal - zhou,Guaymas Basin,,,,,27.0067° N,111.4094° W,,,,water,hydrothermal vent,,,,
SRR7968106,,SAMN09093797,4561-1-TA1-1-380-382,,hydrothermal - zhou,Guaymas Basin,,,,,27.0078° N,111.4071° W,,,,water,hydrothermal vent,,,,
SRR7968107,,SAMN09094697,4561-1-TA1-5-384,,hydrothermal - zhou,Guaymas Basin,,,,,27.0078° N,111.4071° W,,,,water,hydrothermal vent,,,,
SRR7968109,,SAMN09093796,4571-2-TA3-419,,hydrothermal - zhou,Guaymas Basin,,,,,27.0105° N,111.4068° W,,,,water,hydrothermal vent,,,,
SRR10312490,,SAMN12239308,J2-1038-13-R7-1-74,,hydrothermal - zhou,Brothers volcano,,,,,34.86150855° S,179.0573001° E,,,,water,hydrothermal vent,,,,
SRR10312494,,SAMN12239304,J2-1038-14-MAJ-Green,,hydrothermal - zhou,Brothers volcano,,,,,34.861552° S,179.057153° E,,,,water,hydrothermal vent,,,,
SRR10312503,,SAMN12239301,J2-1038-5-R3-1-67,,hydrothermal - zhou,Brothers volcano,,,,,34.85791961° S,179.0519333° E,,,,water,hydrothermal vent,,,,
SRR10312491,,SAMN12239307,J2-1038-6-R4-1-31,,hydrothermal - zhou,Brothers volcano,,,,,34.85791311° S,179.0519346° E,,,,water,hydrothermal vent,,,,
SRR10312489,,SAMN12239309,J2-1039-11-CH1-1-151,,hydrothermal - zhou,Brothers volcano,,,,,34.86111866° S,179.0576651° E,,,,water,hydrothermal vent,,,,
SRR10312496,,SAMN12239302,J2-1039-12-CH1-1-128,,hydrothermal - zhou,Brothers volcano,,,,,34.86107892° S,179.0576362° E,,,,water,hydrothermal vent,,,,
SRR10312501,,SAMN12239311,J2-1039-12-CH2-1-106,,hydrothermal - zhou,Brothers volcano,,,,,34.86107624° S,179.0576384° E,,,,water,hydrothermal vent,,,,
SRR10312500,,SAMN12239312,J2-1039-13-CH1-1-136,,hydrothermal - zhou,Brothers volcano,,,,,34.8610792° S,179.057703° E,,,,water,hydrothermal vent,,,,
SRR10312499,,SAMN12239313,J2-1039-14-CH1-1-198,,hydrothermal - zhou,Brothers volcano,,,,,34.8620939° S,179.0573951° E,,,,water,hydrothermal vent,,,,
SRR10312498,,SAMN12239314,J2-1039-14-CH2-1-172,,hydrothermal - zhou,Brothers volcano,,,,,34.86208959° S,179.0573881° E,,,,water,hydrothermal vent,,,,
SRR10312502,,SAMN12239310,J2-1039-15-CH1-1-157,,hydrothermal - zhou,Brothers volcano,,,,,34.86207984° S,179.0572892° E,,,,water,hydrothermal vent,,,,
SRR10312497,,SAMN12239315,J2-1040-10-CH1-1-240,,hydrothermal - zhou,Brothers volcano,,,,,34.882356° S,179.0682646° E,,,,water,hydrothermal vent,,,,
SRR10312504,,SAMN12239300,J2-1040-10-CH2-1-217,,hydrothermal - zhou,Brothers volcano,,,,,34.88236547° S,179.0682282° E,,,,water,hydrothermal vent,,,,
SRR10310285,,SAMN12239299,J2-1040-8-CH1-1-233,,hydrothermal - zhou,Brothers volcano,,,,,34.88234384° S,179.0682732° E,,,,water,hydrothermal vent,,,,
SRR10309773,,SAMN12239298,J2-1041-28-CH1-1-279,,hydrothermal - zhou,Brothers volcano,,,,,34.862587° S,179.058108° E,,,,water,hydrothermal vent,,,,
SRR10312492,,SAMN12239306,J2-1041-30-CH1-1-318,,hydrothermal - zhou,Brothers volcano,,,,,34.861904° S,179.057875° E,,,,water,hydrothermal vent,,,,
SRR10312495,,SAMN12239303,J2-1041-4-R1-1-297,,hydrothermal - zhou,Brothers volcano,,,,,34.878368° S,179.071443° E,,,,water,hydrothermal vent,,,,
SRR10312493,,SAMN12239305,J2-1041-6-R2-1-324,,hydrothermal - zhou,Brothers volcano,,,,,34.878866° S,179.071394° E,,,,water,hydrothermal vent,,,,
SRR8439019,,SAMN10350717,J2-128-5-R1-9-T326,,hydrothermal - zhou,Eastern Lau Spreading Center,,,,,20.761° S,176.1909° W,,,,water,hydrothermal vent,,,,
SRR7968105,,SAMN09093798,J2-131-4-B1-1-447,,hydrothermal - zhou,Eastern Lau Spreading Center,,,,,22.1802° S,176.6008° W,,,,water,hydrothermal vent,,,,
SRR8439022,,SAMN10350646,J2-132-8-R1-1-544,,hydrothermal - zhou,Eastern Lau Spreading Center,,,,,21.9896° S,176.568° W,,,,water,hydrothermal vent,,,,
SRR8439053,,SAMN10350718,J2-134-7-R1-1-T614,,hydrothermal - zhou,Eastern Lau Spreading Center,,,,,21.9879° S,176.5676° W,,,,water,hydrothermal vent,,,,
SRR7968108,,SAMN09093795,J2-354-1-R1-1-165-166,,hydrothermal - zhou,Mid-Atlantic Ridge,,,,,36.2297° N,33.9011° W,,,,water,hydrothermal vent,,,,
SRR7968110,,SAMN09094698,J2-355-1-R2-1-201-202,,hydrothermal - zhou,Mid-Atlantic Ridge,,,,,36.2294° N,33.9028° W,,,,water,hydrothermal vent,,,,
SRR8439172,,SAMN10350645,J2-356-2-R1-1-283-284,,hydrothermal - zhou,Mid-Atlantic Ridge,,,,,37.2917° N,32.2779° W,,,,water,hydrothermal vent,,,,
SRR7968113,,SAMN09093794,J2-356-3-R1-1-308-309,,hydrothermal - zhou,Mid-Atlantic Ridge,,,,,37.2904° N,32.2765° W,,,,water,hydrothermal vent,,,,
SRR13622961,,SAMN10217872,J2-815-1-R1-25,,hydrothermal - zhou,Eastern Lau Spreading Center,,,,,21.4447° S,176.2579° W,,,,water,hydrothermal vent,,,,
SRR13622960,,SAMN10217873,J2-815-16-R1-101,,hydrothermal - zhou,Eastern Lau Spreading Center,,,,,21.4492° S,176.2599° W,,,,water,hydrothermal vent,,,,
SRR13622959,,SAMN10217874,J2-816-3-R1-129,,hydrothermal - zhou,Eastern Lau Spreading Center,,,,,22.1802° S,176.6012° W,,,,water,hydrothermal vent,,,,
SRR13853571,,SAMN10217895,J2-816-3-R1-153,,hydrothermal - zhou,Eastern Lau Spreading Center,,,,,22.1802° S,176.6012° W,,,,water,hydrothermal vent,,,,
SRR18689979,,SAMN10217880,J2-817-10-R2-303,,hydrothermal - zhou,Eastern Lau Spreading Center,,,,,22.2157° S,176.6086° W,,,,water,hydrothermal vent,,,,
SRR18691003,,SAMN10217875,J2-818-10-R1-452,,hydrothermal - zhou,Eastern Lau Spreading Center,,,,,22.1803° S,176.6017° W,,,,water,hydrothermal vent,,,,
SRR13622958,,SAMN10217876,J2-818-8-R1-479,,hydrothermal - zhou,Eastern Lau Spreading Center,,,,,22.1801° S,176.6015° W,,,,water,hydrothermal vent,,,,
SRR14510437,,SAMN10217877,J2-819-10-R1-805,,hydrothermal - zhou,Eastern Lau Spreading Center,,,,,21.9904° S,176.5692° W,,,,water,hydrothermal vent,,,,
SRR13853570,,SAMN10217878,J2-819-6-R1-642,,hydrothermal - zhou,Eastern Lau Spreading Center,,,,,21.9878° S,176.5680° W,,,,water,hydrothermal vent,,,,
SRR14326976,,SAMN10217879,J2-819-7-R2-732,,hydrothermal - zhou,Eastern Lau Spreading Center,,,,,21.9894° S,176.5683° W,,,,water,hydrothermal vent,,,,
ERR12711254,PRJEB73327,ERP158128,14542.A.L1A1.L1,,iss-3dmm,,,,,indoor metagenome,,,,,,built environment,space,,,,
ERR12711255,PRJEB73327,ERP158128,14542.A.L1A1.R1,,iss-3dmm,,,,,indoor metagenome,,,,,,built environment,space,,,,
ERR12711256,PRJEB73327,ERP158128,14542.A.L1F1.L1,,iss-3dmm,,,,,indoor metagenome,,,,,,built environment,space,,,,
ERR12711257,PRJEB73327,ERP158128,14542.A.L1O1.L2,,iss-3dmm,,,,,indoor metagenome,,,,,,built environment,space,,,,
ERR12711258,PRJEB73327,ERP158128,14542.A.L1O1.R1,,iss-3dmm,,,,,indoor metagenome,,,,,,built environment,space,,,,
ERR12711259,PRJEB73327,ERP158128,14542.BLANK.3DMM.P10.2E,,iss-3dmm,,,,,metagenome,,,,,,built environment,space,,,,
ERR12711260,PRJEB73327,ERP158128,14542.BLANK.3DMM.P10.2F,,iss-3dmm,,,,,metagenome,,,,,,built environment,space,,,,
ERR12711261,PRJEB73327,ERP158128,14542.BLANK.3DMM.P10.2G,,iss-3dmm,,,,,metagenome,,,,,,built environment,space,,,,
ERR12711262,PRJEB73327,ERP158128,14542.BLANK.3DMM.P10.2H,,iss-3dmm,,,,,metagenome,,,,,,built environment,space,,,,
ERR12711263,PRJEB73327,ERP158128,14542.BLANK.3DMM.P2.10A,,iss-3dmm,,,,,metagenome,,,,,,built environment,space,,,,
ERR12711264,PRJEB73327,ERP158128,14542.BLANK.3DMM.P3.9A,,iss-3dmm,,,,,metagenome,,,,,,built environment,space,,,,
ERR12711265,PRJEB73327,ERP158128,14542.BLANK.3DMM.P3.9B,,iss-3dmm,,,,,metagenome,,,,,,built environment,space,,,,
ERR12711266,PRJEB73327,ERP158128,14542.BLANK.3DMM.P3.9C,,iss-3dmm,,,,,metagenome,,,,,,built environment,space,,,,
ERR12711267,PRJEB73327,ERP158128,14542.BLANK.3DMM.P3.9D,,iss-3dmm,,,,,metagenome,,,,,,built environment,space,,,,
ERR12711268,PRJEB73327,ERP158128,14542.BLANK.3DMM.P3.9E,,iss-3dmm,,,,,metagenome,,,,,,built environment,space,,,,
ERR12711269,PRJEB73327,ERP158128,14542.BLANK.3DMM.P3.9F,,iss-3dmm,,,,,metagenome,,,,,,built environment,space,,,,
ERR12711270,PRJEB73327,ERP158128,14542.BLANK.3DMM.P3.9G,,iss-3dmm,,,,,metagenome,,,,,,built environment,space,,,,
ERR12711271,PRJEB73327,ERP158128,14542.BLANK.3DMM.P3.9H,,iss-3dmm,,,,,metagenome,,,,,,built environment,space,,,,
ERR12711272,PRJEB73327,ERP158128,14542.BLANK.3DMM.P4.8A,,iss-3dmm,,,,,metagenome,,,,,,built environment,space,,,,
ERR12711273,PRJEB73327,ERP158128,14542.BLANK.3DMM.P4.8B,,iss-3dmm,,,,,metagenome,,,,,,built environment,space,,,,
ERR12711274,PRJEB73327,ERP158128,14542.BLANK.3DMM.P4.8C,,iss-3dmm,,,,,metagenome,,,,,,built environment,space,,,,
ERR12711275,PRJEB73327,ERP158128,14542.BLANK.3DMM.P4.8D,,iss-3dmm,,,,,metagenome,,,,,,built environment,space,,,,
ERR12711276,PRJEB73327,ERP158128,14542.BLANK.3DMM.P4.8E,,iss-3dmm,,,,,metagenome,,,,,,built environment,space,,,,
ERR12711277,PRJEB73327,ERP158128,14542.BLANK.3DMM.P4.8F,,iss-3dmm,,,,,metagenome,,,,,,built environment,space,,,,
ERR12711278,PRJEB73327,ERP158128,14542.BLANK.3DMM.P4.8H,,iss-3dmm,,,,,metagenome,,,,,,built environment,space,,,,
ERR12711279,PRJEB73327,ERP158128,14542.BLANK.3DMM.P5.7A,,iss-3dmm,,,,,metagenome,,,,,,built environment,space,,,,
ERR12711280,PRJEB73327,ERP158128,14542.BLANK.3DMM.P5.7D,,iss-3dmm,,,,,metagenome,,,,,,built environment,space,,,,
ERR12711281,PRJEB73327,ERP158128,14542.BLANK.3DMM.P5.7E,,iss-3dmm,,,,,metagenome,,,,,,built environment,space,,,,
ERR12711282,PRJEB73327,ERP158128,14542.BLANK.3DMM.P5.7F,,iss-3dmm,,,,,metagenome,,,,,,built environment,space,,,,
ERR12711283,PRJEB73327,ERP158128,14542.BLANK.3DMM.P5.7G,,iss-3dmm,,,,,metagenome,,,,,,built environment,space,,,,
ERR12711284,PRJEB73327,ERP158128,14542.BLANK.3DMM.P6.6B,,iss-3dmm,,,,,metagenome,,,,,,built environment,space,,,,
ERR12711285,PRJEB73327,ERP158128,14542.BLANK.3DMM.P6.6C,,iss-3dmm,,,,,metagenome,,,,,,built environment,space,,,,
ERR12711286,PRJEB73327,ERP158128,14542.BLANK.3DMM.P6.6D,,iss-3dmm,,,,,metagenome,,,,,,built environment,space,,,,
ERR12711287,PRJEB73327,ERP158128,14542.BLANK.3DMM.P6.6E,,iss-3dmm,,,,,metagenome,,,,,,built environment,space,,,,
ERR12711288,PRJEB73327,ERP158128,14542.BLANK.3DMM.P6.6F,,iss-3dmm,,,,,metagenome,,,,,,built environment,space,,,,
ERR12711289,PRJEB73327,ERP158128,14542.BLANK.3DMM.P6.6H,,iss-3dmm,,,,,metagenome,,,,,,built environment,space,,,,
ERR12711290,PRJEB73327,ERP158128,14542.BLANK.3DMM.P7.5B,,iss-3dmm,,,,,metagenome,,,,,,built environment,space,,,,
ERR12711291,PRJEB73327,ERP158128,14542.BLANK.3DMM.P7.5G,,iss-3dmm,,,,,metagenome,,,,,,built environment,space,,,,
ERR12711292,PRJEB73327,ERP158128,14542.BLANK.3DMM.P8.4B,,iss-3dmm,,,,,metagenome,,,,,,built environment,space,,,,
ERR12711293,PRJEB73327,ERP158128,14542.BLANK.3DMM.P8.4C,,iss-3dmm,,,,,metagenome,,,,,,built environment,space,,,,
ERR12711294,PRJEB73327,ERP158128,14542.BLANK.3DMM.P8.4D,,iss-3dmm,,,,,metagenome,,,,,,built environment,space,,,,
ERR12711295,PRJEB73327,ERP158128,14542.BLANK.3DMM.P8.4H,,iss-3dmm,,,,,metagenome,,,,,,built environment,space,,,,
ERR12711296,PRJEB73327,ERP158128,14542.BLANK.3DMM.P9.3C,,iss-3dmm,,,,,metagenome,,,,,,built environment,space,,,,
ERR12711297,PRJEB73327,ERP158128,14542.BLANK.3DMM.P9.3E,,iss-3dmm,,,,,metagenome,,,,,,built environment,space,,,,
ERR12711298,PRJEB73327,ERP158128,14542.BLANK.3DMM.P9.3F,,iss-3dmm,,,,,metagenome,,,,,,built environment,space,,,,
ERR12711299,PRJEB73327,ERP158128,14542.BLANK.3DMM.P9.3G,,iss-3dmm,,,,,metagenome,,,,,,built environment,space,,,,
ERR12711300,PRJEB73327,ERP158128,14542.BLANK.3DMM.P9.3H,,iss-3dmm,,,,,metagenome,,,,,,built environment,space,,,,
ERR12711301,PRJEB73327,ERP158128,14542.COL1.F3.R2,,iss-3dmm,,,,,indoor metagenome,,,,,,built environment,space,,,,
ERR12711302,PRJEB73327,ERP158128,14542.COL1A2.R1,,iss-3dmm,,,,,indoor metagenome,,,,,,built environment,space,,,,
ERR12711303,PRJEB73327,ERP158128,14542.COL1A2.R2,,iss-3dmm,,,,,indoor metagenome,,,,,,built environment,space,,,,
ERR12711304,PRJEB73327,ERP158128,14542.COL1A3.R1,,iss-3dmm,,,,,indoor metagenome,,,,,,built environment,space,,,,
ERR12711305,PRJEB73327,ERP158128,14542.COL1A4.R1,,iss-3dmm,,,,,indoor metagenome,,,,,,built environment,space,,,,
ERR12711306,PRJEB73327,ERP158128,14542.COL1A4.R2,,iss-3dmm,,,,,indoor metagenome,,,,,,built environment,space,,,,
ERR12711307,PRJEB73327,ERP158128,14542.COL1D2.R2,,iss-3dmm,,,,,indoor metagenome,,,,,,built environment,space,,,,
ERR12711308,PRJEB73327,ERP158128,14542.COL1F1.R2,,iss-3dmm,,,,,indoor metagenome,,,,,,built environment,space,,,,
ERR12711309,PRJEB73327,ERP158128,14542.COL1F3.L1,,iss-3dmm,,,,,indoor metagenome,,,,,,built environment,space,,,,
ERR12711310,PRJEB73327,ERP158128,14542.COL1F3.L2,,iss-3dmm,,,,,indoor metagenome,,,,,,built environment,space,,,,
ERR12711311,PRJEB73327,ERP158128,14542.COL1F3.R1,,iss-3dmm,,,,,indoor metagenome,,,,,,built environment,space,,,,
ERR12711312,PRJEB73327,ERP158128,14542.COL1F4.L1,,iss-3dmm,,,,,indoor metagenome,,,,,,built environment,space,,,,
ERR12711313,PRJEB73327,ERP158128,14542.COL1F4.R1,,iss-3dmm,,,,,indoor metagenome,,,,,,built environment,space,,,,
ERR12711314,PRJEB73327,ERP158128,14542.COL1F4.R2,,iss-3dmm,,,,,indoor metagenome,,,,,,built environment,space,,,,
ERR12711315,PRJEB73327,ERP158128,14542.COL1O2.L1,,iss-3dmm,,,,,indoor metagenome,,,,,,built environment,space,,,,
ERR12711316,PRJEB73327,ERP158128,14542.COL1O2.R2,,iss-3dmm,,,,,indoor metagenome,,,,,,built environment,space,,,,
ERR12711317,PRJEB73327,ERP158128,14542.COL1O3.L1,,iss-3dmm,,,,,indoor metagenome,,,,,,built environment,space,,,,
ERR12711318,PRJEB73327,ERP158128,14542.COL1O3.L2,,iss-3dmm,,,,,indoor metagenome,,,,,,built environment,space,,,,
ERR12711319,PRJEB73327,ERP158128,14542.COL1O3.R1,,iss-3dmm,,,,,indoor metagenome,,,,,,built environment,space,,,,
ERR12711320,PRJEB73327,ERP158128,14542.COL1O3.R2,,iss-3dmm,,,,,indoor metagenome,,,,,,built environment,space,,,,
ERR12711321,PRJEB73327,ERP158128,14542.COL1O4.L1,,iss-3dmm,,,,,indoor metagenome,,,,,,built environment,space,,,,
ERR12711322,PRJEB73327,ERP158128,14542.COL1O4.L2,,iss-3dmm,,,,,indoor metagenome,,,,,,built environment,space,,,,
ERR12711323,PRJEB73327,ERP158128,14542.COL1O4.R1,,iss-3dmm,,,,,indoor metagenome,,,,,,built environment,space,,,,
ERR12711324,PRJEB73327,ERP158128,14542.JLP1A1.L1,,iss-3dmm,,,,,indoor metagenome,,,,,,built environment,space,,,,
ERR12711325,PRJEB73327,ERP158128,14542.JLP1A1.L2,,iss-3dmm,,,,,indoor metagenome,,,,,,built environment,space,,,,
ERR12711326,PRJEB73327,ERP158128,14542.JLP1A1.L3,,iss-3dmm,,,,,indoor metagenome,,,,,,built environment,space,,,,
ERR12711327,PRJEB73327,ERP158128,14542.JLP1A1.R1,,iss-3dmm,,,,,indoor metagenome,,,,,,built environment,space,,,,
ERR12711328,PRJEB73327,ERP158128,14542.JLP1A1.R2,,iss-3dmm,,,,,indoor metagenome,,,,,,built environment,space,,,,
ERR12711329,PRJEB73327,ERP158128,14542.JLP1A1.R4,,iss-3dmm,,,,,indoor metagenome,,,,,,built environment,space,,,,
ERR12711330,PRJEB73327,ERP158128,14542.JLP1F1.L2,,iss-3dmm,,,,,indoor metagenome,,,,,,built environment,space,,,,
ERR12711331,PRJEB73327,ERP158128,14542.JLP1F1.L3,,iss-3dmm,,,,,indoor metagenome,,,,,,built environment,space,,,,
ERR12711332,PRJEB73327,ERP158128,14542.JLP1F1.R1,,iss-3dmm,,,,,indoor metagenome,,,,,,built environment,space,,,,
ERR12711333,PRJEB73327,ERP158128,14542.JLP1F1.R3,,iss-3dmm,,,,,indoor metagenome,,,,,,built environment,space,,,,
ERR12711334,PRJEB73327,ERP158128,14542.JLP1F1.R4,,iss-3dmm,,,,,indoor metagenome,,,,,,built environment,space,,,,
ERR12711335,PRJEB73327,ERP158128,14542.JLP1P1.L1.,,iss-3dmm,,,,,indoor metagenome,,,,,,built environment,space,,,,
ERR12711336,PRJEB73327,ERP158128,14542.JLP1P1.L3,,iss-3dmm,,,,,indoor metagenome,,,,,,built environment,space,,,,
ERR12711337,PRJEB73327,ERP158128,14542.JLP1P1.R1.,,iss-3dmm,,,,,indoor metagenome,,,,,,built environment,space,,,,
ERR12711338,PRJEB73327,ERP158128,14542.JLP1P1.R2,,iss-3dmm,,,,,indoor metagenome,,,,,,built environment,space,,,,
ERR12711339,PRJEB73327,ERP158128,14542.JLP1P1.R4,,iss-3dmm,,,,,indoor metagenome,,,,,,built environment,space,,,,
ERR12711340,PRJEB73327,ERP158128,14542.JLP1S1.L1,,iss-3dmm,,,,,indoor metagenome,,,,,,built environment,space,,,,
ERR12711341,PRJEB73327,ERP158128,14542.JLP1S1.L3,,iss-3dmm,,,,,indoor metagenome,,,,,,built environment,space,,,,
ERR12711342,PRJEB73327,ERP158128,14542.JLP1S1.R1,,iss-3dmm,,,,,indoor metagenome,,,,,,built environment,space,,,,
ERR12711343,PRJEB73327,ERP158128,14542.JLP1S1.R2,,iss-3dmm,,,,,indoor metagenome,,,,,,built environment,space,,,,
ERR12711344,PRJEB73327,ERP158128,14542.JLP1S1.R3,,iss-3dmm,,,,,indoor metagenome,,,,,,built environment,space,,,,
ERR12711345,PRJEB73327,ERP158128,14542.JPM1A1.R2,,iss-3dmm,,,,,indoor metagenome,,,,,,built environment,space,,,,
ERR12711346,PRJEB73327,ERP158128,14542.JPM1A5.L1,,iss-3dmm,,,,,indoor metagenome,,,,,,built environment,space,,,,
ERR12711347,PRJEB73327,ERP158128,14542.JPM1A6.L1,,iss-3dmm,,,,,indoor metagenome,,,,,,built environment,space,,,,
ERR12711348,PRJEB73327,ERP158128,14542.JPM1A6.L2,,iss-3dmm,,,,,indoor metagenome,,,,,,built environment,space,,,,
ERR12711349,PRJEB73327,ERP158128,14542.JPM1A6.R1,,iss-3dmm,,,,,indoor metagenome,,,,,,built environment,space,,,,
ERR12711350,PRJEB73327,ERP158128,14542.JPM1D1.L1,,iss-3dmm,,,,,indoor metagenome,,,,,,built environment,space,,,,
ERR12711351,PRJEB73327,ERP158128,14542.JPM1D2.L2,,iss-3dmm,,,,,indoor metagenome,,,,,,built environment,space,,,,
ERR12711352,PRJEB73327,ERP158128,14542.JPM1D3.L2,,iss-3dmm,,,,,indoor metagenome,,,,,,built environment,space,,,,
ERR12711353,PRJEB73327,ERP158128,14542.JPM1D3.R2,,iss-3dmm,,,,,indoor metagenome,,,,,,built environment,space,,,,
ERR12711354,PRJEB73327,ERP158128,14542.JPM1F1.L1,,iss-3dmm,,,,,indoor metagenome,,,,,,built environment,space,,,,
ERR12711355,PRJEB73327,ERP158128,14542.JPM1F1.R1,,iss-3dmm,,,,,indoor metagenome,,,,,,built environment,space,,,,
ERR12711356,PRJEB73327,ERP158128,14542.JPM1F1.R2,,iss-3dmm,,,,,indoor metagenome,,,,,,built environment,space,,,,
ERR12711357,PRJEB73327,ERP158128,14542.JPM1F3.L1,,iss-3dmm,,,,,indoor metagenome,,,,,,built environment,space,,,,
ERR12711358,PRJEB73327,ERP158128,14542.JPM1F4.L1,,iss-3dmm,,,,,indoor metagenome,,,,,,built environment,space,,,,
ERR12711359,PRJEB73327,ERP158128,14542.JPM1F5.L1,,iss-3dmm,,,,,indoor metagenome,,,,,,built environment,space,,,,
ERR12711360,PRJEB73327,ERP158128,14542.JPM1F5.L2,,iss-3dmm,,,,,indoor metagenome,,,,,,built environment,space,,,,
ERR12711361,PRJEB73327,ERP158128,14542.JPM1F5.R1,,iss-3dmm,,,,,indoor metagenome,,,,,,built environment,space,,,,
ERR12711362,PRJEB73327,ERP158128,14542.JPM1F6.L2,,iss-3dmm,,,,,indoor metagenome,,,,,,built environment,space,,,,
ERR12711363,PRJEB73327,ERP158128,14542.JPM1F6.R1,,iss-3dmm,,,,,indoor metagenome,,,,,,built environment,space,,,,
ERR12711364,PRJEB73327,ERP158128,14542.JPM1O1.R2,,iss-3dmm,,,,,indoor metagenome,,,,,,built environment,space,,,,
ERR12711365,PRJEB73327,ERP158128,14542.JPM1O2.L2,,iss-3dmm,,,,,indoor metagenome,,,,,,built environment,space,,,,
ERR12711366,PRJEB73327,ERP158128,14542.JPM1O3.L2,,iss-3dmm,,,,,indoor metagenome,,,,,,built environment,space,,,,
ERR12711367,PRJEB73327,ERP158128,14542.JPM1O3.R1,,iss-3dmm,,,,,indoor metagenome,,,,,,built environment,space,,,,
ERR12711368,PRJEB73327,ERP158128,14542.JPM1O3.R2,,iss-3dmm,,,,,indoor metagenome,,,,,,built environment,space,,,,
ERR12711369,PRJEB73327,ERP158128,14542.JPM1O4.L1,,iss-3dmm,,,,,indoor metagenome,,,,,,built environment,space,,,,
ERR12711370,PRJEB73327,ERP158128,14542.JPM1O4.L2,,iss-3dmm,,,,,indoor metagenome,,,,,,built environment,space,,,,
ERR12711371,PRJEB73327,ERP158128,14542.JPM1O4.R2,,iss-3dmm,,,,,indoor metagenome,,,,,,built environment,space,,,,
ERR12711372,PRJEB73327,ERP158128,14542.JPM1O5.L1,,iss-3dmm,,,,,indoor metagenome,,,,,,built environment,space,,,,
ERR12711373,PRJEB73327,ERP158128,14542.JPM1O5.L2,,iss-3dmm,,,,,indoor metagenome,,,,,,built environment,space,,,,
ERR12711374,PRJEB73327,ERP158128,14542.JPM1O6.L1,,iss-3dmm,,,,,indoor metagenome,,,,,,built environment,space,,,,
ERR12711375,PRJEB73327,ERP158128,14542.KATHARO.P10.1,,iss-3dmm,,,,,metagenome,,,,,,built environment,space,,,,
ERR12711376,PRJEB73327,ERP158128,14542.KATHARO.P10.2,,iss-3dmm,,,,,metagenome,,,,,,built environment,space,,,,
ERR12711377,PRJEB73327,ERP158128,14542.KATHARO.P10.3,,iss-3dmm,,,,,metagenome,,,,,,built environment,space,,,,
ERR12711378,PRJEB73327,ERP158128,14542.KATHARO.P2.1,,iss-3dmm,,,,,metagenome,,,,,,built environment,space,,,,
ERR12711379,PRJEB73327,ERP158128,14542.KATHARO.P2.2,,iss-3dmm,,,,,metagenome,,,,,,built environment,space,,,,
ERR12711380,PRJEB73327,ERP158128,14542.KATHARO.P3.1,,iss-3dmm,,,,,metagenome,,,,,,built environment,space,,,,
ERR12711381,PRJEB73327,ERP158128,14542.KATHARO.P3.2,,iss-3dmm,,,,,metagenome,,,,,,built environment,space,,,,
ERR12711382,PRJEB73327,ERP158128,14542.KATHARO.P3.3,,iss-3dmm,,,,,metagenome,,,,,,built environment,space,,,,
ERR12711383,PRJEB73327,ERP158128,14542.KATHARO.P3.4,,iss-3dmm,,,,,metagenome,,,,,,built environment,space,,,,
ERR12711384,PRJEB73327,ERP158128,14542.KATHARO.P4.1,,iss-3dmm,,,,,metagenome,,,,,,built environment,space,,,,
ERR12711385,PRJEB73327,ERP158128,14542.KATHARO.P4.3,,iss-3dmm,,,,,metagenome,,,,,,built environment,space,,,,
ERR12711386,PRJEB73327,ERP158128,14542.KATHARO.P4.4,,iss-3dmm,,,,,metagenome,,,,,,built environment,space,,,,
ERR12711387,PRJEB73327,ERP158128,14542.KATHARO.P5.1,,iss-3dmm,,,,,metagenome,,,,,,built environment,space,,,,
ERR12711388,PRJEB73327,ERP158128,14542.KATHARO.P5.2,,iss-3dmm,,,,,metagenome,,,,,,built environment,space,,,,
ERR12711389,PRJEB73327,ERP158128,14542.KATHARO.P5.3,,iss-3dmm,,,,,metagenome,,,,,,built environment,space,,,,
ERR12711390,PRJEB73327,ERP158128,14542.KATHARO.P6.1,,iss-3dmm,,,,,metagenome,,,,,,built environment,space,,,,
ERR12711391,PRJEB73327,ERP158128,14542.KATHARO.P6.2,,iss-3dmm,,,,,metagenome,,,,,,built environment,space,,,,
ERR12711392,PRJEB73327,ERP158128,14542.KATHARO.P6.3,,iss-3dmm,,,,,metagenome,,,,,,built environment,space,,,,
ERR12711393,PRJEB73327,ERP158128,14542.KATHARO.P6.4,,iss-3dmm,,,,,metagenome,,,,,,built environment,space,,,,
ERR12711394,PRJEB73327,ERP158128,14542.KATHARO.P7.1,,iss-3dmm,,,,,metagenome,,,,,,built environment,space,,,,
ERR12711395,PRJEB73327,ERP158128,14542.KATHARO.P7.2,,iss-3dmm,,,,,metagenome,,,,,,built environment,space,,,,
ERR12711396,PRJEB73327,ERP158128,14542.KATHARO.P7.3,,iss-3dmm,,,,,metagenome,,,,,,built environment,space,,,,
ERR12711397,PRJEB73327,ERP158128,14542.KATHARO.P8.1,,iss-3dmm,,,,,metagenome,,,,,,built environment,space,,,,
ERR12711398,PRJEB73327,ERP158128,14542.KATHARO.P8.2,,iss-3dmm,,,,,metagenome,,,,,,built environment,space,,,,
ERR12711399,PRJEB73327,ERP158128,14542.KATHARO.P8.3,,iss-3dmm,,,,,metagenome,,,,,,built environment,space,,,,
ERR12711400,PRJEB73327,ERP158128,14542.KATHARO.P8.4,,iss-3dmm,,,,,metagenome,,,,,,built environment,space,,,,
ERR12711401,PRJEB73327,ERP158128,14542.KATHARO.P9.1,,iss-3dmm,,,,,metagenome,,,,,,built environment,space,,,,
ERR12711402,PRJEB73327,ERP158128,14542.KATHARO.P9.2,,iss-3dmm,,,,,metagenome,,,,,,built environment,space,,,,
ERR12711403,PRJEB73327,ERP158128,14542.KATHARO.P9.3,,iss-3dmm,,,,,metagenome,,,,,,built environment,space,,,,
ERR12711404,PRJEB73327,ERP158128,14542.LAB1D1.R1,,iss-3dmm,,,,,indoor metagenome,,,,,,built environment,space,,,,
ERR12711405,PRJEB73327,ERP158128,14542.LAB1D3.L1,,iss-3dmm,,,,,indoor metagenome,,,,,,built environment,space,,,,
ERR12711406,PRJEB73327,ERP158128,14542.LAB1D3.L2,,iss-3dmm,,,,,indoor metagenome,,,,,,built environment,space,,,,
ERR12711407,PRJEB73327,ERP158128,14542.LAB1D3.R1,,iss-3dmm,,,,,indoor metagenome,,,,,,built environment,space,,,,
ERR12711408,PRJEB73327,ERP158128,14542.LAB1D4.L2,,iss-3dmm,,,,,indoor metagenome,,,,,,built environment,space,,,,
ERR12711409,PRJEB73327,ERP158128,14542.LAB1O1.L1,,iss-3dmm,,,,,indoor metagenome,,,,,,built environment,space,,,,
ERR12711410,PRJEB73327,ERP158128,14542.LAB1O2.L1,,iss-3dmm,,,,,indoor metagenome,,,,,,built environment,space,,,,
ERR12711411,PRJEB73327,ERP158128,14542.LAB1O2.L2,,iss-3dmm,,,,,indoor metagenome,,,,,,built environment,space,,,,
ERR12711412,PRJEB73327,ERP158128,14542.LAB1O2.R1,,iss-3dmm,,,,,indoor metagenome,,,,,,built environment,space,,,,
ERR12711413,PRJEB73327,ERP158128,14542.LAB1O2.R2,,iss-3dmm,,,,,indoor metagenome,,,,,,built environment,space,,,,
ERR12711414,PRJEB73327,ERP158128,14542.LAB1O3.L1,,iss-3dmm,,,,,indoor metagenome,,,,,,built environment,space,,,,
ERR12711415,PRJEB73327,ERP158128,14542.LAB1O3.L2,,iss-3dmm,,,,,indoor metagenome,,,,,,built environment,space,,,,
ERR12711416,PRJEB73327,ERP158128,14542.LAB1O3.R1,,iss-3dmm,,,,,indoor metagenome,,,,,,built environment,space,,,,
ERR12711417,PRJEB73327,ERP158128,14542.LAB1O3.R2,,iss-3dmm,,,,,indoor metagenome,,,,,,built environment,space,,,,
ERR12711418,PRJEB73327,ERP158128,14542.LAB1O4.R2,,iss-3dmm,,,,,indoor metagenome,,,,,,built environment,space,,,,
ERR12711419,PRJEB73327,ERP158128,14542.LAB1O5.R1,,iss-3dmm,,,,,indoor metagenome,,,,,,built environment,space,,,,
ERR12711420,PRJEB73327,ERP158128,14542.LAB1O5.R2,,iss-3dmm,,,,,indoor metagenome,,,,,,built environment,space,,,,
ERR12711421,PRJEB73327,ERP158128,14542.LAB1O6.L1,,iss-3dmm,,,,,indoor metagenome,,,,,,built environment,space,,,,
ERR12711422,PRJEB73327,ERP158128,14542.LAB1O6.L2,,iss-3dmm,,,,,indoor metagenome,,,,,,built environment,space,,,,
ERR12711423,PRJEB73327,ERP158128,14542.LAB1O6.R2,,iss-3dmm,,,,,indoor metagenome,,,,,,built environment,space,,,,
ERR12711424,PRJEB73327,ERP158128,14542.LAB1P2.L1,,iss-3dmm,,,,,indoor metagenome,,,,,,built environment,space,,,,
ERR12711425,PRJEB73327,ERP158128,14542.LAB1P4.L1,,iss-3dmm,,,,,indoor metagenome,,,,,,built environment,space,,,,
ERR12711426,PRJEB73327,ERP158128,14542.LAB1P4.R1,,iss-3dmm,,,,,indoor metagenome,,,,,,built environment,space,,,,
ERR12711427,PRJEB73327,ERP158128,14542.LAB1P5.L1,,iss-3dmm,,,,,indoor metagenome,,,,,,built environment,space,,,,
ERR12711428,PRJEB73327,ERP158128,14542.LAB1P6.L2,,iss-3dmm,,,,,indoor metagenome,,,,,,built environment,space,,,,
ERR12711429,PRJEB73327,ERP158128,14542.LAB1S1.L1,,iss-3dmm,,,,,indoor metagenome,,,,,,built environment,space,,,,
ERR12711430,PRJEB73327,ERP158128,14542.LAB1S1.R1,,iss-3dmm,,,,,indoor metagenome,,,,,,built environment,space,,,,
ERR12711431,PRJEB73327,ERP158128,14542.LAB1S2.L2,,iss-3dmm,,,,,indoor metagenome,,,,,,built environment,space,,,,
ERR12711432,PRJEB73327,ERP158128,14542.LAB1S2.R1,,iss-3dmm,,,,,indoor metagenome,,,,,,built environment,space,,,,
ERR12711433,PRJEB73327,ERP158128,14542.LAB1S2.R2,,iss-3dmm,,,,,indoor metagenome,,,,,,built environment,space,,,,
ERR12711434,PRJEB73327,ERP158128,14542.LAB1S3.L1,,iss-3dmm,,,,,indoor metagenome,,,,,,built environment,space,,,,
ERR12711435,PRJEB73327,ERP158128,14542.LAB1S4.R1,,iss-3dmm,,,,,indoor metagenome,,,,,,built environment,space,,,,
ERR12711436,PRJEB73327,ERP158128,14542.LAB1S5.R1,,iss-3dmm,,,,,indoor metagenome,,,,,,built environment,space,,,,
ERR12711437,PRJEB73327,ERP158128,14542.LAB1S6.L2.,,iss-3dmm,,,,,indoor metagenome,,,,,,built environment,space,,,,
ERR12711438,PRJEB73327,ERP158128,14542.LAB1S6.R1.,,iss-3dmm,,,,,indoor metagenome,,,,,,built environment,space,,,,
ERR12711439,PRJEB73327,ERP158128,14542.LAB1S6.R2,,iss-3dmm,,,,,indoor metagenome,,,,,,built environment,space,,,,
ERR12711440,PRJEB73327,ERP158128,14542.NOD1D4.L1,,iss-3dmm,,,,,indoor metagenome,,,,,,built environment,space,,,,
ERR12711441,PRJEB73327,ERP158128,14542.NOD1D4.L6,,iss-3dmm,,,,,indoor metagenome,,,,,,built environment,space,,,,
ERR12711442,PRJEB73327,ERP158128,14542.NOD1D4.R10,,iss-3dmm,,,,,indoor metagenome,,,,,,built environment,space,,,,
ERR12711443,PRJEB73327,ERP158128,14542.NOD1D4.R7,,iss-3dmm,,,,,indoor metagenome,,,,,,built environment,space,,,,
ERR12711444,PRJEB73327,ERP158128,14542.NOD1O4.L1,,iss-3dmm,,,,,indoor metagenome,,,,,,built environment,space,,,,
ERR12711445,PRJEB73327,ERP158128,14542.NOD1O4.L2,,iss-3dmm,,,,,indoor metagenome,,,,,,built environment,space,,,,
ERR12711446,PRJEB73327,ERP158128,14542.NOD1O4.L3,,iss-3dmm,,,,,indoor metagenome,,,,,,built environment,space,,,,
ERR12711447,PRJEB73327,ERP158128,14542.NOD1O4.L5,,iss-3dmm,,,,,indoor metagenome,,,,,,built environment,space,,,,
ERR12711448,PRJEB73327,ERP158128,14542.NOD1O4.L6,,iss-3dmm,,,,,indoor metagenome,,,,,,built environment,space,,,,
ERR12711449,PRJEB73327,ERP158128,14542.NOD1O4.L7,,iss-3dmm,,,,,indoor metagenome,,,,,,built environment,space,,,,
ERR12711450,PRJEB73327,ERP158128,14542.NOD1O4.L9,,iss-3dmm,,,,,indoor metagenome,,,,,,built environment,space,,,,
ERR12711451,PRJEB73327,ERP158128,14542.NOD1O4.R1,,iss-3dmm,,,,,indoor metagenome,,,,,,built environment,space,,,,
ERR12711452,PRJEB73327,ERP158128,14542.NOD1O4.R10,,iss-3dmm,,,,,indoor metagenome,,,,,,built environment,space,,,,
ERR12711453,PRJEB73327,ERP158128,14542.NOD1O4.R2,,iss-3dmm,,,,,indoor metagenome,,,,,,built environment,space,,,,
ERR12711454,PRJEB73327,ERP158128,14542.NOD1O4.R3,,iss-3dmm,,,,,indoor metagenome,,,,,,built environment,space,,,,
ERR12711455,PRJEB73327,ERP158128,14542.NOD1O4.R4,,iss-3dmm,,,,,indoor metagenome,,,,,,built environment,space,,,,
ERR12711456,PRJEB73327,ERP158128,14542.NOD1O4.R5,,iss-3dmm,,,,,indoor metagenome,,,,,,built environment,space,,,,
ERR12711457,PRJEB73327,ERP158128,14542.NOD1O4.R6,,iss-3dmm,,,,,indoor metagenome,,,,,,built environment,space,,,,
ERR12711458,PRJEB73327,ERP158128,14542.NOD1O4.R7,,iss-3dmm,,,,,indoor metagenome,,,,,,built environment,space,,,,
ERR12711459,PRJEB73327,ERP158128,14542.NOD1O4.R8,,iss-3dmm,,,,,indoor metagenome,,,,,,built environment,space,,,,
ERR12711460,PRJEB73327,ERP158128,14542.NOD1O4.R9,,iss-3dmm,,,,,indoor metagenome,,,,,,built environment,space,,,,
ERR12711461,PRJEB73327,ERP158128,14542.NOD1P2.L1,,iss-3dmm,,,,,indoor metagenome,,,,,,built environment,space,,,,
ERR12711462,PRJEB73327,ERP158128,14542.NOD1P2.L10,,iss-3dmm,,,,,indoor metagenome,,,,,,built environment,space,,,,
ERR12711463,PRJEB73327,ERP158128,14542.NOD1P2.L2,,iss-3dmm,,,,,indoor metagenome,,,,,,built environment,space,,,,
ERR12711464,PRJEB73327,ERP158128,14542.NOD1P2.L3,,iss-3dmm,,,,,indoor metagenome,,,,,,built environment,space,,,,
ERR12711465,PRJEB73327,ERP158128,14542.NOD1P2.L6,,iss-3dmm,,,,,indoor metagenome,,,,,,built environment,space,,,,
ERR12711466,PRJEB73327,ERP158128,14542.NOD1P2.L8,,iss-3dmm,,,,,indoor metagenome,,,,,,built environment,space,,,,
ERR12711467,PRJEB73327,ERP158128,14542.NOD1P2.R1,,iss-3dmm,,,,,indoor metagenome,,,,,,built environment,space,,,,
ERR12711468,PRJEB73327,ERP158128,14542.NOD1P2.R2,,iss-3dmm,,,,,indoor metagenome,,,,,,built environment,space,,,,
ERR12711469,PRJEB73327,ERP158128,14542.NOD1P2.R5,,iss-3dmm,,,,,indoor metagenome,,,,,,built environment,space,,,,
ERR12711470,PRJEB73327,ERP158128,14542.NOD1P2.R9,,iss-3dmm,,,,,indoor metagenome,,,,,,built environment,space,,,,
ERR12711471,PRJEB73327,ERP158128,14542.NOD1P4.L10,,iss-3dmm,,,,,indoor metagenome,,,,,,built environment,space,,,,
ERR12711472,PRJEB73327,ERP158128,14542.NOD1P4.L2,,iss-3dmm,,,,,indoor metagenome,,,,,,built environment,space,,,,
ERR12711473,PRJEB73327,ERP158128,14542.NOD1P4.L6,,iss-3dmm,,,,,indoor metagenome,,,,,,built environment,space,,,,
ERR12711474,PRJEB73327,ERP158128,14542.NOD1P4.L7,,iss-3dmm,,,,,indoor metagenome,,,,,,built environment,space,,,,
ERR12711475,PRJEB73327,ERP158128,14542.NOD1P4.L9,,iss-3dmm,,,,,indoor metagenome,,,,,,built environment,space,,,,
ERR12711476,PRJEB73327,ERP158128,14542.NOD1P4.R10,,iss-3dmm,,,,,indoor metagenome,,,,,,built environment,space,,,,
ERR12711477,PRJEB73327,ERP158128,14542.NOD1P4.R2,,iss-3dmm,,,,,indoor metagenome,,,,,,built environment,space,,,,
ERR12711478,PRJEB73327,ERP158128,14542.NOD1P4.R4,,iss-3dmm,,,,,indoor metagenome,,,,,,built environment,space,,,,
ERR12711479,PRJEB73327,ERP158128,14542.NOD1P4.R5,,iss-3dmm,,,,,indoor metagenome,,,,,,built environment,space,,,,
ERR12711480,PRJEB73327,ERP158128,14542.NOD1P4.R6,,iss-3dmm,,,,,indoor metagenome,,,,,,built environment,space,,,,
ERR12711481,PRJEB73327,ERP158128,14542.NOD1P4.R7,,iss-3dmm,,,,,indoor metagenome,,,,,,built environment,space,,,,
ERR12711482,PRJEB73327,ERP158128,14542.NOD1P4.R8,,iss-3dmm,,,,,indoor metagenome,,,,,,built environment,space,,,,
ERR12711483,PRJEB73327,ERP158128,14542.NOD1S2.L3,,iss-3dmm,,,,,indoor metagenome,,,,,,built environment,space,,,,
ERR12711484,PRJEB73327,ERP158128,14542.NOD1S2.L7,,iss-3dmm,,,,,indoor metagenome,,,,,,built environment,space,,,,
ERR12711485,PRJEB73327,ERP158128,14542.NOD1S2.R1,,iss-3dmm,,,,,indoor metagenome,,,,,,built environment,space,,,,
ERR12711486,PRJEB73327,ERP158128,14542.NOD1S2.R2,,iss-3dmm,,,,,indoor metagenome,,,,,,built environment,space,,,,
ERR12711487,PRJEB73327,ERP158128,14542.NOD1S2.R3,,iss-3dmm,,,,,indoor metagenome,,,,,,built environment,space,,,,
ERR12711488,PRJEB73327,ERP158128,14542.NOD1S2.R4,,iss-3dmm,,,,,indoor metagenome,,,,,,built environment,space,,,,
ERR12711489,PRJEB73327,ERP158128,14542.NOD1S2.R5,,iss-3dmm,,,,,indoor metagenome,,,,,,built environment,space,,,,
ERR12711490,PRJEB73327,ERP158128,14542.NOD1S2.R6,,iss-3dmm,,,,,indoor metagenome,,,,,,built environment,space,,,,
ERR12711491,PRJEB73327,ERP158128,14542.NOD1S2.R7,,iss-3dmm,,,,,indoor metagenome,,,,,,built environment,space,,,,
ERR12711492,PRJEB73327,ERP158128,14542.NOD1S4.L3,,iss-3dmm,,,,,indoor metagenome,,,,,,built environment,space,,,,
ERR12711493,PRJEB73327,ERP158128,14542.NOD1S4.L4,,iss-3dmm,,,,,indoor metagenome,,,,,,built environment,space,,,,
ERR12711494,PRJEB73327,ERP158128,14542.NOD1S4.L5,,iss-3dmm,,,,,indoor metagenome,,,,,,built environment,space,,,,
ERR12711495,PRJEB73327,ERP158128,14542.NOD1S4.L6,,iss-3dmm,,,,,indoor metagenome,,,,,,built environment,space,,,,
ERR12711496,PRJEB73327,ERP158128,14542.NOD1S4.L8,,iss-3dmm,,,,,indoor metagenome,,,,,,built environment,space,,,,
ERR12711497,PRJEB73327,ERP158128,14542.NOD1S4.L9,,iss-3dmm,,,,,indoor metagenome,,,,,,built environment,space,,,,
ERR12711498,PRJEB73327,ERP158128,14542.NOD1S4.R1,,iss-3dmm,,,,,indoor metagenome,,,,,,built environment,space,,,,
ERR12711499,PRJEB73327,ERP158128,14542.NOD1S4.R10,,iss-3dmm,,,,,indoor metagenome,,,,,,built environment,space,,,,
ERR12711500,PRJEB73327,ERP158128,14542.NOD1S4.R2,,iss-3dmm,,,,,indoor metagenome,,,,,,built environment,space,,,,
ERR12711501,PRJEB73327,ERP158128,14542.NOD1S4.R3,,iss-3dmm,,,,,indoor metagenome,,,,,,built environment,space,,,,
ERR12711502,PRJEB73327,ERP158128,14542.NOD1S4.R4,,iss-3dmm,,,,,indoor metagenome,,,,,,built environment,space,,,,
ERR12711503,PRJEB73327,ERP158128,14542.NOD1S4.R5,,iss-3dmm,,,,,indoor metagenome,,,,,,built environment,space,,,,
ERR12711504,PRJEB73327,ERP158128,14542.NOD1S4.R6,,iss-3dmm,,,,,indoor metagenome,,,,,,built environment,space,,,,
ERR12711505,PRJEB73327,ERP158128,14542.NOD1S4.R9,,iss-3dmm,,,,,indoor metagenome,,,,,,built environment,space,,,,
ERR12711506,PRJEB73327,ERP158128,14542.NOD2.F4,,iss-3dmm,,,,,indoor metagenome,,,,,,built environment,space,,,,
ERR12711507,PRJEB73327,ERP158128,14542.NOD2D2.L3,,iss-3dmm,,,,,indoor metagenome,,,,,,built environment,space,,,,
ERR12711508,PRJEB73327,ERP158128,14542.NOD2D2.L5,,iss-3dmm,,,,,indoor metagenome,,,,,,built environment,space,,,,
ERR12711509,PRJEB73327,ERP158128,14542.NOD2D2.L6,,iss-3dmm,,,,,indoor metagenome,,,,,,built environment,space,,,,
ERR12711510,PRJEB73327,ERP158128,14542.NOD2D2.R2,,iss-3dmm,,,,,indoor metagenome,,,,,,built environment,space,,,,
ERR12711511,PRJEB73327,ERP158128,14542.NOD2D2.R3,,iss-3dmm,,,,,indoor metagenome,,,,,,built environment,space,,,,
ERR12711512,PRJEB73327,ERP158128,14542.NOD2D2.R4,,iss-3dmm,,,,,indoor metagenome,,,,,,built environment,space,,,,
ERR12711513,PRJEB73327,ERP158128,14542.NOD2D2.R5,,iss-3dmm,,,,,indoor metagenome,,,,,,built environment,space,,,,
ERR12711514,PRJEB73327,ERP158128,14542.NOD2D4.L5,,iss-3dmm,,,,,indoor metagenome,,,,,,built environment,space,,,,
ERR12711515,PRJEB73327,ERP158128,14542.NOD2O2.L2,,iss-3dmm,,,,,indoor metagenome,,,,,,built environment,space,,,,
ERR12711516,PRJEB73327,ERP158128,14542.NOD2O2.L3,,iss-3dmm,,,,,indoor metagenome,,,,,,built environment,space,,,,
ERR12711517,PRJEB73327,ERP158128,14542.NOD2O2.L4,,iss-3dmm,,,,,indoor metagenome,,,,,,built environment,space,,,,
ERR12711518,PRJEB73327,ERP158128,14542.NOD2O2.L5,,iss-3dmm,,,,,indoor metagenome,,,,,,built environment,space,,,,
ERR12711519,PRJEB73327,ERP158128,14542.NOD2O2.L6,,iss-3dmm,,,,,indoor metagenome,,,,,,built environment,space,,,,
ERR12711520,PRJEB73327,ERP158128,14542.NOD2O2.R1,,iss-3dmm,,,,,indoor metagenome,,,,,,built environment,space,,,,
ERR12711521,PRJEB73327,ERP158128,14542.NOD2O2.R3,,iss-3dmm,,,,,indoor metagenome,,,,,,built environment,space,,,,
ERR12711522,PRJEB73327,ERP158128,14542.NOD2O2.R4,,iss-3dmm,,,,,indoor metagenome,,,,,,built environment,space,,,,
ERR12711523,PRJEB73327,ERP158128,14542.NOD2O2.R6,,iss-3dmm,,,,,indoor metagenome,,,,,,built environment,space,,,,
ERR12711524,PRJEB73327,ERP158128,14542.NOD2O4.L1,,iss-3dmm,,,,,indoor metagenome,,,,,,built environment,space,,,,
ERR12711525,PRJEB73327,ERP158128,14542.NOD2O4.L2,,iss-3dmm,,,,,indoor metagenome,,,,,,built environment,space,,,,
ERR12711526,PRJEB73327,ERP158128,14542.NOD2O4.L5,,iss-3dmm,,,,,indoor metagenome,,,,,,built environment,space,,,,
ERR12711527,PRJEB73327,ERP158128,14542.NOD2O4.L6,,iss-3dmm,,,,,indoor metagenome,,,,,,built environment,space,,,,
ERR12711528,PRJEB73327,ERP158128,14542.NOD2O4.R1,,iss-3dmm,,,,,indoor metagenome,,,,,,built environment,space,,,,
ERR12711529,PRJEB73327,ERP158128,14542.NOD2O4.R2,,iss-3dmm,,,,,indoor metagenome,,,,,,built environment,space,,,,
ERR12711530,PRJEB73327,ERP158128,14542.NOD2O4.R3,,iss-3dmm,,,,,indoor metagenome,,,,,,built environment,space,,,,
ERR12711531,PRJEB73327,ERP158128,14542.NOD2O4.R4,,iss-3dmm,,,,,indoor metagenome,,,,,,built environment,space,,,,
ERR12711532,PRJEB73327,ERP158128,14542.NOD2O4.R5,,iss-3dmm,,,,,indoor metagenome,,,,,,built environment,space,,,,
ERR12711533,PRJEB73327,ERP158128,14542.NOD2O4.R6,,iss-3dmm,,,,,indoor metagenome,,,,,,built environment,space,,,,
ERR12711534,PRJEB73327,ERP158128,14542.NOD2P2.L1,,iss-3dmm,,,,,indoor metagenome,,,,,,built environment,space,,,,
ERR12711535,PRJEB73327,ERP158128,14542.NOD2P2.L2,,iss-3dmm,,,,,indoor metagenome,,,,,,built environment,space,,,,
ERR12711536,PRJEB73327,ERP158128,14542.NOD2P2.L3,,iss-3dmm,,,,,indoor metagenome,,,,,,built environment,space,,,,
ERR12711537,PRJEB73327,ERP158128,14542.NOD2P2.R1,,iss-3dmm,,,,,indoor metagenome,,,,,,built environment,space,,,,
ERR12711538,PRJEB73327,ERP158128,14542.NOD2P2.R3,,iss-3dmm,,,,,indoor metagenome,,,,,,built environment,space,,,,
ERR12711539,PRJEB73327,ERP158128,14542.NOD2P4.L1,,iss-3dmm,,,,,indoor metagenome,,,,,,built environment,space,,,,
ERR12711540,PRJEB73327,ERP158128,14542.NOD2P4.L2,,iss-3dmm,,,,,indoor metagenome,,,,,,built environment,space,,,,
ERR12711541,PRJEB73327,ERP158128,14542.NOD2P4.L5,,iss-3dmm,,,,,indoor metagenome,,,,,,built environment,space,,,,
ERR12711542,PRJEB73327,ERP158128,14542.NOD2P4.L6,,iss-3dmm,,,,,indoor metagenome,,,,,,built environment,space,,,,
ERR12711543,PRJEB73327,ERP158128,14542.NOD2P4.R3,,iss-3dmm,,,,,indoor metagenome,,,,,,built environment,space,,,,
ERR12711544,PRJEB73327,ERP158128,14542.NOD2S2.L3,,iss-3dmm,,,,,indoor metagenome,,,,,,built environment,space,,,,
ERR12711545,PRJEB73327,ERP158128,14542.NOD2S2.L4,,iss-3dmm,,,,,indoor metagenome,,,,,,built environment,space,,,,
ERR12711546,PRJEB73327,ERP158128,14542.NOD2S2.R4,,iss-3dmm,,,,,indoor metagenome,,,,,,built environment,space,,,,
ERR12711547,PRJEB73327,ERP158128,14542.NOD2S2.R6,,iss-3dmm,,,,,indoor metagenome,,,,,,built environment,space,,,,
ERR12711548,PRJEB73327,ERP158128,14542.NOD2S4.L2,,iss-3dmm,,,,,indoor metagenome,,,,,,built environment,space,,,,
ERR12711549,PRJEB73327,ERP158128,14542.NOD2S4.L3,,iss-3dmm,,,,,indoor metagenome,,,,,,built environment,space,,,,
ERR12711550,PRJEB73327,ERP158128,14542.NOD2S4.L4,,iss-3dmm,,,,,indoor metagenome,,,,,,built environment,space,,,,
ERR12711551,PRJEB73327,ERP158128,14542.NOD2S4.L5,,iss-3dmm,,,,,indoor metagenome,,,,,,built environment,space,,,,
ERR12711552,PRJEB73327,ERP158128,14542.NOD2S4.R1,,iss-3dmm,,,,,indoor metagenome,,,,,,built environment,space,,,,
ERR12711553,PRJEB73327,ERP158128,14542.NOD2S4.R4,,iss-3dmm,,,,,indoor metagenome,,,,,,built environment,space,,,,
ERR12711554,PRJEB73327,ERP158128,14542.NOD2S4.R5,,iss-3dmm,,,,,indoor metagenome,,,,,,built environment,space,,,,
ERR12711555,PRJEB73327,ERP158128,14542.NOD2S4.R6,,iss-3dmm,,,,,indoor metagenome,,,,,,built environment,space,,,,
ERR12711556,PRJEB73327,ERP158128,14542.NOD3A2.L2,,iss-3dmm,,,,,indoor metagenome,,,,,,built environment,space,,,,
ERR12711557,PRJEB73327,ERP158128,14542.NOD3A2.L3,,iss-3dmm,,,,,indoor metagenome,,,,,,built environment,space,,,,
ERR12711558,PRJEB73327,ERP158128,14542.NOD3A2.L4,,iss-3dmm,,,,,indoor metagenome,,,,,,built environment,space,,,,
ERR12711559,PRJEB73327,ERP158128,14542.NOD3A2.L5,,iss-3dmm,,,,,indoor metagenome,,,,,,built environment,space,,,,
ERR12711560,PRJEB73327,ERP158128,14542.NOD3A2.L6,,iss-3dmm,,,,,indoor metagenome,,,,,,built environment,space,,,,
ERR12711561,PRJEB73327,ERP158128,14542.NOD3A2.R1,,iss-3dmm,,,,,indoor metagenome,,,,,,built environment,space,,,,
ERR12711562,PRJEB73327,ERP158128,14542.NOD3A2.R2,,iss-3dmm,,,,,indoor metagenome,,,,,,built environment,space,,,,
ERR12711563,PRJEB73327,ERP158128,14542.NOD3A2.R3,,iss-3dmm,,,,,indoor metagenome,,,,,,built environment,space,,,,
ERR12711564,PRJEB73327,ERP158128,14542.NOD3A2.R5,,iss-3dmm,,,,,indoor metagenome,,,,,,built environment,space,,,,
ERR12711565,PRJEB73327,ERP158128,14542.NOD3A2.R6,,iss-3dmm,,,,,indoor metagenome,,,,,,built environment,space,,,,
ERR12711566,PRJEB73327,ERP158128,14542.NOD3A2.R7,,iss-3dmm,,,,,indoor metagenome,,,,,,built environment,space,,,,
ERR12711567,PRJEB73327,ERP158128,14542.NOD3A4.L1,,iss-3dmm,,,,,indoor metagenome,,,,,,built environment,space,,,,
ERR12711568,PRJEB73327,ERP158128,14542.NOD3A4.L2,,iss-3dmm,,,,,indoor metagenome,,,,,,built environment,space,,,,
ERR12711569,PRJEB73327,ERP158128,14542.NOD3A4.L3,,iss-3dmm,,,,,indoor metagenome,,,,,,built environment,space,,,,
ERR12711570,PRJEB73327,ERP158128,14542.NOD3A4.L5,,iss-3dmm,,,,,indoor metagenome,,,,,,built environment,space,,,,
ERR12711571,PRJEB73327,ERP158128,14542.NOD3A4.R1,,iss-3dmm,,,,,indoor metagenome,,,,,,built environment,space,,,,
ERR12711572,PRJEB73327,ERP158128,14542.NOD3A4.R2,,iss-3dmm,,,,,indoor metagenome,,,,,,built environment,space,,,,
ERR12711573,PRJEB73327,ERP158128,14542.NOD3A4.R4,,iss-3dmm,,,,,indoor metagenome,,,,,,built environment,space,,,,
ERR12711574,PRJEB73327,ERP158128,14542.NOD3A4.R5,,iss-3dmm,,,,,indoor metagenome,,,,,,built environment,space,,,,
ERR12711575,PRJEB73327,ERP158128,14542.NOD3A5.L1,,iss-3dmm,,,,,indoor metagenome,,,,,,built environment,space,,,,
ERR12711576,PRJEB73327,ERP158128,14542.NOD3A5.L2,,iss-3dmm,,,,,indoor metagenome,,,,,,built environment,space,,,,
ERR12711577,PRJEB73327,ERP158128,14542.NOD3A5.L3,,iss-3dmm,,,,,indoor metagenome,,,,,,built environment,space,,,,
ERR12711578,PRJEB73327,ERP158128,14542.NOD3A5.L5,,iss-3dmm,,,,,indoor metagenome,,,,,,built environment,space,,,,
ERR12711579,PRJEB73327,ERP158128,14542.NOD3A5.L6,,iss-3dmm,,,,,indoor metagenome,,,,,,built environment,space,,,,
ERR12711580,PRJEB73327,ERP158128,14542.NOD3A5.R1,,iss-3dmm,,,,,indoor metagenome,,,,,,built environment,space,,,,
ERR12711581,PRJEB73327,ERP158128,14542.NOD3A5.R3,,iss-3dmm,,,,,indoor metagenome,,,,,,built environment,space,,,,
ERR12711582,PRJEB73327,ERP158128,14542.NOD3A5.R4,,iss-3dmm,,,,,indoor metagenome,,,,,,built environment,space,,,,
ERR12711583,PRJEB73327,ERP158128,14542.NOD3A5.R6,,iss-3dmm,,,,,indoor metagenome,,,,,,built environment,space,,,,
ERR12711584,PRJEB73327,ERP158128,14542.NOD3D2.C1,,iss-3dmm,,,,,indoor metagenome,,,,,,built environment,space,,,,
ERR12711585,PRJEB73327,ERP158128,14542.NOD3D2.C2,,iss-3dmm,,,,,indoor metagenome,,,,,,built environment,space,,,,
ERR12711586,PRJEB73327,ERP158128,14542.NOD3D2.C3,,iss-3dmm,,,,,indoor metagenome,,,,,,built environment,space,,,,
ERR12711587,PRJEB73327,ERP158128,14542.NOD3D2.C4,,iss-3dmm,,,,,indoor metagenome,,,,,,built environment,space,,,,
ERR12711588,PRJEB73327,ERP158128,14542.NOD3D2.C5,,iss-3dmm,,,,,indoor metagenome,,,,,,built environment,space,,,,
ERR12711589,PRJEB73327,ERP158128,14542.NOD3D2.C6,,iss-3dmm,,,,,indoor metagenome,,,,,,built environment,space,,,,
ERR12711590,PRJEB73327,ERP158128,14542.NOD3D2.L1,,iss-3dmm,,,,,indoor metagenome,,,,,,built environment,space,,,,
ERR12711591,PRJEB73327,ERP158128,14542.NOD3D2.L2,,iss-3dmm,,,,,indoor metagenome,,,,,,built environment,space,,,,
ERR12711592,PRJEB73327,ERP158128,14542.NOD3D2.L4,,iss-3dmm,,,,,indoor metagenome,,,,,,built environment,space,,,,
ERR12711593,PRJEB73327,ERP158128,14542.NOD3D2.R1,,iss-3dmm,,,,,indoor metagenome,,,,,,built environment,space,,,,
ERR12711594,PRJEB73327,ERP158128,14542.NOD3D2.R2,,iss-3dmm,,,,,indoor metagenome,,,,,,built environment,space,,,,
ERR12711595,PRJEB73327,ERP158128,14542.NOD3D2.R4,,iss-3dmm,,,,,indoor metagenome,,,,,,built environment,space,,,,
ERR12711596,PRJEB73327,ERP158128,14542.NOD3D4.L1,,iss-3dmm,,,,,indoor metagenome,,,,,,built environment,space,,,,
ERR12711597,PRJEB73327,ERP158128,14542.NOD3D4.L4,,iss-3dmm,,,,,indoor metagenome,,,,,,built environment,space,,,,
ERR12711598,PRJEB73327,ERP158128,14542.NOD3D4.L5,,iss-3dmm,,,,,indoor metagenome,,,,,,built environment,space,,,,
ERR12711599,PRJEB73327,ERP158128,14542.NOD3D4.L6,,iss-3dmm,,,,,indoor metagenome,,,,,,built environment,space,,,,
ERR12711600,PRJEB73327,ERP158128,14542.NOD3D4.R3,,iss-3dmm,,,,,indoor metagenome,,,,,,built environment,space,,,,
ERR12711601,PRJEB73327,ERP158128,14542.NOD3D4.R4,,iss-3dmm,,,,,indoor metagenome,,,,,,built environment,space,,,,
ERR12711602,PRJEB73327,ERP158128,14542.NOD3D4.R5,,iss-3dmm,,,,,indoor metagenome,,,,,,built environment,space,,,,
ERR12711603,PRJEB73327,ERP158128,14542.NOD3D5.L1,,iss-3dmm,,,,,indoor metagenome,,,,,,built environment,space,,,,
ERR12711604,PRJEB73327,ERP158128,14542.NOD3D5.L2,,iss-3dmm,,,,,indoor metagenome,,,,,,built environment,space,,,,
ERR12711605,PRJEB73327,ERP158128,14542.NOD3D5.L3,,iss-3dmm,,,,,indoor metagenome,,,,,,built environment,space,,,,
ERR12711606,PRJEB73327,ERP158128,14542.NOD3D5.L4,,iss-3dmm,,,,,indoor metagenome,,,,,,built environment,space,,,,
ERR12711607,PRJEB73327,ERP158128,14542.NOD3D5.L5,,iss-3dmm,,,,,indoor metagenome,,,,,,built environment,space,,,,
ERR12711608,PRJEB73327,ERP158128,14542.NOD3D5.L6,,iss-3dmm,,,,,indoor metagenome,,,,,,built environment,space,,,,
ERR12711609,PRJEB73327,ERP158128,14542.NOD3D5.R2,,iss-3dmm,,,,,indoor metagenome,,,,,,built environment,space,,,,
ERR12711610,PRJEB73327,ERP158128,14542.NOD3D5.R5,,iss-3dmm,,,,,indoor metagenome,,,,,,built environment,space,,,,
ERR12711611,PRJEB73327,ERP158128,14542.NOD3F2.L1,,iss-3dmm,,,,,indoor metagenome,,,,,,built environment,space,,,,
ERR12711612,PRJEB73327,ERP158128,14542.NOD3F2.L2,,iss-3dmm,,,,,indoor metagenome,,,,,,built environment,space,,,,
ERR12711613,PRJEB73327,ERP158128,14542.NOD3F2.L3,,iss-3dmm,,,,,indoor metagenome,,,,,,built environment,space,,,,
ERR12711614,PRJEB73327,ERP158128,14542.NOD3F2.L5,,iss-3dmm,,,,,indoor metagenome,,,,,,built environment,space,,,,
ERR12711615,PRJEB73327,ERP158128,14542.NOD3F2.L7,,iss-3dmm,,,,,indoor metagenome,,,,,,built environment,space,,,,
ERR12711616,PRJEB73327,ERP158128,14542.NOD3F2.R1,,iss-3dmm,,,,,indoor metagenome,,,,,,built environment,space,,,,
ERR12711617,PRJEB73327,ERP158128,14542.NOD3F2.R3,,iss-3dmm,,,,,indoor metagenome,,,,,,built environment,space,,,,
ERR12711618,PRJEB73327,ERP158128,14542.NOD3F2.R4,,iss-3dmm,,,,,indoor metagenome,,,,,,built environment,space,,,,
ERR12711619,PRJEB73327,ERP158128,14542.NOD3F2.R5,,iss-3dmm,,,,,indoor metagenome,,,,,,built environment,space,,,,
ERR12711620,PRJEB73327,ERP158128,14542.NOD3F2.R7,,iss-3dmm,,,,,indoor metagenome,,,,,,built environment,space,,,,
ERR12711621,PRJEB73327,ERP158128,14542.NOD3F4.L1,,iss-3dmm,,,,,indoor metagenome,,,,,,built environment,space,,,,
ERR12711622,PRJEB73327,ERP158128,14542.NOD3F4.L2,,iss-3dmm,,,,,indoor metagenome,,,,,,built environment,space,,,,
ERR12711623,PRJEB73327,ERP158128,14542.NOD3F4.L3,,iss-3dmm,,,,,indoor metagenome,,,,,,built environment,space,,,,
ERR12711624,PRJEB73327,ERP158128,14542.NOD3F4.L4,,iss-3dmm,,,,,indoor metagenome,,,,,,built environment,space,,,,
ERR12711625,PRJEB73327,ERP158128,14542.NOD3F4.R1,,iss-3dmm,,,,,indoor metagenome,,,,,,built environment,space,,,,
ERR12711626,PRJEB73327,ERP158128,14542.NOD3F4.R2,,iss-3dmm,,,,,indoor metagenome,,,,,,built environment,space,,,,
ERR12711627,PRJEB73327,ERP158128,14542.NOD3F4.R3,,iss-3dmm,,,,,indoor metagenome,,,,,,built environment,space,,,,
ERR12711628,PRJEB73327,ERP158128,14542.NOD3F4.R4,,iss-3dmm,,,,,indoor metagenome,,,,,,built environment,space,,,,
ERR12711629,PRJEB73327,ERP158128,14542.NOD3F4.R5,,iss-3dmm,,,,,indoor metagenome,,,,,,built environment,space,,,,
ERR12711630,PRJEB73327,ERP158128,14542.NOD3F5.L1,,iss-3dmm,,,,,indoor metagenome,,,,,,built environment,space,,,,
ERR12711631,PRJEB73327,ERP158128,14542.NOD3F5.L2,,iss-3dmm,,,,,indoor metagenome,,,,,,built environment,space,,,,
ERR12711632,PRJEB73327,ERP158128,14542.NOD3F5.L3,,iss-3dmm,,,,,indoor metagenome,,,,,,built environment,space,,,,
ERR12711633,PRJEB73327,ERP158128,14542.NOD3F5.L5,,iss-3dmm,,,,,indoor metagenome,,,,,,built environment,space,,,,
ERR12711634,PRJEB73327,ERP158128,14542.NOD3F5.L6,,iss-3dmm,,,,,indoor metagenome,,,,,,built environment,space,,,,
ERR12711635,PRJEB73327,ERP158128,14542.NOD3F5.L7,,iss-3dmm,,,,,indoor metagenome,,,,,,built environment,space,,,,
ERR12711636,PRJEB73327,ERP158128,14542.NOD3F5.R1,,iss-3dmm,,,,,indoor metagenome,,,,,,built environment,space,,,,
ERR12711637,PRJEB73327,ERP158128,14542.NOD3F5.R4,,iss-3dmm,,,,,indoor metagenome,,,,,,built environment,space,,,,
ERR12711638,PRJEB73327,ERP158128,14542.NOD3F5.R6,,iss-3dmm,,,,,indoor metagenome,,,,,,built environment,space,,,,
ERR12711639,PRJEB73327,ERP158128,14542.NOD3F5.R7,,iss-3dmm,,,,,indoor metagenome,,,,,,built environment,space,,,,
ERR12711640,PRJEB73327,ERP158128,14542.NOD3O2.L10,,iss-3dmm,,,,,indoor metagenome,,,,,,built environment,space,,,,
ERR12711641,PRJEB73327,ERP158128,14542.NOD3O2.L12,,iss-3dmm,,,,,indoor metagenome,,,,,,built environment,space,,,,
ERR12711642,PRJEB73327,ERP158128,14542.NOD3O2.L13,,iss-3dmm,,,,,indoor metagenome,,,,,,built environment,space,,,,
ERR12711643,PRJEB73327,ERP158128,14542.NOD3O2.L14,,iss-3dmm,,,,,indoor metagenome,,,,,,built environment,space,,,,
ERR12711644,PRJEB73327,ERP158128,14542.NOD3O2.L8,,iss-3dmm,,,,,indoor metagenome,,,,,,built environment,space,,,,
ERR12711645,PRJEB73327,ERP158128,14542.NOD3O2.L9,,iss-3dmm,,,,,indoor metagenome,,,,,,built environment,space,,,,
ERR12711646,PRJEB73327,ERP158128,14542.NOD3O2.R10,,iss-3dmm,,,,,indoor metagenome,,,,,,built environment,space,,,,
ERR12711647,PRJEB73327,ERP158128,14542.NOD3O2.R11,,iss-3dmm,,,,,indoor metagenome,,,,,,built environment,space,,,,
ERR12711648,PRJEB73327,ERP158128,14542.NOD3O2.R12,,iss-3dmm,,,,,indoor metagenome,,,,,,built environment,space,,,,
ERR12711649,PRJEB73327,ERP158128,14542.NOD3O2.R14,,iss-3dmm,,,,,indoor metagenome,,,,,,built environment,space,,,,
ERR12711650,PRJEB73327,ERP158128,14542.NOD3O2.R8,,iss-3dmm,,,,,indoor metagenome,,,,,,built environment,space,,,,
ERR12711651,PRJEB73327,ERP158128,14542.NOD3O2.R9,,iss-3dmm,,,,,indoor metagenome,,,,,,built environment,space,,,,
ERR12711652,PRJEB73327,ERP158128,14542.NOD3O4.L2,,iss-3dmm,,,,,indoor metagenome,,,,,,built environment,space,,,,
ERR12711653,PRJEB73327,ERP158128,14542.NOD3O4.L3,,iss-3dmm,,,,,indoor metagenome,,,,,,built environment,space,,,,
ERR12711654,PRJEB73327,ERP158128,14542.NOD3O4.L4,,iss-3dmm,,,,,indoor metagenome,,,,,,built environment,space,,,,
ERR12711655,PRJEB73327,ERP158128,14542.NOD3O4.R1,,iss-3dmm,,,,,indoor metagenome,,,,,,built environment,space,,,,
ERR12711656,PRJEB73327,ERP158128,14542.NOD3O4.R2,,iss-3dmm,,,,,indoor metagenome,,,,,,built environment,space,,,,
ERR12711657,PRJEB73327,ERP158128,14542.NOD3O4.R5,,iss-3dmm,,,,,indoor metagenome,,,,,,built environment,space,,,,
ERR12711658,PRJEB73327,ERP158128,14542.NOD3O4.R6,,iss-3dmm,,,,,indoor metagenome,,,,,,built environment,space,,,,
ERR12711659,PRJEB73327,ERP158128,14542.NOD3O5.L1,,iss-3dmm,,,,,indoor metagenome,,,,,,built environment,space,,,,
ERR12711660,PRJEB73327,ERP158128,14542.NOD3O5.L3,,iss-3dmm,,,,,indoor metagenome,,,,,,built environment,space,,,,
ERR12711661,PRJEB73327,ERP158128,14542.NOD3O5.L4,,iss-3dmm,,,,,indoor metagenome,,,,,,built environment,space,,,,
ERR12711662,PRJEB73327,ERP158128,14542.NOD3O5.L5,,iss-3dmm,,,,,indoor metagenome,,,,,,built environment,space,,,,
ERR12711663,PRJEB73327,ERP158128,14542.NOD3O5.R1,,iss-3dmm,,,,,indoor metagenome,,,,,,built environment,space,,,,
ERR12711664,PRJEB73327,ERP158128,14542.NOD3O5.R2,,iss-3dmm,,,,,indoor metagenome,,,,,,built environment,space,,,,
ERR12711665,PRJEB73327,ERP158128,14542.NOD3O5.R3,,iss-3dmm,,,,,indoor metagenome,,,,,,built environment,space,,,,
ERR12711666,PRJEB73327,ERP158128,14542.NOD3O5.R4,,iss-3dmm,,,,,indoor metagenome,,,,,,built environment,space,,,,
ERR12711667,PRJEB73327,ERP158128,14542.NOD3O5.R5,,iss-3dmm,,,,,indoor metagenome,,,,,,built environment,space,,,,
ERR12711668,PRJEB73327,ERP158128,14542.NOD3O5.R6,,iss-3dmm,,,,,indoor metagenome,,,,,,built environment,space,,,,
ERR12711669,PRJEB73327,ERP158128,14542.PMM1D1.L1,,iss-3dmm,,,,,indoor metagenome,,,,,,built environment,space,,,,
ERR12711670,PRJEB73327,ERP158128,14542.PMM1D1.L2,,iss-3dmm,,,,,indoor metagenome,,,,,,built environment,space,,,,
ERR12711671,PRJEB73327,ERP158128,14542.PMM1D1.L3,,iss-3dmm,,,,,indoor metagenome,,,,,,built environment,space,,,,
ERR12711672,PRJEB73327,ERP158128,14542.PMM1D1.L4,,iss-3dmm,,,,,indoor metagenome,,,,,,built environment,space,,,,
ERR12711673,PRJEB73327,ERP158128,14542.PMM1D1.L5,,iss-3dmm,,,,,indoor metagenome,,,,,,built environment,space,,,,
ERR12711674,PRJEB73327,ERP158128,14542.PMM1D1.L6,,iss-3dmm,,,,,indoor metagenome,,,,,,built environment,space,,,,
ERR12711675,PRJEB73327,ERP158128,14542.PMM1D1.L8,,iss-3dmm,,,,,indoor metagenome,,,,,,built environment,space,,,,
ERR12711676,PRJEB73327,ERP158128,14542.PMM1D1.R2,,iss-3dmm,,,,,indoor metagenome,,,,,,built environment,space,,,,
ERR12711677,PRJEB73327,ERP158128,14542.PMM1D1.R4,,iss-3dmm,,,,,indoor metagenome,,,,,,built environment,space,,,,
ERR12711678,PRJEB73327,ERP158128,14542.PMM1D1.R6,,iss-3dmm,,,,,indoor metagenome,,,,,,built environment,space,,,,
ERR12711679,PRJEB73327,ERP158128,14542.PMM1D1.R8,,iss-3dmm,,,,,indoor metagenome,,,,,,built environment,space,,,,
ERR12711680,PRJEB73327,ERP158128,14542.PMM1O1.L1,,iss-3dmm,,,,,indoor metagenome,,,,,,built environment,space,,,,
ERR12711681,PRJEB73327,ERP158128,14542.PMM1O1.L3,,iss-3dmm,,,,,indoor metagenome,,,,,,built environment,space,,,,
ERR12711682,PRJEB73327,ERP158128,14542.PMM1O1.L4,,iss-3dmm,,,,,indoor metagenome,,,,,,built environment,space,,,,
ERR12711683,PRJEB73327,ERP158128,14542.PMM1O1.L6,,iss-3dmm,,,,,indoor metagenome,,,,,,built environment,space,,,,
ERR12711684,PRJEB73327,ERP158128,14542.PMM1O1.L7,,iss-3dmm,,,,,indoor metagenome,,,,,,built environment,space,,,,
ERR12711685,PRJEB73327,ERP158128,14542.PMM1O1.L8,,iss-3dmm,,,,,indoor metagenome,,,,,,built environment,space,,,,
ERR12711686,PRJEB73327,ERP158128,14542.PMM1O1.R2,,iss-3dmm,,,,,indoor metagenome,,,,,,built environment,space,,,,
ERR12711687,PRJEB73327,ERP158128,14542.PMM1O1.R3,,iss-3dmm,,,,,indoor metagenome,,,,,,built environment,space,,,,
ERR12711688,PRJEB73327,ERP158128,14542.PMM1O1.R5,,iss-3dmm,,,,,indoor metagenome,,,,,,built environment,space,,,,
ERR12711689,PRJEB73327,ERP158128,14542.PMM1O1.R6,,iss-3dmm,,,,,indoor metagenome,,,,,,built environment,space,,,,
ERR12711690,PRJEB73327,ERP158128,14542.PMM1O1.R7,,iss-3dmm,,,,,indoor metagenome,,,,,,built environment,space,,,,
ERR12711691,PRJEB73327,ERP158128,14542.PMM1O1.R8,,iss-3dmm,,,,,indoor metagenome,,,,,,built environment,space,,,,
ERR12711692,PRJEB73327,ERP158128,14542.PMM1P1.L1,,iss-3dmm,,,,,indoor metagenome,,,,,,built environment,space,,,,
ERR12711693,PRJEB73327,ERP158128,14542.PMM1P1.L2,,iss-3dmm,,,,,indoor metagenome,,,,,,built environment,space,,,,
ERR12711694,PRJEB73327,ERP158128,14542.PMM1P1.L3,,iss-3dmm,,,,,indoor metagenome,,,,,,built environment,space,,,,
ERR12711695,PRJEB73327,ERP158128,14542.PMM1P1.L4,,iss-3dmm,,,,,indoor metagenome,,,,,,built environment,space,,,,
ERR12711696,PRJEB73327,ERP158128,14542.PMM1P1.L5,,iss-3dmm,,,,,indoor metagenome,,,,,,built environment,space,,,,
ERR12711697,PRJEB73327,ERP158128,14542.PMM1P1.L8,,iss-3dmm,,,,,indoor metagenome,,,,,,built environment,space,,,,
ERR12711698,PRJEB73327,ERP158128,14542.PMM1P1.R1,,iss-3dmm,,,,,indoor metagenome,,,,,,built environment,space,,,,
ERR12711699,PRJEB73327,ERP158128,14542.PMM1P1.R2,,iss-3dmm,,,,,indoor metagenome,,,,,,built environment,space,,,,
ERR12711700,PRJEB73327,ERP158128,14542.PMM1P1.R3,,iss-3dmm,,,,,indoor metagenome,,,,,,built environment,space,,,,
ERR12711701,PRJEB73327,ERP158128,14542.PMM1P1.R4,,iss-3dmm,,,,,indoor metagenome,,,,,,built environment,space,,,,
ERR12711702,PRJEB73327,ERP158128,14542.PMM1P1.R6,,iss-3dmm,,,,,indoor metagenome,,,,,,built environment,space,,,,
ERR12711703,PRJEB73327,ERP158128,14542.PMM1P1.R7,,iss-3dmm,,,,,indoor metagenome,,,,,,built environment,space,,,,
ERR12711704,PRJEB73327,ERP158128,14542.PMM1S1.L1,,iss-3dmm,,,,,indoor metagenome,,,,,,built environment,space,,,,
ERR12711705,PRJEB73327,ERP158128,14542.PMM1S1.L2,,iss-3dmm,,,,,indoor metagenome,,,,,,built environment,space,,,,
ERR12711706,PRJEB73327,ERP158128,14542.PMM1S1.L3,,iss-3dmm,,,,,indoor metagenome,,,,,,built environment,space,,,,
ERR12711707,PRJEB73327,ERP158128,14542.PMM1S1.L4,,iss-3dmm,,,,,indoor metagenome,,,,,,built environment,space,,,,
ERR12711708,PRJEB73327,ERP158128,14542.PMM1S1.L5,,iss-3dmm,,,,,indoor metagenome,,,,,,built environment,space,,,,
ERR12711709,PRJEB73327,ERP158128,14542.PMM1S1.L6,,iss-3dmm,,,,,indoor metagenome,,,,,,built environment,space,,,,
ERR12711710,PRJEB73327,ERP158128,14542.PMM1S1.L7,,iss-3dmm,,,,,indoor metagenome,,,,,,built environment,space,,,,
ERR12711711,PRJEB73327,ERP158128,14542.PMM1S1.L8,,iss-3dmm,,,,,indoor metagenome,,,,,,built environment,space,,,,
ERR12711712,PRJEB73327,ERP158128,14542.PMM1S1.R1,,iss-3dmm,,,,,indoor metagenome,,,,,,built environment,space,,,,
ERR12711713,PRJEB73327,ERP158128,14542.PMM1S1.R2,,iss-3dmm,,,,,indoor metagenome,,,,,,built environment,space,,,,
ERR12711714,PRJEB73327,ERP158128,14542.PMM1S1.R3,,iss-3dmm,,,,,indoor metagenome,,,,,,built environment,space,,,,
ERR12711715,PRJEB73327,ERP158128,14542.PMM1S1.R4,,iss-3dmm,,,,,indoor metagenome,,,,,,built environment,space,,,,
ERR12711716,PRJEB73327,ERP158128,14542.PMM1S1.R5,,iss-3dmm,,,,,indoor metagenome,,,,,,built environment,space,,,,
ERR12711717,PRJEB73327,ERP158128,14542.PMM1S1.R8,,iss-3dmm,,,,,indoor metagenome,,,,,,built environment,space,,,,
,,,GLDS-69_GMetagenomics_2333_HEPA-P_F1_L0_PMA_FLT,,iss-mt,,,,,,,,,,,built environment,space,,,,
,,,GLDS-69_GMetagenomics_5492_IG2SW-M_F1_L2_NORM_GC,,iss-mt,,,,,,,,,,,built environment,space,,,,
,,,GLDS-69_GMetagenomics_5494_IG4SW-M_F1_L4_NORM_GC,,iss-mt,,,,,,,,,,,built environment,space,,,,
,,,GLDS-69_GMetagenomics_5501_IG2SW-P-M_F1_L2_PMA_GC,,iss-mt,,,,,,,,,,,built environment,space,,,,
,,,GLDS-69_GMetagenomics_5503_IG4SW-P-M_F1_L4_PMA_GC,,iss-mt,,,,,,,,,,,built environment,space,,,,
,,,GLDS-69_GMetagenomics_5629_IF1SW-M_F1_L1_NORM_FLT,,iss-mt,,,,,,,,,,,built environment,space,,,,
,,,GLDS-69_GMetagenomics_5630_IF2SW-M_F1_L2_NORM_FLT,,iss-mt,,,,,,,,,,,built environment,space,,,,
,,,GLDS-69_GMetagenomics_5631_IF3SW-P-M_F1_L3_PMA_FLT,,iss-mt,,,,,,,,,,,built environment,space,,,,
,,,GLDS-69_GMetagenomics_5632_IF4SW-M_F1_L4_NORM_FLT,,iss-mt,,,,,,,,,,,built environment,space,,,,
,,,GLDS-69_GMetagenomics_5633_IF5SW-M_F1_L5_NORM_FLT,,iss-mt,,,,,,,,,,,built environment,space,,,,
,,,GLDS-69_GMetagenomics_5635_IF7SW-M_F1_L7_NORM_FLT,,iss-mt,,,,,,,,,,,built environment,space,,,,
,,,GLDS-69_GMetagenomics_5636_IF8SW-M_F1_L8_NORM_FLT,,iss-mt,,,,,,,,,,,built environment,space,,,,
,,,GLDS-69_GMetagenomics_5640_IF1SW-P-M_F1_L1_PMA_FLT,,iss-mt,,,,,,,,,,,built environment,space,,,,
,,,GLDS-69_GMetagenomics_5641_IF2SW-P-M_F1_L2_PMA_FLT,,iss-mt,,,,,,,,,,,built environment,space,,,,
,,,GLDS-69_GMetagenomics_5642_IF3SW-M_F1_L3_NORM_FLT,,iss-mt,,,,,,,,,,,built environment,space,,,,
,,,GLDS-69_GMetagenomics_5643_IF4SW-P-M_F1_L4_PMA_FLT,,iss-mt,,,,,,,,,,,built environment,space,,,,
,,,GLDS-69_GMetagenomics_5644_IF5SW-P-M_F1_L5_PMA_FLT,,iss-mt,,,,,,,,,,,built environment,space,,,,
,,,GLDS-69_GMetagenomics_5646_IF7SW-P-M_F1_L7_PMA_FLT,,iss-mt,,,,,,,,,,,built environment,space,,,,
,,,GLDS-69_GMetagenomics_5647_IF8SW-P-M_F1_L8_PMA_FLT,,iss-mt,,,,,,,,,,,built environment,space,,,,
,,,GLDS-69_GMetagenomics_5710_IIG1SW-M_F2_L1_NORM_GC,,iss-mt,,,,,,,,,,,built environment,space,,,,
,,,GLDS-69_GMetagenomics_5716_IIG7SW-M_F2_L7_NORM_GC,,iss-mt,,,,,,,,,,,built environment,space,,,,
,,,GLDS-69_GMetagenomics_5720_IIG1SW-P-M_F2_L1_PMA_GC,,iss-mt,,,,,,,,,,,built environment,space,,,,
,,,GLDS-69_GMetagenomics_5726_IIG7SW-P-M_F2_L7_PMA_GC,,iss-mt,,,,,,,,,,,built environment,space,,,,
,,,GLDS-69_GMetagenomics_5806_IIF1SW-M_F2_L1_NORM_FLT,,iss-mt,,,,,,,,,,,built environment,space,,,,
,,,GLDS-69_GMetagenomics_5808_IIF3SW-M_F2_L3_NORM_FLT,,iss-mt,,,,,,,,,,,built environment,space,,,,
,,,GLDS-69_GMetagenomics_5809_IIF4SW-M_F2_L4_NORM_FLT,,iss-mt,,,,,,,,,,,built environment,space,,,,
,,,GLDS-69_GMetagenomics_5810_IIF5SW-M_F2_L5_NORM_FLT,,iss-mt,,,,,,,,,,,built environment,space,,,,
,,,GLDS-69_GMetagenomics_5812_IIF7SW-M_F2_L7_NORM_FLT,,iss-mt,,,,,,,,,,,built environment,space,,,,
,,,GLDS-69_GMetagenomics_5813_IIF8SW-M_F2_L8_NORM_FLT,,iss-mt,,,,,,,,,,,built environment,space,,,,
,,,GLDS-69_GMetagenomics_5816_IIF1SW-P-M_F2_L1_PMA_FLT,,iss-mt,,,,,,,,,,,built environment,space,,,,
,,,GLDS-69_GMetagenomics_5817_IIF2SW-P-M_F2_L2_PMA_FLT,,iss-mt,,,,,,,,,,,built environment,space,,,,
,,,GLDS-69_GMetagenomics_5818_IIF3SW-P-M_F2_L3_PMA_FLT,,iss-mt,,,,,,,,,,,built environment,space,,,,
,,,GLDS-69_GMetagenomics_5819_IIF4SW-P-M_F2_L4_PMA_FLT,,iss-mt,,,,,,,,,,,built environment,space,,,,
,,,GLDS-69_GMetagenomics_5820_IIF5SW-P-M_F2_L5_PMA_FLT,,iss-mt,,,,,,,,,,,built environment,space,,,,
,,,GLDS-69_GMetagenomics_5822_IIF7SW-P-M_F2_L7_PMA_FLT,,iss-mt,,,,,,,,,,,built environment,space,,,,
,,,GLDS-69_GMetagenomics_5823_IIF8SW-P-M_F2_L8_PMA_FLT,,iss-mt,,,,,,,,,,,built environment,space,,,,
,,,GLDS-69_GMetagenomics_5863_IIF2SW-M_F2_L2_NORM_FLT,,iss-mt,,,,,,,,,,,built environment,space,,,,
,,,GLDS-69_GMetagenomics_5867_IIF2SW-P-M_F2_L2_PMA_FLT,,iss-mt,,,,,,,,,,,built environment,space,,,,
,,,GLDS-69_GMetagenomics_SRX3808503_IIIF3SW-P-M_F3_L3_PMA_FLT,,iss-mt,,,,,,,,,,,built environment,space,,,,
,,,GLDS-69_GMetagenomics_SRX3808504_IIIF2SW-P-M_F3_L2_PMA_FLT,,iss-mt,,,,,,,,,,,built environment,space,,,,
,,,GLDS-69_GMetagenomics_SRX3808505_IIIF1SW-P-M_F3_L1_PMA_FLT,,iss-mt,,,,,,,,,,,built environment,space,,,,
,,,GLDS-69_GMetagenomics_SRX3808507_IIIF5SW-P-M_F3_L5_PMA_FLT,,iss-mt,,,,,,,,,,,built environment,space,,,,
,,,GLDS-69_GMetagenomics_SRX3808508_IIIF4SW-P-M_F3_L4_PMA_FLT,,iss-mt,,,,,,,,,,,built environment,space,,,,
,,,GLDS-69_GMetagenomics_SRX3808509_IIIF7SW-M_F3_L7_NORM_FLT,,iss-mt,,,,,,,,,,,built environment,space,,,,
,,,GLDS-69_GMetagenomics_SRX3808510_IIIF5SW-M_F3_L5_NORM_FLT,,iss-mt,,,,,,,,,,,built environment,space,,,,
,,,GLDS-69_GMetagenomics_SRX3808511_IIIF2SW-M_F3_L2_NORM_FLT,,iss-mt,,,,,,,,,,,built environment,space,,,,
,,,GLDS-69_GMetagenomics_SRX3808512_IIIF1SW-M_F3_L1_NORM_FLT,,iss-mt,,,,,,,,,,,built environment,space,,,,
,,,GLDS-69_GMetagenomics_SRX3808513_IIIF4SW-M_F3_L4_NORM_FLT,,iss-mt,,,,,,,,,,,built environment,space,,,,
,,,GLDS-69_GMetagenomics_SRX3808514_IIIF3SW-M_F3_L3_NORM_FLT,,iss-mt,,,,,,,,,,,built environment,space,,,,
,,,GLDS-69_GMetagenomics_SRX3808529_IIIF7SW-P-M_F3_L7_PMA_FLT,,iss-mt,,,,,,,,,,,built environment,space,,,,
,,,GLDS-69_GMetagenomics_SRX3808530_IIIF8SW-P-M_F3_L8_PMA_FLT,,iss-mt,,,,,,,,,,,built environment,space,,,,
,,,GLDS-69_GMetagenomics_SRX3808535_IIIF8SW-M_F3_L8_NORM_FLT,,iss-mt,,,,,,,,,,,built environment,space,,,,
SRR26994796,PRJNA732392,SAMN38511936,haib17CEM4890_H2NYMCCXY_SL254769,,metasub,,Nigeria,Africa,,,,,8.1548483 N 4.7263633 E,,missing,built environment,subway,surface,,,
SRR27257262,PRJNA732392,SAMN38841707,haib17CEM4890_H2NYMCCXY_SL254770,,metasub,,Nigeria,Africa,,,,,8.15485 N 4.726465 E,,6/21/16,built environment,subway,surface,,,
SRR27257772,PRJNA732392,SAMN38841367,haib17CEM4890_H2NYMCCXY_SL254771,,metasub,,Nigeria,Africa,,,,,8.1549916 N 4.7264916 E,,6/21/16,built environment,subway,surface,,,
SRR27257900,PRJNA732392,SAMN38842096,haib17CEM4890_H2NYMCCXY_SL254772,,metasub,,Nigeria,Africa,,,,,8.1561445 N 4.7247807 E,,6/21/16,built environment,subway,surface,,,
SRR27257291,PRJNA732392,SAMN38841593,haib17CEM4890_H2NYMCCXY_SL254773,,metasub,,uncalculated,uncalculated,,,,,missing,,missing,built environment,subway,surface,,,
SRR27257923,PRJNA732392,SAMN38842054,haib17CEM4890_H2NYMCCXY_SL254774,,metasub,,uncalculated,uncalculated,,,,,missing,,missing,built environment,subway,surface,,,
SRR27257936,PRJNA732392,SAMN38841955,haib17CEM4890_H2NYMCCXY_SL254775,,metasub,,uncalculated,uncalculated,,,,,missing,,missing,built environment,subway,surface,,,
SRR27257984,PRJNA732392,SAMN38841518,haib17CEM4890_H2NYMCCXY_SL254776,,metasub,,Brazil,South America,,,,,22.87919891 S 43.27205217 W,,4/1/17,built environment,subway,surface,,,
SRR27257552,PRJNA732392,SAMN38842038,haib17CEM4890_H2NYMCCXY_SL254777,,metasub,,Brazil,South America,,,,,22.92405632 S 43.23247709 W,,4/1/17,built environment,subway,surface,,,
SRR27258193,PRJNA732392,SAMN38841622,haib17CEM4890_H2NYMCCXY_SL254778,,metasub,,Brazil,South America,,,,,22.90501773 S 43.19094441 W,,4/1/17,built environment,subway,surface,,,
SRR27257852,PRJNA732392,SAMN38842162,haib17CEM4890_H2NYMCCXY_SL254779,,metasub,,Brazil,South America,,,,,22.92405632 S 43.23247709 W,,4/1/17,built environment,subway,surface,,,
SRR27257458,PRJNA732392,SAMN38841475,haib17CEM4890_H2NYMCCXY_SL254780,,metasub,,USA,North America,,,,,missing,,1/1/70,built environment,subway,surface,,,
SRR27257446,PRJNA732392,SAMN38842010,haib17CEM4890_H2NYMCCXY_SL254781,,metasub,,Nigeria,Africa,,,,,8.1548316 N 4.7264349 E,,6/21/16,built environment,subway,surface,,,
SRR27257854,PRJNA732392,SAMN38842160,haib17CEM4890_H2NYMCCXY_SL254782,,metasub,,Nigeria,Africa,,,,,8.154855 N 4.7263683 E,,6/21/16,built environment,subway,surface,,,
SRR27257866,PRJNA732392,SAMN38841435,haib17CEM4890_H2NYMCCXY_SL254783,,metasub,,Nigeria,Africa,,,,,8.1556609 N 4.7244244 E,,6/21/16,built environment,subway,surface,,,
SRR27257975,PRJNA732392,SAMN38841875,haib17CEM4890_H2NYMCCXY_SL254784,,metasub,,Nigeria,Africa,,,,,8.1561445 N 4.7247807 E,,6/21/16,built environment,subway,surface,,,
SRR27257833,PRJNA732392,SAMN38842179,haib17CEM4890_H2NYMCCXY_SL254785,,metasub,,USA,North America,,,,,40.70670433 N 74.01113774 W,,6/21/16,built environment,subway,surface,,,
SRR27257282,PRJNA732392,SAMN38841601,haib17CEM4890_H2NYMCCXY_SL254786,,metasub,,USA,North America,,,,,40.67837333 N 73.90403898 W,,6/21/16,built environment,subway,surface,,,
SRR27257580,PRJNA732392,SAMN38841991,haib17CEM4890_H2NYMCCXY_SL254787,,metasub,,uncalculated,uncalculated,,,,,missing,,missing,built environment,subway,surface,,,
SRR27257747,PRJNA732392,SAMN38841378,haib17CEM4890_H2NYMCCXY_SL254788,,metasub,,Brazil,South America,,,,,22.87919891 S 43.27205217 W,,4/1/17,built environment,subway,surface,,,
SRR27257323,PRJNA732392,SAMN38841522,haib17CEM4890_H2NYMCCXY_SL254789,,metasub,,Brazil,South America,,,,,22.92405632 S 43.23247709 W,,4/1/17,built environment,subway,surface,,,
SRR27257779,PRJNA732392,SAMN38842251,haib17CEM4890_H2NYMCCXY_SL254790,,metasub,,Brazil,South America,,,,,22.87919891 S 43.27205217 W,,4/1/17,built environment,subway,surface,,,
SRR27258107,PRJNA732392,SAMN38841764,haib17CEM4890_H2NYMCCXY_SL254791,,metasub,,Brazil,South America,,,,,22.92405632 S 43.23247709 W,,4/1/17,built environment,subway,surface,,,
SRR27257627,PRJNA732392,SAMN38841927,haib17CEM4890_H2NYMCCXY_SL254792,,metasub,,USA,North America,,,,,missing,,1/1/70,built environment,subway,surface,,,
SRR27258106,PRJNA732392,SAMN38841765,haib17CEM4890_H2NYMCCXY_SL254793,,metasub,,Nigeria,Africa,,,,,8.1549316 N 4.7265016 E,,6/21/16,built environment,subway,surface,,,
SRR27258015,PRJNA732392,SAMN38841913,haib17CEM4890_H2NYMCCXY_SL254794,,metasub,,Nigeria,Africa,,,,,8.1548633 N 4.7264466 E,,6/21/16,built environment,subway,surface,,,
SRR27258098,PRJNA732392,SAMN38841772,haib17CEM4890_H2NYMCCXY_SL254795,,metasub,,Nigeria,Africa,,,,,8.1561445 N 4.7247807 E,,6/21/16,built environment,subway,surface,,,
SRR27257877,PRJNA732392,SAMN38842117,haib17CEM4890_H2NYMCCXY_SL254796,,metasub,,USA,North America,,,,,40.67953148 N 73.90352726 W,,6/21/16,built environment,subway,surface,,,
SRR27257490,PRJNA732392,SAMN38841506,haib17CEM4890_H2NYMCCXY_SL254797,,metasub,,USA,North America,,,,,40.70645752 N 74.0110302 W,,6/21/16,built environment,subway,surface,,,
SRR27257855,PRJNA732392,SAMN38842159,haib17CEM4890_H2NYMCCXY_SL254798,,metasub,,USA,North America,,,,,40.70658765 N 74.01115894 W,,6/21/16,built environment,subway,surface,,,
SRR27258044,PRJNA732392,SAMN38841821,haib17CEM4890_H2NYMCCXY_SL254799,,metasub,,uncalculated,uncalculated,,,,,missing,,missing,built environment,subway,surface,,,
SRR27257292,PRJNA732392,SAMN38841592,haib17CEM4890_H2NYMCCXY_SL254800,,metasub,,Brazil,South America,,,,,22.98477935 S 43.19790062 W,,4/1/17,built environment,subway,surface,,,
SRR27257871,PRJNA732392,SAMN38842123,haib17CEM4890_H2NYMCCXY_SL254801,,metasub,,Brazil,South America,,,,,22.92405632 S 43.23247709 W,,4/1/17,built environment,subway,surface,,,
SRR27257237,PRJNA732392,SAMN38841860,haib17CEM4890_H2NYMCCXY_SL254802,,metasub,,Brazil,South America,,,,,22.98477935 S 43.19790062 W,,4/1/17,built environment,subway,surface,,,
SRR27257774,PRJNA732392,SAMN38842256,haib17CEM4890_H2NYMCCXY_SL254803,,metasub,,Brazil,South America,,,,,22.92405632 S 43.23247709 W,,4/1/17,built environment,subway,surface,,,
SRR27257819,PRJNA732392,SAMN38842192,haib17CEM4890_H2NYMCCXY_SL254804,,metasub,,USA,North America,,,,,missing,,1/1/70,built environment,subway,surface,,,
SRR27258010,PRJNA732392,SAMN38842289,haib17CEM4890_H2NYMCCXY_SL254805,,metasub,,Nigeria,Africa,,,,,8.1548533 N 4.7265483 E,,6/21/16,built environment,subway,surface,,,
SRR27257896,PRJNA732392,SAMN38842099,haib17CEM4890_H2NYMCCXY_SL254806,,metasub,,Nigeria,Africa,,,,,8.154815 N 4.7265 E,,6/21/16,built environment,subway,surface,,,
SRR27257420,PRJNA732392,SAMN38841430,haib17CEM4890_H2NYMCCXY_SL254807,,metasub,,Nigeria,Africa,,,,,8.1561445 N 4.7247807 E,,6/21/16,built environment,subway,surface,,,
SRR27257891,PRJNA732392,SAMN38842104,haib17CEM4890_H2NYMCCXY_SL254808,,metasub,,USA,North America,,,,,40.68595556 N 73.9159707 W,,6/21/16,built environment,subway,surface,,,
SRR27258130,PRJNA732392,SAMN38841722,haib17CEM4890_H2NYMCCXY_SL254809,,metasub,,USA,North America,,,,,40.71431364 N 74.00315523 W,,6/21/16,built environment,subway,surface,,,
SRR27258007,PRJNA732392,SAMN38842292,haib17CEM4890_H2NYMCCXY_SL254810,,metasub,,uncalculated,uncalculated,,,,,missing,,missing,built environment,subway,surface,,,
SRR27257285,PRJNA732392,SAMN38841598,haib17CEM4890_H2NYMCCXY_SL254811,,metasub,,uncalculated,uncalculated,,,,,missing,,missing,built environment,subway,surface,,,
SRR27257500,PRJNA732392,SAMN38842327,haib17CEM4890_H2NYMCCXY_SL254812,,metasub,,Brazil,South America,,,,,22.98477935 S 43.19790062 W,,4/1/17,built environment,subway,surface,,,
SRR27258144,PRJNA732392,SAMN38841666,haib17CEM4890_H2NYMCCXY_SL254813,,metasub,,Brazil,South America,,,,,22.85404892 S 43.31313551 W,,4/1/17,built environment,subway,surface,,,
SRR27257406,PRJNA732392,SAMN38842222,haib17CEM4890_H2NYMCCXY_SL254814,,metasub,,Brazil,South America,,,,,22.98477935 S 43.19790062 W,,4/1/17,built environment,subway,surface,,,
SRR27257653,PRJNA732392,SAMN38841837,haib17CEM4890_H2NYMCCXY_SL254815,,metasub,,Brazil,South America,,,,,22.85404892 S 43.31313551 W,,4/1/17,built environment,subway,surface,,,
SRR27257543,PRJNA732392,SAMN38842135,haib17CEM4890_H2NYMCCXY_SL254817,,metasub,,Nigeria,Africa,,,,,8.1548483 N 4.7265083 E,,6/21/16,built environment,subway,surface,,,
SRR27257357,PRJNA732392,SAMN38842332,haib17CEM4890_H2NYMCCXY_SL254818,,metasub,,Nigeria,Africa,,,,,8.154885 N 4.7264683 E,,6/21/16,built environment,subway,surface,,,
SRR27258020,PRJNA732392,SAMN38841908,haib17CEM4890_H2NYMCCXY_SL254819,,metasub,,Nigeria,Africa,,,,,8.1561445 N 4.7247807 E,,6/21/16,built environment,subway,surface,,,
SRR27257401,PRJNA732392,SAMN38841445,haib17CEM4890_H2NYMCCXY_SL254820,,metasub,,USA,North America,,,,,40.68995423 N 73.92282986 W,,6/21/16,built environment,subway,surface,,,
SRR27257757,PRJNA732392,SAMN38841549,haib17CEM4890_H2NYMCCXY_SL254821,,metasub,,uncalculated,uncalculated,,,,,missing,,missing,built environment,subway,surface,,,
SRR27257255,PRJNA732392,SAMN38841713,haib17CEM4890_H2NYMCCXY_SL254822,,metasub,,uncalculated,uncalculated,,,,,missing,,missing,built environment,subway,surface,,,
SRR27258149,PRJNA732392,SAMN38841661,haib17CEM4890_H2NYMCCXY_SL254823,,metasub,,Brazil,South America,,,,,22.90501773 S 43.19094441 W,,4/1/17,built environment,subway,surface,,,
SRR27258172,PRJNA732392,SAMN38841641,haib17CEM4890_H2NYMCCXY_SL254824,,metasub,,Brazil,South America,,,,,22.98477935 S 43.19790062 W,,4/1/17,built environment,subway,surface,,,
SRR27257465,PRJNA732392,SAMN38841468,haib17CEM4890_H2NYMCCXY_SL254825,,metasub,,Brazil,South America,,,,,22.85404892 S 43.31313551 W,,4/1/17,built environment,subway,surface,,,
SRR27258061,PRJNA732392,SAMN38841806,haib17CEM4890_H2NYMCCXY_SL254826,,metasub,,Brazil,South America,,,,,22.98477935 S 43.19790062 W,,4/1/17,built environment,subway,surface,,,
SRR27258150,PRJNA732392,SAMN38841660,haib17CEM4890_H2NYMCCXY_SL254827,,metasub,,Brazil,South America,,,,,22.85404892 S 43.31313551 W,,4/1/17,built environment,subway,surface,,,
SRR27258121,PRJNA732392,SAMN38841730,haib17CEM4890_H2NYMCCXY_SL254828,,metasub,,USA,North America,,,,,missing,,1/1/70,built environment,subway,surface,,,
SRR27257253,PRJNA732392,SAMN38841715,haib17CEM4890_H2NYMCCXY_SL254829,,metasub,,Nigeria,Africa,,,,,8.1548233 N 4.7263633 E,,6/21/16,built environment,subway,surface,,,
SRR27258064,PRJNA732392,SAMN38841585,haib17CEM4890_H2NYMCCXY_SL254830,,metasub,,Nigeria,Africa,,,,,8.154855 N 4.7264883 E,,6/21/16,built environment,subway,surface,,,
SRR27257966,PRJNA732392,SAMN38841883,haib17CEM4890_H2NYMCCXY_SL254831,,metasub,,Nigeria,Africa,,,,,8.1561445 N 4.7247807 E,,6/21/16,built environment,subway,surface,,,
SRR27257994,PRJNA732392,SAMN38842304,haib17CEM4890_H2NYMCCXY_SL254832,,metasub,,uncalculated,uncalculated,,,,,missing,,missing,built environment,subway,surface,,,
SRR27257780,PRJNA732392,SAMN38842250,haib17CEM4890_H2NYMCCXY_SL254833,,metasub,,USA,North America,,,,,40.71880244 N 73.98729801 W,,6/21/16,built environment,subway,surface,,,
SRR27257416,PRJNA732392,SAMN38842081,haib17CEM4890_H2NYMCCXY_SL254834,,metasub,,uncalculated,uncalculated,,,,,missing,,missing,built environment,subway,surface,,,
SRR27258093,PRJNA732392,SAMN38841777,haib17CEM4890_H2NYMCCXY_SL254835,,metasub,,Brazil,South America,,,,,22.90501773 S 43.19094441 W,,4/1/17,built environment,subway,surface,,,
SRR27257953,PRJNA732392,SAMN38841939,haib17CEM4890_H2NYMCCXY_SL254836,,metasub,,Brazil,South America,,,,,22.90970426 S 43.23390238 W,,4/1/17,built environment,subway,surface,,,
SRR27257450,PRJNA732392,SAMN38842007,haib17CEM4890_H2NYMCCXY_SL254837,,metasub,,Brazil,South America,,,,,22.96461767 S 43.18093237 W,,4/1/17,built environment,subway,surface,,,
SRR27258056,PRJNA732392,SAMN38841810,haib17CEM4890_H2NYMCCXY_SL254838,,metasub,,Brazil,South America,,,,,22.90970426 S 43.23390238 W,,4/1/17,built environment,subway,surface,,,
SRR27257924,PRJNA732392,SAMN38842053,haib17CEM4890_H2NYMCCXY_SL254839,,metasub,,Brazil,South America,,,,,22.85404892 S 43.31313551 W,,4/1/17,built environment,subway,surface,,,
SRR27257993,PRJNA732392,SAMN38842305,haib17CEM4890_H2NYMCCXY_SL254840,,metasub,,USA,North America,,,,,missing,,1/1/70,built environment,subway,surface,,,
SRR27258035,PRJNA732392,SAMN38841895,haib17CEM4890_H2NYMCCXY_SL254841,,metasub,,Nigeria,Africa,,,,,8.1548016 N 4.726405 E,,6/21/16,built environment,subway,surface,,,
SRR27257303,PRJNA732392,SAMN38841539,haib17CEM4890_H2NYMCCXY_SL254842,,metasub,,uncalculated,uncalculated,,,,,missing,,missing,built environment,subway,surface,,,
SRR27257589,PRJNA732392,SAMN38841983,haib17CEM4890_H2NYMCCXY_SL254843,,metasub,,Nigeria,Africa,,,,,8.1561445 N 4.7247807 E,,6/21/16,built environment,subway,surface,,,
SRR27257740,PRJNA732392,SAMN38841564,haib17CEM4890_H2NYMCCXY_SL254844,,metasub,,uncalculated,uncalculated,,,,,missing,,missing,built environment,subway,surface,,,
SRR27257233,PRJNA732392,SAMN38841864,haib17CEM4890_H2NYMCCXY_SL254845,,metasub,,uncalculated,uncalculated,,,,,missing,,missing,built environment,subway,surface,,,
SRR27257869,PRJNA732392,SAMN38842125,haib17CEM4890_H2NYMCCXY_SL254846,,metasub,,uncalculated,uncalculated,,,,,missing,,missing,built environment,subway,surface,,,
SRR27257921,PRJNA732392,SAMN38842056,haib17CEM4890_H2NYMCCXY_SL254847,,metasub,,Brazil,South America,,,,,22.90501773 S 43.19094441 W,,4/1/17,built environment,subway,surface,,,
SRR27257365,PRJNA732392,SAMN38842281,haib17CEM4890_H2NYMCCXY_SL254848,,metasub,,Brazil,South America,,,,,22.90970426 S 43.23390238 W,,4/1/17,built environment,subway,surface,,,
SRR27257701,PRJNA732392,SAMN38841750,haib17CEM4890_H2NYMCCXY_SL254849,,metasub,,Brazil,South America,,,,,22.90501773 S 43.19094441 W,,4/1/17,built environment,subway,surface,,,
SRR27257875,PRJNA732392,SAMN38842118,haib17CEM4890_H2NYMCCXY_SL254850,,metasub,,Brazil,South America,,,,,22.90970426 S 43.23390238 W,,4/1/17,built environment,subway,surface,,,
SRR27257995,PRJNA732392,SAMN38842303,haib17CEM4890_H2NYMCCXY_SL254851,,metasub,,USA,North America,,,,,missing,,1/1/70,built environment,subway,surface,,,
SRR27257688,PRJNA732392,SAMN38841783,haib17CEM4890_H2NYMCCXY_SL254852,,metasub,,uncalculated,uncalculated,,,,,missing,,missing,built environment,subway,surface,,,
SRR27257707,PRJNA732392,SAMN38841745,haib17CEM4890_H2NYMCCXY_SL254853,,metasub,,Nigeria,Africa,,,,,8.1548783 N 4.7263016 E,,6/21/16,built environment,subway,surface,,,
SRR27257593,PRJNA732392,SAMN38841979,haib17CEM4890_H2NYMCCXY_SL254854,,metasub,,Nigeria,Africa,,,,,8.1545849 N 4.726505 E,,6/21/16,built environment,subway,surface,,,
SRR27258142,PRJNA732392,SAMN38841389,haib17CEM4890_H2NYMCCXY_SL254855,,metasub,,Nigeria,Africa,,,,,8.1561445 N 4.7247807 E,,6/21/16,built environment,subway,surface,,,
SRR27257698,PRJNA732392,SAMN38841753,haib17CEM4890_H2NYMCCXY_SL254856,,metasub,,USA,North America,,,,,40.70856591 N 73.95789254 W,,6/21/16,built environment,subway,surface,,,
SRR27257802,PRJNA732392,SAMN38841443,haib17CEM4890_H2NYMCCXY_SL254857,,metasub,,USA,North America,,,,,40.70832388 N 73.95805221 W,,6/21/16,built environment,subway,surface,,,
SRR27258188,PRJNA732392,SAMN38841627,haib17CEM4890_H2NYMCCXY_SL254858,,metasub,,uncalculated,uncalculated,,,,,missing,,missing,built environment,subway,surface,,,
SRR27258034,PRJNA732392,SAMN38841896,haib17CEM4890_H2NYMCCXY_SL254859,,metasub,,Brazil,South America,,,,,22.87919891 S 43.27205217 W,,4/1/17,built environment,subway,surface,,,
SRR27257665,PRJNA732392,SAMN38841804,haib17CEM4890_H2NYMCCXY_SL254860,,metasub,,Brazil,South America,,,,,22.90970426 S 43.23390238 W,,4/1/17,built environment,subway,surface,,,
SRR27257671,PRJNA732392,SAMN38841798,haib17CEM4890_H2NYMCCXY_SL254861,,metasub,,Brazil,South America,,,,,22.90501773 S 43.19094441 W,,4/1/17,built environment,subway,surface,,,
SRR27257829,PRJNA732392,SAMN38842183,haib17CEM4890_H2NYMCCXY_SL254862,,metasub,,Brazil,South America,,,,,22.90970426 S 43.23390238 W,,4/1/17,built environment,subway,surface,,,
SRR27257351,PRJNA732392,SAMN38841456,haib17CEM4890_H2NYMCCXY_SL254863,,metasub,,USA,North America,,,,,missing,,1/1/70,built environment,subway,surface,,,
SRR27257943,PRJNA732392,SAMN38841948,haib17CEM4890_H2NYMCCXY_SL254864,,metasub,,uncalculated,uncalculated,,,,,missing,,missing,built environment,subway,surface,,,
SRR27258197,PRJNA732392,SAMN38841618,haib17CEM4890_H3KHWCCXY_SL263276,,metasub,,uncalculated,uncalculated,,,,,missing,,missing,built environment,subway,surface,,,
SRR27257429,PRJNA732392,SAMN38842069,haib17CEM4890_H3KHWCCXY_SL263277,,metasub,,uncalculated,uncalculated,,,,,missing,,missing,built environment,subway,surface,,,
SRR27257719,PRJNA732392,SAMN38841689,haib17CEM4890_H3KHWCCXY_SL263278,,metasub,,uncalculated,uncalculated,,,,,missing,,missing,built environment,subway,surface,,,
SRR27257502,PRJNA732392,SAMN38842325,haib17CEM4890_H3KHWCCXY_SL263279,,metasub,,uncalculated,uncalculated,,,,,missing,,missing,built environment,subway,surface,,,
SRR27257611,PRJNA732392,SAMN38841963,haib17CEM4890_H3KHWCCXY_SL263280,,metasub,,uncalculated,uncalculated,,,,,missing,,missing,built environment,subway,surface,,,
SRR27257617,PRJNA732392,SAMN38841936,haib17CEM4890_H3KHWCCXY_SL263281,,metasub,,uncalculated,uncalculated,,,,,missing,,missing,built environment,subway,surface,,,
SRR27257771,PRJNA732392,SAMN38841448,haib17CEM4890_H3KHWCCXY_SL263282,,metasub,,uncalculated,uncalculated,,,,,missing,,missing,built environment,subway,surface,,,
SRR27258072,PRJNA732392,SAMN38841380,haib17CEM4890_H3KHWCCXY_SL263283,,metasub,,uncalculated,uncalculated,,,,,missing,,missing,built environment,subway,surface,,,
SRR27257422,PRJNA732392,SAMN38842076,haib17CEM4890_H3KHWCCXY_SL263284,,metasub,,uncalculated,uncalculated,,,,,missing,,missing,built environment,subway,surface,,,
SRR27257428,PRJNA732392,SAMN38842070,haib17CEM4890_H3KHWCCXY_SL263285,,metasub,,uncalculated,uncalculated,,,,,missing,,missing,built environment,subway,surface,,,
SRR27257356,PRJNA732392,SAMN38842333,haib17CEM4890_H3KHWCCXY_SL263286,,metasub,,uncalculated,uncalculated,,,,,missing,,missing,built environment,subway,surface,,,
SRR27257824,PRJNA732392,SAMN38841441,haib17CEM4890_H3KHWCCXY_SL263287,,metasub,,uncalculated,uncalculated,,,,,missing,,missing,built environment,subway,surface,,,
SRR27257859,PRJNA732392,SAMN38842157,haib17CEM4890_H3KHWCCXY_SL263288,,metasub,,uncalculated,uncalculated,,,,,missing,,missing,built environment,subway,surface,,,
SRR27257630,PRJNA732392,SAMN38841924,haib17CEM4890_H3KHWCCXY_SL263289,,metasub,,uncalculated,uncalculated,,,,,missing,,missing,built environment,subway,surface,,,
SRR27258060,PRJNA732392,SAMN38841807,haib17CEM4890_H3KHWCCXY_SL263290,,metasub,,uncalculated,uncalculated,,,,,missing,,missing,built environment,subway,surface,,,
SRR27257818,PRJNA732392,SAMN38842193,haib17CEM4890_H3KHWCCXY_SL263291,,metasub,,uncalculated,uncalculated,,,,,missing,,missing,built environment,subway,surface,,,
SRR27257700,PRJNA732392,SAMN38841751,haib17CEM4890_H3KHWCCXY_SL263292,,metasub,,uncalculated,uncalculated,,,,,missing,,missing,built environment,subway,surface,,,
SRR27257991,PRJNA732392,SAMN38842307,haib17CEM4890_H3KHWCCXY_SL263293,,metasub,,uncalculated,uncalculated,,,,,missing,,missing,built environment,subway,surface,,,
SRR27257814,PRJNA732392,SAMN38842197,haib17CEM4890_H3KHWCCXY_SL263294,,metasub,,uncalculated,uncalculated,,,,,missing,,missing,built environment,subway,surface,,,
SRR27257513,PRJNA732392,SAMN38842315,haib17CEM4890_H3KHWCCXY_SL263295,,metasub,,uncalculated,uncalculated,,,,,missing,,missing,built environment,subway,surface,,,
SRR27257841,PRJNA732392,SAMN38842172,haib17CEM4890_H3KHWCCXY_SL263296,,metasub,,uncalculated,uncalculated,,,,,missing,,missing,built environment,subway,surface,,,
SRR27258196,PRJNA732392,SAMN38841619,haib17CEM4890_H3KHWCCXY_SL263297,,metasub,,uncalculated,uncalculated,,,,,missing,,missing,built environment,subway,surface,,,
SRR27257860,PRJNA732392,SAMN38842133,haib17CEM4890_H3KHWCCXY_SL263298,,metasub,,uncalculated,uncalculated,,,,,missing,,missing,built environment,subway,surface,,,
SRR27257395,PRJNA732392,SAMN38842233,haib17CEM4890_H3KHWCCXY_SL263299,,metasub,,uncalculated,uncalculated,,,,,missing,,missing,built environment,subway,surface,,,
SRR27257646,PRJNA732392,SAMN38841843,haib17CEM4890_H3KHWCCXY_SL263300,,metasub,,uncalculated,uncalculated,,,,,missing,,missing,built environment,subway,surface,,,
SRR27257918,PRJNA732392,SAMN38841428,haib17CEM4890_H3KHWCCXY_SL263301,,metasub,,uncalculated,uncalculated,,,,,missing,,missing,built environment,subway,surface,,,
SRR27257408,PRJNA732392,SAMN38842088,haib17CEM4890_H3KHWCCXY_SL263302,,metasub,,uncalculated,uncalculated,,,,,missing,,missing,built environment,subway,surface,,,
SRR27257944,PRJNA732392,SAMN38841417,haib17CEM4890_H3KHWCCXY_SL263303,,metasub,,uncalculated,uncalculated,,,,,missing,,missing,built environment,subway,surface,,,
SRR27257305,PRJNA732392,SAMN38841376,haib17CEM4890_H3KHWCCXY_SL263304,,metasub,,uncalculated,uncalculated,,,,,missing,,missing,built environment,subway,surface,,,
SRR27257576,PRJNA732392,SAMN38841995,haib17CEM4890_H3KHWCCXY_SL263305,,metasub,,uncalculated,uncalculated,,,,,missing,,missing,built environment,subway,surface,,,
SRR27257309,PRJNA732392,SAMN38841534,haib17CEM4890_H3KHWCCXY_SL263306,,metasub,,uncalculated,uncalculated,,,,,missing,,missing,built environment,subway,surface,,,
SRR27257616,PRJNA732392,SAMN38841958,haib17CEM4890_H3KHWCCXY_SL263307,,metasub,,uncalculated,uncalculated,,,,,missing,,missing,built environment,subway,surface,,,
SRR27257336,PRJNA732392,SAMN38841371,haib17CEM4890_H3KHWCCXY_SL263308,,metasub,,uncalculated,uncalculated,,,,,missing,,missing,built environment,subway,surface,,,
SRR27257965,PRJNA732392,SAMN38841884,haib17CEM4890_H3KHWCCXY_SL263309,,metasub,,uncalculated,uncalculated,,,,,missing,,missing,built environment,subway,surface,,,
SRR27257667,PRJNA732392,SAMN38841802,haib17CEM4890_H3KHWCCXY_SL263310,,metasub,,uncalculated,uncalculated,,,,,missing,,missing,built environment,subway,surface,,,
SRR27257510,PRJNA732392,SAMN38841454,haib17CEM4890_H3KHWCCXY_SL263311,,metasub,,uncalculated,uncalculated,,,,,missing,,missing,built environment,subway,surface,,,
SRR27258108,PRJNA732392,SAMN38841763,haib17CEM4890_H3KHWCCXY_SL263312,,metasub,,uncalculated,uncalculated,,,,,missing,,missing,built environment,subway,surface,,,
SRR27257983,PRJNA732392,SAMN38841519,haib17CEM4890_H3KHWCCXY_SL263313,,metasub,,uncalculated,uncalculated,,,,,missing,,missing,built environment,subway,surface,,,
SRR27257694,PRJNA732392,SAMN38841757,haib17CEM4890_H3KHWCCXY_SL263314,,metasub,,uncalculated,uncalculated,,,,,missing,,missing,built environment,subway,surface,,,
SRR27257297,PRJNA732392,SAMN38841381,haib17CEM4890_H3KHWCCXY_SL263315,,metasub,,uncalculated,uncalculated,,,,,missing,,missing,built environment,subway,surface,,,
SRR27258139,PRJNA732392,SAMN38841670,haib17CEM4890_H3KHWCCXY_SL263316,,metasub,,uncalculated,uncalculated,,,,,missing,,missing,built environment,subway,surface,,,
SRR27258016,PRJNA732392,SAMN38841912,haib17CEM4890_H3KHWCCXY_SL263317,,metasub,,uncalculated,uncalculated,,,,,missing,,missing,built environment,subway,surface,,,
SRR27258133,PRJNA732392,SAMN38841719,haib17CEM4890_H3KHWCCXY_SL263318,,metasub,,uncalculated,uncalculated,,,,,missing,,missing,built environment,subway,surface,,,
SRR27257522,PRJNA732392,SAMN38842155,haib17CEM4890_H3KHWCCXY_SL263319,,metasub,,uncalculated,uncalculated,,,,,missing,,missing,built environment,subway,surface,,,
SRR27257315,PRJNA732392,SAMN38841528,haib17CEM4890_H3KHWCCXY_SL263320,,metasub,,uncalculated,uncalculated,,,,,missing,,missing,built environment,subway,surface,,,
SRR27257308,PRJNA732392,SAMN38841535,haib17CEM4890_H3KHWCCXY_SL263321,,metasub,,uncalculated,uncalculated,,,,,missing,,missing,built environment,subway,surface,,,
SRR27257264,PRJNA732392,SAMN38841705,haib17CEM4890_H3KHWCCXY_SL263322,,metasub,,uncalculated,uncalculated,,,,,missing,,missing,built environment,subway,surface,,,
SRR27258183,PRJNA732392,SAMN38841631,haib17CEM4890_H3KHWCCXY_SL263323,,metasub,,uncalculated,uncalculated,,,,,missing,,missing,built environment,subway,surface,,,
SRR27257506,PRJNA732392,SAMN38842321,haib17CEM4890_H3KHWCCXY_SL263324,,metasub,,uncalculated,uncalculated,,,,,missing,,missing,built environment,subway,surface,,,
SRR27258179,PRJNA732392,SAMN38841635,haib17CEM4890_H3KHWCCXY_SL263325,,metasub,,uncalculated,uncalculated,,,,,missing,,missing,built environment,subway,surface,,,
SRR27257634,PRJNA732392,SAMN38841920,haib17CEM4890_H3KHWCCXY_SL263326,,metasub,,uncalculated,uncalculated,,,,,missing,,missing,built environment,subway,surface,,,
SRR27257326,PRJNA732392,SAMN38841497,haib17CEM4890_H3KHWCCXY_SL263327,,metasub,,uncalculated,uncalculated,,,,,missing,,missing,built environment,subway,surface,,,
SRR27257705,PRJNA732392,SAMN38841747,haib17CEM4890_H3KHWCCXY_SL263328,,metasub,,uncalculated,uncalculated,,,,,missing,,missing,built environment,subway,surface,,,
SRR27257739,PRJNA732392,SAMN38841608,haib17CEM4890_H3KHWCCXY_SL263329,,metasub,,uncalculated,uncalculated,,,,,missing,,missing,built environment,subway,surface,,,
SRR27258191,PRJNA732392,SAMN38841624,haib17CEM4890_H3KHWCCXY_SL263330,,metasub,,uncalculated,uncalculated,,,,,missing,,missing,built environment,subway,surface,,,
SRR27257268,PRJNA732392,SAMN38841701,haib17CEM4890_H3KHWCCXY_SL263331,,metasub,,uncalculated,uncalculated,,,,,missing,,missing,built environment,subway,surface,,,
SRR27257599,PRJNA732392,SAMN38841974,haib17CEM4890_H3KHWCCXY_SL263332,,metasub,,uncalculated,uncalculated,,,,,missing,,missing,built environment,subway,surface,,,
SRR27257621,PRJNA732392,SAMN38841932,haib17CEM4890_H3KHWCCXY_SL263333,,metasub,,uncalculated,uncalculated,,,,,missing,,missing,built environment,subway,surface,,,
SRR27257467,PRJNA732392,SAMN38841467,haib17CEM4890_H3KHWCCXY_SL263334,,metasub,,uncalculated,uncalculated,,,,,missing,,missing,built environment,subway,surface,,,
SRR27257394,PRJNA732392,SAMN38842234,haib17CEM4890_H3KHWCCXY_SL263335,,metasub,,uncalculated,uncalculated,,,,,missing,,missing,built environment,subway,surface,,,
SRR27257654,PRJNA732392,SAMN38841836,haib17CEM4890_H3KHWCCXY_SL263336,,metasub,,uncalculated,uncalculated,,,,,missing,,missing,built environment,subway,surface,,,
SRR27257509,PRJNA732392,SAMN38842318,haib17CEM4890_H3KHWCCXY_SL263337,,metasub,,uncalculated,uncalculated,,,,,missing,,missing,built environment,subway,surface,,,
SRR27257760,PRJNA732392,SAMN38841547,haib17CEM4890_H3KHWCCXY_SL263338,,metasub,,uncalculated,uncalculated,,,,,missing,,missing,built environment,subway,surface,,,
SRR27257728,PRJNA732392,SAMN38841681,haib17CEM4890_H3KHWCCXY_SL263339,,metasub,,uncalculated,uncalculated,,,,,missing,,missing,built environment,subway,surface,,,
SRR27258118,PRJNA732392,SAMN38841733,haib17CEM4890_H3KHWCCXY_SL263340,,metasub,,uncalculated,uncalculated,,,,,missing,,missing,built environment,subway,surface,,,
SRR27258102,PRJNA732392,SAMN38841768,haib17CEM4890_H3KHWCCXY_SL263341,,metasub,,uncalculated,uncalculated,,,,,missing,,missing,built environment,subway,surface,,,
SRR27258198,PRJNA732392,SAMN38841384,haib17CEM4890_H3KHWCCXY_SL263342,,metasub,,uncalculated,uncalculated,,,,,missing,,missing,built environment,subway,surface,,,
SRR27257971,PRJNA732392,SAMN38841878,haib17CEM4890_H3KHWCCXY_SL263343,,metasub,,uncalculated,uncalculated,,,,,missing,,missing,built environment,subway,surface,,,
SRR27258113,PRJNA732392,SAMN38841396,haib17CEM4890_H3KHWCCXY_SL263344,,metasub,,uncalculated,uncalculated,,,,,missing,,missing,built environment,subway,surface,,,
SRR27258146,PRJNA732392,SAMN38841664,haib17CEM4890_H3KHWCCXY_SL263345,,metasub,,uncalculated,uncalculated,,,,,missing,,missing,built environment,subway,surface,,,
SRR27258058,PRJNA732392,SAMN38841808,haib17CEM4890_H3KHWCCXY_SL263346,,metasub,,uncalculated,uncalculated,,,,,missing,,missing,built environment,subway,surface,,,
SRR27257332,PRJNA732392,SAMN38841491,haib17CEM4890_H3KHWCCXY_SL263347,,metasub,,uncalculated,uncalculated,,,,,missing,,missing,built environment,subway,surface,,,
SRR27257369,PRJNA732392,SAMN38841450,haib17CEM4890_H3KHWCCXY_SL263348,,metasub,,uncalculated,uncalculated,,,,,missing,,missing,built environment,subway,surface,,,
SRR27257286,PRJNA732392,SAMN38841382,haib17CEM4890_H3KHWCCXY_SL263349,,metasub,,uncalculated,uncalculated,,,,,missing,,missing,built environment,subway,surface,,,
SRR27257419,PRJNA732392,SAMN38842078,haib17CEM4890_H3KHWCCXY_SL263350,,metasub,,uncalculated,uncalculated,,,,,missing,,missing,built environment,subway,surface,,,
SRR27257613,PRJNA732392,SAMN38841961,haib17CEM4890_H3KHWCCXY_SL263351,,metasub,,uncalculated,uncalculated,,,,,missing,,missing,built environment,subway,surface,,,
SRR27257648,PRJNA732392,SAMN38841841,haib17CEM4890_H3KHWCCXY_SL263352,,metasub,,uncalculated,uncalculated,,,,,missing,,missing,built environment,subway,surface,,,
SRR27257743,PRJNA732392,SAMN38841561,haib17CEM4890_H3KHWCCXY_SL263353,,metasub,,uncalculated,uncalculated,,,,,missing,,missing,built environment,subway,surface,,,
SRR27257329,PRJNA732392,SAMN38841494,haib17CEM4890_H3KHWCCXY_SL263354,,metasub,,uncalculated,uncalculated,,,,,missing,,missing,built environment,subway,surface,,,
SRR27258161,PRJNA732392,SAMN38841651,haib17CEM4890_H3KHWCCXY_SL263355,,metasub,,uncalculated,uncalculated,,,,,missing,,missing,built environment,subway,surface,,,
SRR27257974,PRJNA732392,SAMN38841876,haib17CEM4890_H3KHWCCXY_SL263356,,metasub,,uncalculated,uncalculated,,,,,missing,,missing,built environment,subway,surface,,,
SRR27258076,PRJNA732392,SAMN38841574,haib17CEM4890_H3KHWCCXY_SL263357,,metasub,,uncalculated,uncalculated,,,,,missing,,missing,built environment,subway,surface,,,
SRR27257412,PRJNA732392,SAMN38842085,haib17CEM4890_H3KHWCCXY_SL263358,,metasub,,uncalculated,uncalculated,,,,,missing,,missing,built environment,subway,surface,,,
SRR27257415,PRJNA732392,SAMN38842082,haib17CEM4890_H3KHWCCXY_SL263359,,metasub,,uncalculated,uncalculated,,,,,missing,,missing,built environment,subway,surface,,,
SRR27257930,PRJNA732392,SAMN38842047,haib17CEM4890_H3KHWCCXY_SL263360,,metasub,,uncalculated,uncalculated,,,,,missing,,missing,built environment,subway,surface,,,
SRR27257432,PRJNA732392,SAMN38842023,haib17CEM4890_H3KHWCCXY_SL263361,,metasub,,uncalculated,uncalculated,,,,,missing,,missing,built environment,subway,surface,,,
SRR27258167,PRJNA732392,SAMN38841646,haib17CEM4890_H3KHWCCXY_SL263362,,metasub,,uncalculated,uncalculated,,,,,missing,,missing,built environment,subway,surface,,,
SRR27257348,PRJNA732392,SAMN38842340,haib17CEM4890_H3KHWCCXY_SL263363,,metasub,,uncalculated,uncalculated,,,,,missing,,missing,built environment,subway,surface,,,
SRR27257269,PRJNA732392,SAMN38841700,haib17CEM4890_H3KHWCCXY_SL263364,,metasub,,uncalculated,uncalculated,,,,,missing,,missing,built environment,subway,surface,,,
SRR27257377,PRJNA732392,SAMN38842270,haib17CEM4890_H3KHWCCXY_SL263365,,metasub,,uncalculated,uncalculated,,,,,missing,,missing,built environment,subway,surface,,,
SRR27257986,PRJNA732392,SAMN38841517,haib17CEM4890_H3KHWCCXY_SL263366,,metasub,,uncalculated,uncalculated,,,,,missing,,missing,built environment,subway,surface,,,
SRR27257418,PRJNA732392,SAMN38842079,haib17CEM4890_H3KHWCCXY_SL263367,,metasub,,uncalculated,uncalculated,,,,,missing,,missing,built environment,subway,surface,,,
SRR27257704,PRJNA732392,SAMN38841397,haib17CEM4890_H3KHWCCXY_SL263368,,metasub,,uncalculated,uncalculated,,,,,missing,,missing,built environment,subway,surface,,,
SRR27258160,PRJNA732392,SAMN38841652,haib17CEM4890_H3KHWCCXY_SL263369,,metasub,,uncalculated,uncalculated,,,,,missing,,missing,built environment,subway,surface,,,
SRR27257626,PRJNA732392,SAMN38841415,haib17CEM4890_H3KHWCCXY_SL263370,,metasub,,uncalculated,uncalculated,,,,,missing,,missing,built environment,subway,surface,,,
SRR27257260,PRJNA732392,SAMN38841708,haib17CEM4890_H3KHWCCXY_SL263371,,metasub,,uncalculated,uncalculated,,,,,missing,,missing,built environment,subway,surface,,,
SRR27257857,PRJNA732392,SAMN38841438,haib17CEM4890_H75CGCCXY_SL263637,,metasub,,New Zealand,Oceania,,,,,36.8623615 S 174.8095648 E,,6/20/16,built environment,subway,surface,,,
SRR27257741,PRJNA732392,SAMN38841563,haib17CEM4890_H75CGCCXY_SL263638,,metasub,,uncalculated,uncalculated,,,,,missing,,missing,built environment,subway,surface,,,
SRR27257252,PRJNA732392,SAMN38841716,haib17CEM4890_H75CGCCXY_SL263639,,metasub,,New Zealand,Oceania,,,,,37.7849757 S 175.308174 E,,6/23/16,built environment,subway,surface,,,
SRR27257775,PRJNA732392,SAMN38842255,haib17CEM4890_H75CGCCXY_SL263640,,metasub,,uncalculated,uncalculated,,,,,missing,,missing,built environment,subway,surface,,,
SRR27257554,PRJNA732392,SAMN38842037,haib17CEM4890_H75CGCCXY_SL263641,,metasub,,uncalculated,uncalculated,,,,,missing,,missing,built environment,subway,surface,,,
SRR27258027,PRJNA732392,SAMN38841902,haib17CEM4890_H75CGCCXY_SL263642,,metasub,,uncalculated,uncalculated,,,,,missing,,missing,built environment,subway,surface,,,
SRR27257723,PRJNA732392,SAMN38841686,haib17CEM4890_H75CGCCXY_SL263643,,metasub,,uncalculated,uncalculated,,,,,missing,,missing,built environment,subway,surface,,,
SRR27257850,PRJNA732392,SAMN38842164,haib17CEM4890_H75CGCCXY_SL263644,,metasub,,uncalculated,uncalculated,,,,,missing,,missing,built environment,subway,surface,,,
SRR27258126,PRJNA732392,SAMN38841726,haib17CEM4890_H75CGCCXY_SL263645,,metasub,,uncalculated,uncalculated,,,,,missing,,missing,built environment,subway,surface,,,
SRR27257535,PRJNA732392,SAMN38842142,haib17CEM4890_H75CGCCXY_SL263646,,metasub,,uncalculated,uncalculated,,,,,missing,,missing,built environment,subway,surface,,,
SRR27257834,PRJNA732392,SAMN38842178,haib17CEM4890_H75CGCCXY_SL263647,,metasub,,Chile,South America,,,,,33.490025 S 70.752782 W,,6/24/16,built environment,subway,surface,,,
SRR27257597,PRJNA732392,SAMN38841976,haib17CEM4890_H75CGCCXY_SL263648,,metasub,,Chile,South America,,,,,33.4450613 S 70.6544269 W,,6/24/16,built environment,subway,surface,,,
SRR27257279,PRJNA732392,SAMN38841604,haib17CEM4890_H75CGCCXY_SL263649,,metasub,,New Zealand,Oceania,,,,,36.8624366 S 174.8095119 E,,6/20/16,built environment,subway,surface,,,
SRR27257228,PRJNA732392,SAMN38841868,haib17CEM4890_H75CGCCXY_SL263650,,metasub,,uncalculated,uncalculated,,,,,missing,,missing,built environment,subway,surface,,,
SRR27257565,PRJNA732392,SAMN38842027,haib17CEM4890_H75CGCCXY_SL263651,,metasub,,uncalculated,uncalculated,,,,,missing,,missing,built environment,subway,surface,,,
SRR27257280,PRJNA732392,SAMN38841603,haib17CEM4890_H75CGCCXY_SL263652,,metasub,,uncalculated,uncalculated,,,,,missing,,missing,built environment,subway,surface,,,
SRR27257915,PRJNA732392,SAMN38842060,haib17CEM4890_H75CGCCXY_SL263653,,metasub,,uncalculated,uncalculated,,,,,missing,,missing,built environment,subway,surface,,,
SRR27257808,PRJNA732392,SAMN38842202,haib17CEM4890_H75CGCCXY_SL263654,,metasub,,uncalculated,uncalculated,,,,,missing,,missing,built environment,subway,surface,,,
SRR27257560,PRJNA732392,SAMN38842031,haib17CEM4890_H75CGCCXY_SL263655,,metasub,,uncalculated,uncalculated,,,,,missing,,missing,built environment,subway,surface,,,
SRR27257379,PRJNA732392,SAMN38842268,haib17CEM4890_H75CGCCXY_SL263656,,metasub,,uncalculated,uncalculated,,,,,missing,,missing,built environment,subway,surface,,,
SRR27257929,PRJNA732392,SAMN38841427,haib17CEM4890_H75CGCCXY_SL263657,,metasub,,uncalculated,uncalculated,,,,,missing,,missing,built environment,subway,surface,,,
SRR27257313,PRJNA732392,SAMN38841530,haib17CEM4890_H75CGCCXY_SL263658,,metasub,,uncalculated,uncalculated,,,,,missing,,missing,built environment,subway,surface,,,
SRR27258184,PRJNA732392,SAMN38841630,haib17CEM4890_H75CGCCXY_SL263659,,metasub,,Chile,South America,,,,,33.517162 S 70.658681 W,,6/24/16,built environment,subway,surface,,,
SRR27257354,PRJNA732392,SAMN38842335,haib17CEM4890_H75CGCCXY_SL263660,,metasub,,Chile,South America,,,,,33.576457 S 70.582326 W,,6/24/16,built environment,subway,surface,,,
SRR27257421,PRJNA732392,SAMN38842077,haib17CEM4890_H75CGCCXY_SL263661,,metasub,,New Zealand,Oceania,,,,,36.8623448 S 174.8094938 E,,6/20/16,built environment,subway,surface,,,
SRR27258190,PRJNA732392,SAMN38841625,haib17CEM4890_H75CGCCXY_SL263662,,metasub,,uncalculated,uncalculated,,,,,missing,,missing,built environment,subway,surface,,,
SRR27257517,PRJNA732392,SAMN38842311,haib17CEM4890_H75CGCCXY_SL263663,,metasub,,uncalculated,uncalculated,,,,,missing,,missing,built environment,subway,surface,,,
SRR27257946,PRJNA732392,SAMN38841946,haib17CEM4890_H75CGCCXY_SL263664,,metasub,,uncalculated,uncalculated,,,,,missing,,missing,built environment,subway,surface,,,
SRR27258125,PRJNA732392,SAMN38841727,haib17CEM4890_H75CGCCXY_SL263665,,metasub,,uncalculated,uncalculated,,,,,missing,,missing,built environment,subway,surface,,,
SRR27257624,PRJNA732392,SAMN38841929,haib17CEM4890_H75CGCCXY_SL263666,,metasub,,uncalculated,uncalculated,,,,,missing,,missing,built environment,subway,surface,,,
SRR27257885,PRJNA732392,SAMN38842109,haib17CEM4890_H75CGCCXY_SL263667,,metasub,,uncalculated,uncalculated,,,,,missing,,missing,built environment,subway,surface,,,
SRR27257318,PRJNA732392,SAMN38841526,haib17CEM4890_H75CGCCXY_SL263668,,metasub,,uncalculated,uncalculated,,,,,missing,,missing,built environment,subway,surface,,,
SRR27257959,PRJNA732392,SAMN38841889,haib17CEM4890_H75CGCCXY_SL263669,,metasub,,uncalculated,uncalculated,,,,,missing,,missing,built environment,subway,surface,,,
SRR27257938,PRJNA732392,SAMN38841953,haib17CEM4890_H75CGCCXY_SL263670,,metasub,,uncalculated,uncalculated,,,,,missing,,missing,built environment,subway,surface,,,
SRR27257675,PRJNA732392,SAMN38841795,haib17CEM4890_H75CGCCXY_SL263671,,metasub,,Chile,South America,,,,,33.517162 S 70.658681 W,,6/24/16,built environment,subway,surface,,,
SRR27257853,PRJNA732392,SAMN38842161,haib17CEM4890_H75CGCCXY_SL263672,,metasub,,Chile,South America,,,,,33.576457 S 70.582326 W,,6/24/16,built environment,subway,surface,,,
SRR27258018,PRJNA732392,SAMN38841910,haib17CEM4890_H75CGCCXY_SL263673,,metasub,,New Zealand,Oceania,,,,,36.8662717 S 174.8207246 E,,6/20/16,built environment,subway,surface,,,
SRR27258117,PRJNA732392,SAMN38841734,haib17CEM4890_H75CGCCXY_SL263674,,metasub,,uncalculated,uncalculated,,,,,missing,,missing,built environment,subway,surface,,,
SRR27257397,PRJNA732392,SAMN38842231,haib17CEM4890_H75CGCCXY_SL263675,,metasub,,uncalculated,uncalculated,,,,,missing,,missing,built environment,subway,surface,,,
SRR27258062,PRJNA732392,SAMN38841805,haib17CEM4890_H75CGCCXY_SL263676,,metasub,,uncalculated,uncalculated,,,,,missing,,missing,built environment,subway,surface,,,
SRR27258178,PRJNA732392,SAMN38841636,haib17CEM4890_H75CGCCXY_SL263677,,metasub,,uncalculated,uncalculated,,,,,missing,,missing,built environment,subway,surface,,,
SRR27257807,PRJNA732392,SAMN38842203,haib17CEM4890_H75CGCCXY_SL263678,,metasub,,uncalculated,uncalculated,,,,,missing,,missing,built environment,subway,surface,,,
SRR27257868,PRJNA732392,SAMN38842126,haib17CEM4890_H75CGCCXY_SL263679,,metasub,,uncalculated,uncalculated,,,,,missing,,missing,built environment,subway,surface,,,
SRR27257958,PRJNA732392,SAMN38841890,haib17CEM4890_H75CGCCXY_SL263680,,metasub,,uncalculated,uncalculated,,,,,missing,,missing,built environment,subway,surface,,,
SRR27257660,PRJNA732392,SAMN38841830,haib17CEM4890_H75CGCCXY_SL263681,,metasub,,uncalculated,uncalculated,,,,,missing,,missing,built environment,subway,surface,,,
SRR27257766,PRJNA732392,SAMN38842262,haib17CEM4890_H75CGCCXY_SL263682,,metasub,,uncalculated,uncalculated,,,,,missing,,missing,built environment,subway,surface,,,
SRR27258085,PRJNA732392,SAMN38841566,haib17CEM4890_H75CGCCXY_SL263683,,metasub,,Chile,South America,,,,,33.517162 S 70.658681 W,,6/24/16,built environment,subway,surface,,,
SRR27257567,PRJNA732392,SAMN38842025,haib17CEM4890_H75CGCCXY_SL263684,,metasub,,Chile,South America,,,,,33.609427 S 70.575897 W,,6/24/16,built environment,subway,surface,,,
SRR27257967,PRJNA732392,SAMN38841882,haib17CEM4890_H75CGCCXY_SL263685,,metasub,,New Zealand,Oceania,,,,,36.8663099 S 174.8207513 E,,6/20/16,built environment,subway,surface,,,
SRR27257605,PRJNA732392,SAMN38841968,haib17CEM4890_H75CGCCXY_SL263686,,metasub,,uncalculated,uncalculated,,,,,missing,,missing,built environment,subway,surface,,,
SRR27257604,PRJNA732392,SAMN38841969,haib17CEM4890_H75CGCCXY_SL263687,,metasub,,uncalculated,uncalculated,,,,,missing,,missing,built environment,subway,surface,,,
SRR27257375,PRJNA732392,SAMN38842272,haib17CEM4890_H75CGCCXY_SL263688,,metasub,,uncalculated,uncalculated,,,,,missing,,missing,built environment,subway,surface,,,
SRR27257948,PRJNA732392,SAMN38841944,haib17CEM4890_H75CGCCXY_SL263689,,metasub,,uncalculated,uncalculated,,,,,missing,,missing,built environment,subway,surface,,,
SRR27257731,PRJNA732392,SAMN38841678,haib17CEM4890_H75CGCCXY_SL263690,,metasub,,uncalculated,uncalculated,,,,,missing,,missing,built environment,subway,surface,,,
SRR27258182,PRJNA732392,SAMN38841632,haib17CEM4890_H75CGCCXY_SL263691,,metasub,,uncalculated,uncalculated,,,,,missing,,missing,built environment,subway,surface,,,
SRR27257463,PRJNA732392,SAMN38841470,haib17CEM4890_H75CGCCXY_SL263692,,metasub,,uncalculated,uncalculated,,,,,missing,,missing,built environment,subway,surface,,,
SRR27257363,PRJNA732392,SAMN38842283,haib17CEM4890_H75CGCCXY_SL263693,,metasub,,uncalculated,uncalculated,,,,,missing,,missing,built environment,subway,surface,,,
SRR27257575,PRJNA732392,SAMN38841996,haib17CEM4890_H75CGCCXY_SL263694,,metasub,,uncalculated,uncalculated,,,,,missing,,missing,built environment,subway,surface,,,
SRR27257475,PRJNA732392,SAMN38841459,haib17CEM4890_H75CGCCXY_SL263695,,metasub,,Chile,South America,,,,,33.53737 S 70.664267 W,,6/24/16,built environment,subway,surface,,,
SRR27257360,PRJNA732392,SAMN38842286,haib17CEM4890_H75CGCCXY_SL263696,,metasub,,Chile,South America,,,,,33.60955747 S 70.57560024 W,,6/24/16,built environment,subway,surface,,,
SRR27257537,PRJNA732392,SAMN38842140,haib17CEM4890_H75CGCCXY_SL263697,,metasub,,New Zealand,Oceania,,,,,36.8662936 S 174.8206704 E,,6/20/16,built environment,subway,surface,,,
SRR27257927,PRJNA732392,SAMN38842049,haib17CEM4890_H75CGCCXY_SL263699,,metasub,,uncalculated,uncalculated,,,,,missing,,missing,built environment,subway,surface,,,
SRR27257699,PRJNA732392,SAMN38841752,haib17CEM4890_H75CGCCXY_SL263700,,metasub,,uncalculated,uncalculated,,,,,missing,,missing,built environment,subway,surface,,,
SRR27257311,PRJNA732392,SAMN38841532,haib17CEM4890_H75CGCCXY_SL263701,,metasub,,uncalculated,uncalculated,,,,,missing,,missing,built environment,subway,surface,,,
SRR27258086,PRJNA732392,SAMN38841565,haib17CEM4890_H75CGCCXY_SL263702,,metasub,,uncalculated,uncalculated,,,,,missing,,missing,built environment,subway,surface,,,
SRR27257931,PRJNA732392,SAMN38842046,haib17CEM4890_H75CGCCXY_SL263703,,metasub,,uncalculated,uncalculated,,,,,missing,,missing,built environment,subway,surface,,,
SRR27257969,PRJNA732392,SAMN38841880,haib17CEM4890_H75CGCCXY_SL263704,,metasub,,uncalculated,uncalculated,,,,,missing,,missing,built environment,subway,surface,,,
SRR27257257,PRJNA732392,SAMN38841711,haib17CEM4890_H75CGCCXY_SL263705,,metasub,,uncalculated,uncalculated,,,,,missing,,missing,built environment,subway,surface,,,
SRR27257301,PRJNA732392,SAMN38841541,haib17CEM4890_H75CGCCXY_SL263706,,metasub,,uncalculated,uncalculated,,,,,missing,,missing,built environment,subway,surface,,,
SRR27257512,PRJNA732392,SAMN38842316,haib17CEM4890_H75CGCCXY_SL263707,,metasub,,Chile,South America,,,,,33.4445752 S 70.65565 W,,6/24/16,built environment,subway,surface,,,
SRR27257445,PRJNA732392,SAMN38842011,haib17CEM4890_H75CGCCXY_SL263708,,metasub,,Chile,South America,,,,,33.5767364 S 70.5826207 W,,6/24/16,built environment,subway,surface,,,
SRR27257890,PRJNA732392,SAMN38842105,haib17CEM4890_H75CGCCXY_SL263709,,metasub,,New Zealand,Oceania,,,,,36.8787746 S 174.8542311 E,,6/21/16,built environment,subway,surface,,,
SRR27257964,PRJNA732392,SAMN38841885,haib17CEM4890_H75CGCCXY_SL263710,,metasub,,New Zealand,Oceania,,,,,36.8442053 S 174.7679586 E,,6/21/16,built environment,subway,surface,,,
SRR27257562,PRJNA732392,SAMN38842029,haib17CEM4890_H75CGCCXY_SL263711,,metasub,,uncalculated,uncalculated,,,,,missing,,missing,built environment,subway,surface,,,
SRR27257794,PRJNA732392,SAMN38842215,haib17CEM4890_H75CGCCXY_SL263712,,metasub,,uncalculated,uncalculated,,,,,missing,,missing,built environment,subway,surface,,,
SRR27257791,PRJNA732392,SAMN38841444,haib17CEM4890_H75CGCCXY_SL263713,,metasub,,uncalculated,uncalculated,,,,,missing,,missing,built environment,subway,surface,,,
SRR27257941,PRJNA732392,SAMN38841950,haib17CEM4890_H75CGCCXY_SL263714,,metasub,,uncalculated,uncalculated,,,,,missing,,missing,built environment,subway,surface,,,
SRR27257879,PRJNA732392,SAMN38842115,haib17CEM4890_H75CGCCXY_SL263715,,metasub,,uncalculated,uncalculated,,,,,missing,,missing,built environment,subway,surface,,,
SRR27258092,PRJNA732392,SAMN38841400,haib17CEM4890_H75CGCCXY_SL263716,,metasub,,uncalculated,uncalculated,,,,,missing,,missing,built environment,subway,surface,,,
SRR27257767,PRJNA732392,SAMN38842261,haib17CEM4890_H75CGCCXY_SL263717,,metasub,,uncalculated,uncalculated,,,,,missing,,missing,built environment,subway,surface,,,
SRR27257601,PRJNA732392,SAMN38841972,haib17CEM4890_H75CGCCXY_SL263718,,metasub,,USA,North America,,,,,38.60624445 N 121.4478831 W,,6/21/16,built environment,subway,surface,,,
SRR27257664,PRJNA732392,SAMN38841827,haib17CEM4890_H75CGCCXY_SL263719,,metasub,,Chile,South America,,,,,33.444864 S 70.6542072 W,,6/24/16,built environment,subway,surface,,,
SRR27257922,PRJNA732392,SAMN38842055,haib17CEM4890_H75CGCCXY_SL263720,,metasub,,Chile,South America,,,,,33.576825 S 70.5820113 W,,6/24/16,built environment,subway,surface,,,
SRR27257464,PRJNA732392,SAMN38841469,haib17CEM4890_H75CGCCXY_SL263721,,metasub,,uncalculated,uncalculated,,,,,missing,,missing,built environment,subway,surface,,,
SRR27257398,PRJNA732392,SAMN38842230,haib17CEM4890_H75CGCCXY_SL263722,,metasub,,uncalculated,uncalculated,,,,,missing,,missing,built environment,subway,surface,,,
SRR27257568,PRJNA732392,SAMN38842024,haib17CEM4890_H75CGCCXY_SL263723,,metasub,,uncalculated,uncalculated,,,,,missing,,missing,built environment,subway,surface,,,
SRR27257488,PRJNA732392,SAMN38841373,haib17CEM4890_H75CGCCXY_SL263724,,metasub,,uncalculated,uncalculated,,,,,missing,,missing,built environment,subway,surface,,,
SRR27257751,PRJNA732392,SAMN38841555,haib17CEM4890_H75CGCCXY_SL263725,,metasub,,uncalculated,uncalculated,,,,,missing,,missing,built environment,subway,surface,,,
SRR27257889,PRJNA732392,SAMN38842106,haib17CEM4890_H75CGCCXY_SL263726,,metasub,,uncalculated,uncalculated,,,,,missing,,missing,built environment,subway,surface,,,
SRR27257940,PRJNA732392,SAMN38841951,haib17CEM4890_H75CGCCXY_SL263727,,metasub,,uncalculated,uncalculated,,,,,missing,,missing,built environment,subway,surface,,,
SRR27257933,PRJNA732392,SAMN38841364,haib17CEM4890_H75CGCCXY_SL263728,,metasub,,uncalculated,uncalculated,,,,,missing,,missing,built environment,subway,surface,,,
SRR27258003,PRJNA732392,SAMN38842296,haib17CEM4890_H75CGCCXY_SL263729,,metasub,,uncalculated,uncalculated,,,,,missing,,missing,built environment,subway,surface,,,
SRR27257913,PRJNA732392,SAMN38842062,haib17CEM4890_H75CGCCXY_SL263730,,metasub,,USA,North America,,,,,38.58569047 N 121.4878268 W,,6/21/16,built environment,subway,surface,,,
SRR27258099,PRJNA732392,SAMN38841771,haib17CEM4890_H75CGCCXY_SL263731,,metasub,,Chile,South America,,,,,33.4452982 S 70.6553474 W,,6/24/16,built environment,subway,surface,,,
SRR27257342,PRJNA732392,SAMN38841482,haib17CEM4890_H75CGCCXY_SL263732,,metasub,,uncalculated,uncalculated,,,,,missing,,missing,built environment,subway,surface,,,
SRR27257482,PRJNA732392,SAMN38841512,haib17CEM4890_H7KYMCCXY_SL273032,,metasub,,uncalculated,uncalculated,,,,,missing,,missing,built environment,subway,surface,,,
SRR27257273,PRJNA732392,SAMN38841697,haib17CEM4890_H7KYMCCXY_SL273033,,metasub,,uncalculated,uncalculated,,,,,missing,,missing,built environment,subway,surface,,,
SRR27257439,PRJNA732392,SAMN38842017,haib17CEM4890_H7KYMCCXY_SL273034,,metasub,,USA,North America,,,,,missing,,1/1/70,built environment,subway,surface,,,
SRR27257724,PRJNA732392,SAMN38841685,haib17CEM4890_H7KYMCCXY_SL273035,,metasub,,USA,North America,,,,,missing,,1/1/70,built environment,subway,surface,,,
SRR27257325,PRJNA732392,SAMN38841372,haib17CEM4890_H7KYMCCXY_SL273036,,metasub,,USA,North America,,,,,missing,,1/1/70,built environment,subway,surface,,,
SRR27258088,PRJNA732392,SAMN38841781,haib17CEM4890_H7KYMCCXY_SL273037,,metasub,,USA,North America,,,,,missing,,1/1/70,built environment,subway,surface,,,
SRR27258087,PRJNA732392,SAMN38841782,haib17CEM4890_H7KYMCCXY_SL273038,,metasub,,USA,North America,,,,,missing,,1/1/70,built environment,subway,surface,,,
SRR27257564,PRJNA732392,SAMN38841425,haib17CEM4890_H7KYMCCXY_SL273039,,metasub,,USA,North America,,,,,missing,,1/1/70,built environment,subway,surface,,,
SRR27258154,PRJNA732392,SAMN38841361,haib17CEM4890_H7KYMCCXY_SL273040,,metasub,,USA,North America,,,,,missing,,1/1/70,built environment,subway,surface,,,
SRR27257261,PRJNA732392,SAMN38841393,haib17CEM4890_H7KYMCCXY_SL273041,,metasub,,Germany,Europe,,,,,52.5127771 N 13.2677184 E,,7/4/16,built environment,subway,surface,,,
SRR27257511,PRJNA732392,SAMN38842317,haib17CEM4890_H7KYMCCXY_SL273042,,metasub,,Germany,Europe,,,,,52.515238 N 13.4680932 E,,7/11/16,built environment,subway,surface,,,
SRR27257271,PRJNA732392,SAMN38841698,haib17CEM4890_H7KYMCCXY_SL273043,,metasub,,uncalculated,uncalculated,,,,,missing,,missing,built environment,subway,surface,,,
SRR27257314,PRJNA732392,SAMN38841529,haib17CEM4890_H7KYMCCXY_SL273044,,metasub,,uncalculated,uncalculated,,,,,missing,,missing,built environment,subway,surface,,,
SRR27257487,PRJNA732392,SAMN38841508,haib17CEM4890_H7KYMCCXY_SL273045,,metasub,,uncalculated,uncalculated,,,,,missing,,missing,built environment,subway,surface,,,
SRR27258041,PRJNA732392,SAMN38841824,haib17CEM4890_H7KYMCCXY_SL273046,,metasub,,USA,North America,,,,,missing,,1/1/70,built environment,subway,surface,,,
SRR27258173,PRJNA732392,SAMN38841640,haib17CEM4890_H7KYMCCXY_SL273047,,metasub,,USA,North America,,,,,missing,,1/1/70,built environment,subway,surface,,,
SRR27257391,PRJNA732392,SAMN38842237,haib17CEM4890_H7KYMCCXY_SL273048,,metasub,,USA,North America,,,,,missing,,1/1/70,built environment,subway,surface,,,
SRR27257657,PRJNA732392,SAMN38841833,haib17CEM4890_H7KYMCCXY_SL273049,,metasub,,USA,North America,,,,,missing,,1/1/70,built environment,subway,surface,,,
SRR27257477,PRJNA732392,SAMN38841368,haib17CEM4890_H7KYMCCXY_SL273050,,metasub,,USA,North America,,,,,missing,,1/1/70,built environment,subway,surface,,,
SRR27257935,PRJNA732392,SAMN38841956,haib17CEM4890_H7KYMCCXY_SL273051,,metasub,,USA,North America,,,,,missing,,1/1/70,built environment,subway,surface,,,
SRR27257729,PRJNA732392,SAMN38841680,haib17CEM4890_H7KYMCCXY_SL273052,,metasub,,Germany,Europe,,,,,52.5084197 N 13.3771786 E,,7/4/16,built environment,subway,surface,,,
SRR27258138,PRJNA732392,SAMN38841671,haib17CEM4890_H7KYMCCXY_SL273053,,metasub,,Germany,Europe,,,,,52.5167008 N 13.4407376 E,,7/11/16,built environment,subway,surface,,,
SRR27257639,PRJNA732392,SAMN38841916,haib17CEM4890_H7KYMCCXY_SL273054,,metasub,,Germany,Europe,,,,,52.510608 N 13.4904944 E,,7/11/16,built environment,subway,surface,,,
SRR27257402,PRJNA732392,SAMN38842227,haib17CEM4890_H7KYMCCXY_SL273055,,metasub,,uncalculated,uncalculated,,,,,missing,,missing,built environment,subway,surface,,,
SRR27257275,PRJNA732392,SAMN38841383,haib17CEM4890_H7KYMCCXY_SL273056,,metasub,,uncalculated,uncalculated,,,,,missing,,missing,built environment,subway,surface,,,
SRR27257928,PRJNA732392,SAMN38842048,haib17CEM4890_H7KYMCCXY_SL273057,,metasub,,uncalculated,uncalculated,,,,,missing,,missing,built environment,subway,surface,,,
SRR27257316,PRJNA732392,SAMN38841375,haib17CEM4890_H7KYMCCXY_SL273058,,metasub,,USA,North America,,,,,missing,,1/1/70,built environment,subway,surface,,,
SRR27257650,PRJNA732392,SAMN38841839,haib17CEM4890_H7KYMCCXY_SL273059,,metasub,,USA,North America,,,,,missing,,1/1/70,built environment,subway,surface,,,
SRR27257549,PRJNA732392,SAMN38842041,haib17CEM4890_H7KYMCCXY_SL273060,,metasub,,USA,North America,,,,,missing,,1/1/70,built environment,subway,surface,,,
SRR27257687,PRJNA732392,SAMN38841784,haib17CEM4890_H7KYMCCXY_SL273061,,metasub,,USA,North America,,,,,missing,,1/1/70,built environment,subway,surface,,,
SRR27257499,PRJNA732392,SAMN38841455,haib17CEM4890_H7KYMCCXY_SL273062,,metasub,,USA,North America,,,,,missing,,1/1/70,built environment,subway,surface,,,
SRR27257773,PRJNA732392,SAMN38842257,haib17CEM4890_H7KYMCCXY_SL273063,,metasub,,USA,North America,,,,,missing,,1/1/70,built environment,subway,surface,,,
SRR27257631,PRJNA732392,SAMN38841923,haib17CEM4890_H7KYMCCXY_SL273064,,metasub,,Germany,Europe,,,,,52.49800294 N 13.36279945 E,,7/4/16,built environment,subway,surface,,,
SRR27258013,PRJNA732392,SAMN38841914,haib17CEM4890_H7KYMCCXY_SL273065,,metasub,,Germany,Europe,,,,,52.5167008 N 13.4407376 E,,7/11/16,built environment,subway,surface,,,
SRR27257590,PRJNA732392,SAMN38841982,haib17CEM4890_H7KYMCCXY_SL273066,,metasub,,Germany,Europe,,,,,52.5139603 N 13.4749359 E,,7/11/16,built environment,subway,surface,,,
SRR27257756,PRJNA732392,SAMN38841550,haib17CEM4890_H7KYMCCXY_SL273067,,metasub,,USA,North America,,,,,missing,,missing,built environment,subway,surface,,,
SRR27257937,PRJNA732392,SAMN38841954,haib17CEM4890_H7KYMCCXY_SL273068,,metasub,,uncalculated,uncalculated,,,,,missing,,missing,built environment,subway,surface,,,
SRR27257997,PRJNA732392,SAMN38842301,haib17CEM4890_H7KYMCCXY_SL273069,,metasub,,uncalculated,uncalculated,,,,,missing,,missing,built environment,subway,surface,,,
SRR27258029,PRJNA732392,SAMN38841900,haib17CEM4890_H7KYMCCXY_SL273070,,metasub,,USA,North America,,,,,missing,,1/1/70,built environment,subway,surface,,,
SRR27257612,PRJNA732392,SAMN38841962,haib17CEM4890_H7KYMCCXY_SL273071,,metasub,,USA,North America,,,,,missing,,1/1/70,built environment,subway,surface,,,
SRR27258129,PRJNA732392,SAMN38841723,haib17CEM4890_H7KYMCCXY_SL273072,,metasub,,USA,North America,,,,,missing,,1/1/70,built environment,subway,surface,,,
SRR27257973,PRJNA732392,SAMN38841877,haib17CEM4890_H7KYMCCXY_SL273073,,metasub,,USA,North America,,,,,missing,,1/1/70,built environment,subway,surface,,,
SRR27257364,PRJNA732392,SAMN38842282,haib17CEM4890_H7KYMCCXY_SL273074,,metasub,,USA,North America,,,,,missing,,1/1/70,built environment,subway,surface,,,
SRR27257443,PRJNA732392,SAMN38842013,haib17CEM4890_H7KYMCCXY_SL273075,,metasub,,USA,North America,,,,,missing,,1/1/70,built environment,subway,surface,,,
SRR27257957,PRJNA732392,SAMN38841891,haib17CEM4890_H7KYMCCXY_SL273076,,metasub,,Germany,Europe,,,,,52.5088698 N 13.3227731 E,,7/4/16,built environment,subway,surface,,,
SRR27257703,PRJNA732392,SAMN38841748,haib17CEM4890_H7KYMCCXY_SL273077,,metasub,,Germany,Europe,,,,,52.5167008 N 13.4407376 E,,7/11/16,built environment,subway,surface,,,
SRR27257651,PRJNA732392,SAMN38841838,haib17CEM4890_H7KYMCCXY_SL273078,,metasub,,Germany,Europe,,,,,52.510608 N 13.4904944 E,,7/11/16,built environment,subway,surface,,,
SRR27257706,PRJNA732392,SAMN38841746,haib17CEM4890_H7KYMCCXY_SL273079,,metasub,,USA,North America,,,,,missing,,missing,built environment,subway,surface,,,
SRR27257299,PRJNA732392,SAMN38841543,haib17CEM4890_H7KYMCCXY_SL273080,,metasub,,uncalculated,uncalculated,,,,,missing,,missing,built environment,subway,surface,,,
SRR27258104,PRJNA732392,SAMN38841767,haib17CEM4890_H7KYMCCXY_SL273081,,metasub,,uncalculated,uncalculated,,,,,missing,,missing,built environment,subway,surface,,,
SRR27257614,PRJNA732392,SAMN38841960,haib17CEM4890_H7KYMCCXY_SL273082,,metasub,,USA,North America,,,,,missing,,1/1/70,built environment,subway,surface,,,
SRR27257755,PRJNA732392,SAMN38841551,haib17CEM4890_H7KYMCCXY_SL273083,,metasub,,USA,North America,,,,,missing,,1/1/70,built environment,subway,surface,,,
SRR27257300,PRJNA732392,SAMN38841542,haib17CEM4890_H7KYMCCXY_SL273084,,metasub,,USA,North America,,,,,missing,,1/1/70,built environment,subway,surface,,,
SRR27257851,PRJNA732392,SAMN38842163,haib17CEM4890_H7KYMCCXY_SL273085,,metasub,,USA,North America,,,,,missing,,1/1/70,built environment,subway,surface,,,
SRR27258201,PRJNA732392,SAMN38841615,haib17CEM4890_H7KYMCCXY_SL273086,,metasub,,USA,North America,,,,,missing,,1/1/70,built environment,subway,surface,,,
SRR27258084,PRJNA732392,SAMN38841567,haib17CEM4890_H7KYMCCXY_SL273087,,metasub,,USA,North America,,,,,missing,,1/1/70,built environment,subway,surface,,,
SRR27257459,PRJNA732392,SAMN38841474,haib17CEM4890_H7KYMCCXY_SL273088,,metasub,,Germany,Europe,,,,,52.5088698 N 13.3227731 E,,7/4/16,built environment,subway,surface,,,
SRR27258019,PRJNA732392,SAMN38841909,haib17CEM4890_H7KYMCCXY_SL273089,,metasub,,Germany,Europe,,,,,52.5167008 N 13.4407376 E,,7/11/16,built environment,subway,surface,,,
SRR27257677,PRJNA732392,SAMN38841793,haib17CEM4890_H7KYMCCXY_SL273090,,metasub,,Germany,Europe,,,,,52.510608 N 13.4904944 E,,7/11/16,built environment,subway,surface,,,
SRR27257788,PRJNA732392,SAMN38842220,haib17CEM4890_H7KYMCCXY_SL273091,,metasub,,USA,North America,,,,,missing,,missing,built environment,subway,surface,,,
SRR27257556,PRJNA732392,SAMN38842035,haib17CEM4890_H7KYMCCXY_SL273092,,metasub,,uncalculated,uncalculated,,,,,missing,,missing,built environment,subway,surface,,,
SRR27258067,PRJNA732392,SAMN38841582,haib17CEM4890_H7KYMCCXY_SL273093,,metasub,,USA,North America,,,,,missing,,1/1/70,built environment,subway,surface,,,
SRR27257970,PRJNA732392,SAMN38841879,haib17CEM4890_H7KYMCCXY_SL273094,,metasub,,USA,North America,,,,,missing,,1/1/70,built environment,subway,surface,,,
SRR27257633,PRJNA732392,SAMN38841921,haib17CEM4890_H7KYMCCXY_SL273095,,metasub,,USA,North America,,,,,missing,,1/1/70,built environment,subway,surface,,,
SRR27257541,PRJNA732392,SAMN38842137,haib17CEM4890_H7KYMCCXY_SL273096,,metasub,,USA,North America,,,,,missing,,1/1/70,built environment,subway,surface,,,
SRR27257947,PRJNA732392,SAMN38841945,haib17CEM4890_H7KYMCCXY_SL273097,,metasub,,USA,North America,,,,,missing,,1/1/70,built environment,subway,surface,,,
SRR27258112,PRJNA732392,SAMN38841738,haib17CEM4890_H7KYMCCXY_SL273098,,metasub,,USA,North America,,,,,missing,,1/1/70,built environment,subway,surface,,,
SRR27257932,PRJNA732392,SAMN38841418,haib17CEM4890_H7KYMCCXY_SL273099,,metasub,,USA,North America,,,,,missing,,1/1/70,built environment,subway,surface,,,
SRR27257949,PRJNA732392,SAMN38841943,haib17CEM4890_H7KYMCCXY_SL273100,,metasub,,Germany,Europe,,,,,52.5088698 N 13.3227731 E,,7/4/16,built environment,subway,surface,,,
SRR27257508,PRJNA732392,SAMN38842319,haib17CEM4890_H7KYMCCXY_SL273101,,metasub,,Germany,Europe,,,,,52.5167008 N 13.4407376 E,,7/11/16,built environment,subway,surface,,,
SRR27257977,PRJNA732392,SAMN38841873,haib17CEM4890_H7KYMCCXY_SL273102,,metasub,,Germany,Europe,,,,,52.510608 N 13.4904944 E,,7/11/16,built environment,subway,surface,,,
SRR27257424,PRJNA732392,SAMN38842074,haib17CEM4890_H7KYMCCXY_SL273103,,metasub,,USA,North America,,,,,missing,,missing,built environment,subway,surface,,,
SRR27257980,PRJNA732392,SAMN38841870,haib17CEM4890_H7KYMCCXY_SL273104,,metasub,,uncalculated,uncalculated,,,,,missing,,missing,built environment,subway,surface,,,
SRR27257905,PRJNA732392,SAMN38842091,haib17CEM4890_H7KYMCCXY_SL273105,,metasub,,USA,North America,,,,,missing,,1/1/70,built environment,subway,surface,,,
SRR27257481,PRJNA732392,SAMN38841513,haib17CEM4890_H7KYMCCXY_SL273106,,metasub,,USA,North America,,,,,missing,,1/1/70,built environment,subway,surface,,,
SRR27258137,PRJNA732392,SAMN38841672,haib17CEM4890_H7KYMCCXY_SL273107,,metasub,,USA,North America,,,,,missing,,1/1/70,built environment,subway,surface,,,
SRR27257231,PRJNA732392,SAMN38841866,haib17CEM4890_H7KYMCCXY_SL273108,,metasub,,USA,North America,,,,,missing,,1/1/70,built environment,subway,surface,,,
SRR27257403,PRJNA732392,SAMN38842226,haib17CEM4890_H7KYMCCXY_SL273109,,metasub,,USA,North America,,,,,missing,,1/1/70,built environment,subway,surface,,,
SRR27257414,PRJNA732392,SAMN38842083,haib17CEM4890_H7KYMCCXY_SL273110,,metasub,,USA,North America,,,,,missing,,1/1/70,built environment,subway,surface,,,
SRR27257712,PRJNA732392,SAMN38841740,haib17CEM4890_H7KYMCCXY_SL273111,,metasub,,USA,North America,,,,,missing,,1/1/70,built environment,subway,surface,,,
SRR27257884,PRJNA732392,SAMN38842110,haib17CEM4890_H7KYMCCXY_SL273112,,metasub,,Germany,Europe,,,,,52.5127771 N 13.2677184 E,,7/4/16,built environment,subway,surface,,,
SRR27257711,PRJNA732392,SAMN38841741,haib17CEM4890_H7KYMCCXY_SL273113,,metasub,,Germany,Europe,,,,,52.512626 N 13.4759983 E,,7/11/16,built environment,subway,surface,,,
SRR27257904,PRJNA732392,SAMN38842092,haib17CEM4890_H7KYMCCXY_SL273114,,metasub,,uncalculated,uncalculated,,,,,missing,,missing,built environment,subway,surface,,,
SRR27257963,PRJNA732392,SAMN38841886,haib17CEM4890_H7KYMCCXY_SL273115,,metasub,,USA,North America,,,,,missing,,missing,built environment,subway,surface,,,
SRR27257836,PRJNA732392,SAMN38842177,haib17CEM4890_H7KYMCCXY_SL273116,,metasub,,uncalculated,uncalculated,,,,,missing,,missing,built environment,subway,surface,,,
SRR27257786,PRJNA732392,SAMN38842245,haib17CEM4890_H7KYMCCXY_SL273117,,metasub,,USA,North America,,,,,missing,,1/1/70,built environment,subway,surface,,,
SRR27257547,PRJNA732392,SAMN38842043,haib17CEM4890_H7KYMCCXY_SL273118,,metasub,,USA,North America,,,,,missing,,1/1/70,built environment,subway,surface,,,
SRR27257817,PRJNA732392,SAMN38842194,haib17CEM4890_H7KYMCCXY_SL273119,,metasub,,USA,North America,,,,,missing,,1/1/70,built environment,subway,surface,,,
SRR27257916,PRJNA732392,SAMN38842059,haib17CEM4890_H7KYMCCXY_SL273120,,metasub,,USA,North America,,,,,missing,,1/1/70,built environment,subway,surface,,,
SRR27257655,PRJNA732392,SAMN38841835,haib17CEM4890_H7KYMCCXY_SL273121,,metasub,,USA,North America,,,,,missing,,1/1/70,built environment,subway,surface,,,
SRR27257251,PRJNA732392,SAMN38841717,haib17CEM4890_H7KYMCCXY_SL273122,,metasub,,USA,North America,,,,,missing,,1/1/70,built environment,subway,surface,,,
SRR27258152,PRJNA732392,SAMN38841658,haib17CEM4890_H7KYMCCXY_SL273123,,metasub,,USA,North America,,,,,missing,,1/1/70,built environment,subway,surface,,,
SRR27258075,PRJNA732392,SAMN38841575,haib17CEM4890_H7KYMCCXY_SL273124,,metasub,,Germany,Europe,,,,,52.5127771 N 13.2677184 E,,7/4/16,built environment,subway,surface,,,
SRR27257962,PRJNA732392,SAMN38841887,haib17CEM4890_H7KYMCCXY_SL273125,,metasub,,Germany,Europe,,,,,52.512626 N 13.4759983 E,,7/11/16,built environment,subway,surface,,,
SRR27257978,PRJNA732392,SAMN38841872,haib17CEM4890_H7KYMCCXY_SL273126,,metasub,,uncalculated,uncalculated,,,,,missing,,missing,built environment,subway,surface,,,
SRR27258011,PRJNA732392,SAMN38842288,haib17CEM4890_H7KYMCCXY_SL273127,,metasub,,USA,North America,,,,,missing,,1/1/70,built environment,subway,surface,,,
SRR27257865,PRJNA732392,SAMN38842128,haib17CEM4890_HKC32ALXX_SL254673,,metasub,,Chile,South America,,,,,33.519781 S 70.599615 W,,6/24/16,built environment,subway,surface,,,
SRR27257878,PRJNA732392,SAMN38842116,haib17CEM4890_HKC32ALXX_SL254675,,metasub,,Colombia,South America,,,,,4.65741375 N 74.06223392 W,,6/21/16,built environment,subway,surface,,,
SRR27258023,PRJNA732392,SAMN38841906,haib17CEM4890_HKC32ALXX_SL254676,,metasub,,Colombia,South America,,,,,4.6824383 N 74.1220166 W,,6/21/16,built environment,subway,surface,,,
SRR27257847,PRJNA732392,SAMN38842167,haib17CEM4890_HKC32ALXX_SL254677,,metasub,,Japan,Asia,,,,,35.6053238 N 139.6824074 E,,7/8/16,built environment,subway,surface,,,
SRR27257898,PRJNA732392,SAMN38841432,haib17CEM4890_HKC32ALXX_SL254678,,metasub,,Japan,Asia,,,,,35.60114099 N 139.6846014 E,,7/9/16,built environment,subway,surface,,,
SRR27257951,PRJNA732392,SAMN38841941,haib17CEM4890_HKC32ALXX_SL254679,,metasub,,Japan,Asia,,,,,35.60086184 N 139.6849179 E,,7/9/16,built environment,subway,surface,,,
SRR27258171,PRJNA732392,SAMN38841642,haib17CEM4890_HKC32ALXX_SL254680,,metasub,,Nigeria,Africa,,,,,8.4845372 N 4.5629353 E,,6/22/16,built environment,subway,surface,,,
SRR27257696,PRJNA732392,SAMN38841755,haib17CEM4890_HKC32ALXX_SL254681,,metasub,,Nigeria,Africa,,,,,8.4575553 N 4.5769546 E,,6/23/16,built environment,subway,surface,,,
SRR27257716,PRJNA732392,SAMN38841692,haib17CEM4890_HKC32ALXX_SL254683,,metasub,,uncalculated,uncalculated,,,,,missing,,missing,built environment,subway,surface,,,
SRR27257376,PRJNA732392,SAMN38842271,haib17CEM4890_HKC32ALXX_SL254684,,metasub,,uncalculated,uncalculated,,,,,missing,,missing,built environment,subway,surface,,,
SRR27258101,PRJNA732392,SAMN38841769,haib17CEM4890_HKC32ALXX_SL254685,,metasub,,Chile,South America,,,,,33.519781 S 70.599615 W,,6/24/16,built environment,subway,surface,,,
SRR27257358,PRJNA732392,SAMN38842331,haib17CEM4890_HKC32ALXX_SL254686,,metasub,,Chile,South America,,,,,33.52619296 S 70.59649975 W,,6/24/16,built environment,subway,surface,,,
SRR27257457,PRJNA732392,SAMN38841476,haib17CEM4890_HKC32ALXX_SL254687,,metasub,,Colombia,South America,,,,,4.65741375 N 74.06223392 W,,6/21/16,built environment,subway,surface,,,
SRR27257876,PRJNA732392,SAMN38841434,haib17CEM4890_HKC32ALXX_SL254688,,metasub,,Colombia,South America,,,,,4.6822583 N 74.1220683 W,,6/21/16,built environment,subway,surface,,,
SRR27257294,PRJNA732392,SAMN38841590,haib17CEM4890_HKC32ALXX_SL254689,,metasub,,Japan,Asia,,,,,35.60088801 N 139.6848696 E,,7/9/16,built environment,subway,surface,,,
SRR27257815,PRJNA732392,SAMN38842196,haib17CEM4890_HKC32ALXX_SL254690,,metasub,,Japan,Asia,,,,,35.6053238 N 139.6824074 E,,7/8/16,built environment,subway,surface,,,
SRR27257765,PRJNA732392,SAMN38842263,haib17CEM4890_HKC32ALXX_SL254691,,metasub,,Japan,Asia,,,,,35.60115407 N 139.684639 E,,7/10/16,built environment,subway,surface,,,
SRR27257319,PRJNA732392,SAMN38841525,haib17CEM4890_HKC32ALXX_SL254692,,metasub,,Nigeria,Africa,,,,,8.4845658 N 4.5629467 E,,6/22/16,built environment,subway,surface,,,
SRR27257444,PRJNA732392,SAMN38842012,haib17CEM4890_HKC32ALXX_SL254693,,metasub,,Nigeria,Africa,,,,,8.4575205 N 4.576905 E,,6/23/16,built environment,subway,surface,,,
SRR27257544,PRJNA732392,SAMN38842045,haib17CEM4890_HKC32ALXX_SL254694,,metasub,,Nigeria,Africa,,,,,8.4843683 N 4.5627366 E,,6/22/16,built environment,subway,surface,,,
SRR27258175,PRJNA732392,SAMN38841638,haib17CEM4890_HKC32ALXX_SL254696,,metasub,,uncalculated,uncalculated,,,,,missing,,missing,built environment,subway,surface,,,
SRR27257867,PRJNA732392,SAMN38842127,haib17CEM4890_HKC32ALXX_SL254697,,metasub,,Chile,South America,,,,,33.519781 S 70.599615 W,,6/24/16,built environment,subway,surface,,,
SRR27257528,PRJNA732392,SAMN38842148,haib17CEM4890_HKC32ALXX_SL254698,,metasub,,Chile,South America,,,,,33.46721296 S 70.6247735 W,,6/24/16,built environment,subway,surface,,,
SRR27257272,PRJNA732392,SAMN38841392,haib17CEM4890_HKC32ALXX_SL254699,,metasub,,Colombia,South America,,,,,4.65746227 N 74.06218843 W,,6/21/16,built environment,subway,surface,,,
SRR27257346,PRJNA732392,SAMN38841370,haib17CEM4890_HKC32ALXX_SL254700,,metasub,,Colombia,South America,,,,,4.623455 N 74.0839496 W,,6/21/16,built environment,subway,surface,,,
SRR27257800,PRJNA732392,SAMN38842209,haib17CEM4890_HKC32ALXX_SL254701,,metasub,,Japan,Asia,,,,,35.60088801 N 139.6848696 E,,7/9/16,built environment,subway,surface,,,
SRR27257287,PRJNA732392,SAMN38841597,haib17CEM4890_HKC32ALXX_SL254702,,metasub,,Japan,Asia,,,,,35.60086184 N 139.6849179 E,,7/9/16,built environment,subway,surface,,,
SRR27257582,PRJNA732392,SAMN38841989,haib17CEM4890_HKC32ALXX_SL254703,,metasub,,Japan,Asia,,,,,35.60115407 N 139.684639 E,,7/10/16,built environment,subway,surface,,,
SRR27257235,PRJNA732392,SAMN38841862,haib17CEM4890_HKC32ALXX_SL254705,,metasub,,Nigeria,Africa,,,,,8.4693646 N 4.5854401 E,,6/22/16,built environment,subway,surface,,,
SRR27257435,PRJNA732392,SAMN38842020,haib17CEM4890_HKC32ALXX_SL254706,,metasub,,Nigeria,Africa,,,,,8.4574433 N 4.5767166 E,,6/22/16,built environment,subway,surface,,,
SRR27257389,PRJNA732392,SAMN38842238,haib17CEM4890_HKC32ALXX_SL254707,,metasub,,uncalculated,uncalculated,,,,,missing,,missing,built environment,subway,surface,,,
SRR27257762,PRJNA732392,SAMN38841545,haib17CEM4890_HKC32ALXX_SL254708,,metasub,,uncalculated,uncalculated,,,,,missing,,missing,built environment,subway,surface,,,
SRR27257637,PRJNA732392,SAMN38841414,haib17CEM4890_HKC32ALXX_SL254709,,metasub,,Chile,South America,,,,,33.519781 S 70.599615 W,,6/24/16,built environment,subway,surface,,,
SRR27257366,PRJNA732392,SAMN38842280,haib17CEM4890_HKC32ALXX_SL254711,,metasub,,Colombia,South America,,,,,4.65816823 N 74.06214714 W,,6/21/16,built environment,subway,surface,,,
SRR27257882,PRJNA732392,SAMN38842112,haib17CEM4890_HKC32ALXX_SL254712,,metasub,,Colombia,South America,,,,,4.6211692 N 74.0852599 W,,6/21/16,built environment,subway,surface,,,
SRR27258158,PRJNA732392,SAMN38841654,haib17CEM4890_HKC32ALXX_SL254713,,metasub,,Japan,Asia,,,,,35.60088801 N 139.6848696 E,,7/9/16,built environment,subway,surface,,,
SRR27258124,PRJNA732392,SAMN38841395,haib17CEM4890_HKC32ALXX_SL254714,,metasub,,Japan,Asia,,,,,35.60086184 N 139.6849179 E,,7/9/16,built environment,subway,surface,,,
SRR27257811,PRJNA732392,SAMN38842199,haib17CEM4890_HKC32ALXX_SL254715,,metasub,,Japan,Asia,,,,,35.60115407 N 139.684639 E,,7/10/16,built environment,subway,surface,,,
SRR27257893,PRJNA732392,SAMN38842102,haib17CEM4890_HKC32ALXX_SL254716,,metasub,,Nigeria,Africa,,,,,8.45760057 N 4.57681119 E,,6/22/16,built environment,subway,surface,,,
SRR27258187,PRJNA732392,SAMN38841385,haib17CEM4890_HKC32ALXX_SL254717,,metasub,,Nigeria,Africa,,,,,8.45758225 N 4.57680219 E,,6/22/16,built environment,subway,surface,,,
SRR27257583,PRJNA732392,SAMN38841988,haib17CEM4890_HKC32ALXX_SL254718,,metasub,,Nigeria,Africa,,,,,8.45759395 N 4.57679498 E,,6/22/16,built environment,subway,surface,,,
SRR27258043,PRJNA732392,SAMN38841822,haib17CEM4890_HKC32ALXX_SL254719,,metasub,,uncalculated,uncalculated,,,,,missing,,missing,built environment,subway,surface,,,
SRR27257799,PRJNA732392,SAMN38842210,haib17CEM4890_HKC32ALXX_SL254720,,metasub,,uncalculated,uncalculated,,,,,missing,,missing,built environment,subway,surface,,,
SRR27257413,PRJNA732392,SAMN38842084,haib17CEM4890_HKC32ALXX_SL254721,,metasub,,Chile,South America,,,,,33.5198505 S 70.59613405 W,,6/24/16,built environment,subway,surface,,,
SRR27257695,PRJNA732392,SAMN38841756,haib17CEM4890_HKC32ALXX_SL254722,,metasub,,Colombia,South America,,,,,4.68299375 N 74.05789425 W,,6/21/16,built environment,subway,surface,,,
SRR27258189,PRJNA732392,SAMN38841626,haib17CEM4890_HKC32ALXX_SL254723,,metasub,,Colombia,South America,,,,,4.63980708 N 74.06644178 W,,6/21/16,built environment,subway,surface,,,
SRR27257805,PRJNA732392,SAMN38842205,haib17CEM4890_HKC32ALXX_SL254724,,metasub,,uncalculated,uncalculated,,,,,missing,,missing,built environment,subway,surface,,,
SRR27257902,PRJNA732392,SAMN38842094,haib17CEM4890_HKC32ALXX_SL254725,,metasub,,Japan,Asia,,,,,35.60094471 N 139.6849179 E,,7/10/16,built environment,subway,surface,,,
SRR27258105,PRJNA732392,SAMN38841766,haib17CEM4890_HKC32ALXX_SL254726,,metasub,,Japan,Asia,,,,,35.60086184 N 139.6849179 E,,7/9/16,built environment,subway,surface,,,
SRR27257828,PRJNA732392,SAMN38842184,haib17CEM4890_HKC32ALXX_SL254727,,metasub,,Japan,Asia,,,,,35.60114535 N 139.6846081 E,,7/9/16,built environment,subway,surface,,,
SRR27257250,PRJNA732392,SAMN38841848,haib17CEM4890_HKC32ALXX_SL254728,,metasub,,Nigeria,Africa,,,,,8.45760138 N 4.57681076 E,,6/22/16,built environment,subway,surface,,,
SRR27258115,PRJNA732392,SAMN38841736,haib17CEM4890_HKC32ALXX_SL254731,,metasub,,uncalculated,uncalculated,,,,,missing,,missing,built environment,subway,surface,,,
SRR27257620,PRJNA732392,SAMN38841933,haib17CEM4890_HKC32ALXX_SL254732,,metasub,,uncalculated,uncalculated,,,,,missing,,missing,built environment,subway,surface,,,
SRR27257546,PRJNA732392,SAMN38842044,haib17CEM4890_HKC32ALXX_SL254733,,metasub,,Chile,South America,,,,,33.5268133 S 70.5971724 W,,6/24/16,built environment,subway,surface,,,
SRR27257734,PRJNA732392,SAMN38841613,haib17CEM4890_HKC32ALXX_SL254734,,metasub,,Colombia,South America,,,,,4.65753546 N 74.06229744 W,,6/21/16,built environment,subway,surface,,,
SRR27258128,PRJNA732392,SAMN38841724,haib17CEM4890_HKC32ALXX_SL254737,,metasub,,Japan,Asia,,,,,35.60094471 N 139.6849179 E,,7/10/16,built environment,subway,surface,,,
SRR27257453,PRJNA732392,SAMN38842004,haib17CEM4890_HKC32ALXX_SL254738,,metasub,,Japan,Asia,,,,,35.60114535 N 139.6846081 E,,7/9/16,built environment,subway,surface,,,
SRR27258012,PRJNA732392,SAMN38841451,haib17CEM4890_HKC32ALXX_SL254739,,metasub,,Japan,Asia,,,,,35.60114535 N 139.6846081 E,,7/9/16,built environment,subway,surface,,,
SRR27258005,PRJNA732392,SAMN38842294,haib17CEM4890_HKC32ALXX_SL254740,,metasub,,Nigeria,Africa,,,,,8.484622 N 4.5629485 E,,6/22/16,built environment,subway,surface,,,
SRR27257244,PRJNA732392,SAMN38841854,haib17CEM4890_HKC32ALXX_SL254742,,metasub,,Nigeria,Africa,,,,,8.4847149 N 4.5626554 E,,6/22/16,built environment,subway,surface,,,
SRR27257340,PRJNA732392,SAMN38841484,haib17CEM4890_HKC32ALXX_SL254743,,metasub,,uncalculated,uncalculated,,,,,missing,,missing,built environment,subway,surface,,,
SRR27257442,PRJNA732392,SAMN38842014,haib17CEM4890_HKC32ALXX_SL254744,,metasub,,uncalculated,uncalculated,,,,,missing,,missing,built environment,subway,surface,,,
SRR27257753,PRJNA732392,SAMN38841553,haib17CEM4890_HKC32ALXX_SL254745,,metasub,,Chile,South America,,,,,33.52554145 S 70.59708536 W,,6/24/16,built environment,subway,surface,,,
SRR27257573,PRJNA732392,SAMN38841422,haib17CEM4890_HKC32ALXX_SL254746,,metasub,,Colombia,South America,,,,,4.65750486 N 74.06222547 W,,6/21/16,built environment,subway,surface,,,
SRR27258074,PRJNA732392,SAMN38841576,haib17CEM4890_HKC32ALXX_SL254747,,metasub,,Colombia,South America,,,,,4.57451391 N 74.1234377 W,,6/21/16,built environment,subway,surface,,,
SRR27257813,PRJNA732392,SAMN38841442,haib17CEM4890_HKC32ALXX_SL254749,,metasub,,Japan,Asia,,,,,35.60088801 N 139.6848696 E,,7/9/16,built environment,subway,surface,,,
SRR27257531,PRJNA732392,SAMN38842146,haib17CEM4890_HKC32ALXX_SL254750,,metasub,,Japan,Asia,,,,,35.60114535 N 139.6846081 E,,7/9/16,built environment,subway,surface,,,
SRR27257746,PRJNA732392,SAMN38841558,haib17CEM4890_HKC32ALXX_SL254751,,metasub,,Japan,Asia,,,,,35.60114535 N 139.6846081 E,,7/9/16,built environment,subway,surface,,,
SRR27257874,PRJNA732392,SAMN38842119,haib17CEM4890_HKC32ALXX_SL254752,,metasub,,Nigeria,Africa,,,,,8.483119 N 4.5648407 E,,6/22/16,built environment,subway,surface,,,
SRR27257585,PRJNA732392,SAMN38841987,haib17CEM4890_HKC32ALXX_SL254755,,metasub,,uncalculated,uncalculated,,,,,missing,,missing,built environment,subway,surface,,,
SRR27258001,PRJNA732392,SAMN38841452,haib17CEM4890_HKC32ALXX_SL254757,,metasub,,Chile,South America,,,,,33.49929728 S 70.61579883 W,,6/24/16,built environment,subway,surface,,,
SRR27257320,PRJNA732392,SAMN38841524,haib17CEM4890_HKC32ALXX_SL254758,,metasub,,Colombia,South America,,,,,4.65747666 N 74.06234823 W,,6/21/16,built environment,subway,surface,,,
SRR27258096,PRJNA732392,SAMN38841774,haib17CEM4890_HKC32ALXX_SL254759,,metasub,,Colombia,South America,,,,,4.57092094 N 74.13952141 W,,6/21/16,built environment,subway,surface,,,
SRR27257649,PRJNA732392,SAMN38841840,haib17CEM4890_HKC32ALXX_SL254760,,metasub,,Japan,Asia,,,,,35.6053238 N 139.6824074 E,,7/8/16,built environment,subway,surface,,,
SRR27257468,PRJNA732392,SAMN38841466,haib17CEM4890_HKC32ALXX_SL254761,,metasub,,Japan,Asia,,,,,35.60114099 N 139.6846014 E,,7/9/16,built environment,subway,surface,,,
SRR27257407,PRJNA732392,SAMN38842221,haib17CEM4890_HKC32ALXX_SL254762,,metasub,,Japan,Asia,,,,,35.60086184 N 139.6849179 E,,7/9/16,built environment,subway,surface,,,
SRR27257293,PRJNA732392,SAMN38841591,haib17CEM4890_HKC32ALXX_SL254763,,metasub,,Nigeria,Africa,,,,,8.457538 N 4.5769145 E,,6/23/16,built environment,subway,surface,,,
SRR27257784,PRJNA732392,SAMN38842247,haib17CEM4890_HKC32ALXX_SL254764,,metasub,,Nigeria,Africa,,,,,8.48480166 N 4.56306166 E,,6/22/16,built environment,subway,surface,,,
SRR27258120,PRJNA732392,SAMN38841731,haib17CEM4890_HKC32ALXX_SL254765,,metasub,,Nigeria,Africa,,,,,8.4845581 N 4.56291 E,,6/22/16,built environment,subway,surface,,,
SRR27257676,PRJNA732392,SAMN38841794,haib17CEM4890_HKC32ALXX_SL254766,,metasub,,uncalculated,uncalculated,,,,,missing,,missing,built environment,subway,surface,,,
SRR27257542,PRJNA732392,SAMN38842136,haib17CEM4890_HKC32ALXX_SL254767,,metasub,,uncalculated,uncalculated,,,,,missing,,missing,built environment,subway,surface,,,
SRR27257886,PRJNA732392,SAMN38842108,haib17CEM4890_HMCMJCCXY_SL335772,,metasub,,USA,North America,,,,,missing,,missing,built environment,subway,surface,,,
SRR27257491,PRJNA732392,SAMN38841505,haib17CEM4890_HMCMJCCXY_SL335773,,metasub,,USA,North America,,,,,missing,,missing,built environment,subway,surface,,,
SRR27257754,PRJNA732392,SAMN38841552,haib17CEM4890_HMCMJCCXY_SL335774,,metasub,,USA,North America,,,,,missing,,missing,built environment,subway,surface,,,
SRR27257396,PRJNA732392,SAMN38842232,haib17CEM4890_HMCMJCCXY_SL335775,,metasub,,USA,North America,,,,,missing,,missing,built environment,subway,surface,,,
SRR27257681,PRJNA732392,SAMN38841789,haib17CEM4890_HMCMJCCXY_SL335776,,metasub,,uncalculated,uncalculated,,,,,missing,,missing,built environment,subway,surface,,,
SRR27257769,PRJNA732392,SAMN38842259,haib17CEM4890_HMCMJCCXY_SL335777,,metasub,,USA,North America,,,,,39.7589382 N 104.7856061 W,,6/21/16,built environment,subway,surface,,,
SRR27258100,PRJNA732392,SAMN38841770,haib17CEM4890_HMCMJCCXY_SL335778,,metasub,,USA,North America,,,,,39.7621901 N 104.7910643 W,,6/21/16,built environment,subway,surface,,,
SRR27257347,PRJNA732392,SAMN38841457,haib17CEM4890_HMCMJCCXY_SL335779,,metasub,,USA,North America,,,,,40.74603134 N 73.98212077 W,,6/21/16,built environment,subway,surface,,,
SRR27257399,PRJNA732392,SAMN38842229,haib17CEM4890_HMCMJCCXY_SL335780,,metasub,,uncalculated,uncalculated,,,,,missing,,missing,built environment,subway,surface,,,
SRR27257427,PRJNA732392,SAMN38842071,haib17CEM4890_HMCMJCCXY_SL335781,,metasub,,USA,North America,,,,,40.66976846 N 73.96318906 W,,6/21/16,built environment,subway,surface,,,
SRR27258166,PRJNA732392,SAMN38841647,haib17CEM4890_HMCMJCCXY_SL335782,,metasub,,uncalculated,uncalculated,,,,,missing,,missing,built environment,subway,surface,,,
SRR27258053,PRJNA732392,SAMN38841813,haib17CEM4890_HMCMJCCXY_SL335783,,metasub,,uncalculated,uncalculated,,,,,missing,,missing,built environment,subway,surface,,,
SRR27257672,PRJNA732392,SAMN38841402,haib17CEM4890_HMCMJCCXY_SL335785,,metasub,,USA,North America,,,,,missing,,missing,built environment,subway,surface,,,
SRR27257610,PRJNA732392,SAMN38841964,haib17CEM4890_HMCMJCCXY_SL335786,,metasub,,USA,North America,,,,,missing,,missing,built environment,subway,surface,,,
SRR27257816,PRJNA732392,SAMN38842195,haib17CEM4890_HMCMJCCXY_SL335787,,metasub,,USA,North America,,,,,missing,,missing,built environment,subway,surface,,,
SRR27257566,PRJNA732392,SAMN38842026,haib17CEM4890_HMCMJCCXY_SL335788,,metasub,,uncalculated,uncalculated,,,,,missing,,missing,built environment,subway,surface,,,
SRR27257832,PRJNA732392,SAMN38842180,haib17CEM4890_HMCMJCCXY_SL335789,,metasub,,USA,North America,,,,,39.7758078 N 104.9421051 W,,6/21/16,built environment,subway,surface,,,
SRR27257697,PRJNA732392,SAMN38841754,haib17CEM4890_HMCMJCCXY_SL335790,,metasub,,USA,North America,,,,,39.7704602 N 104.786576 W,,6/21/16,built environment,subway,surface,,,
SRR27257480,PRJNA732392,SAMN38841514,haib17CEM4890_HMCMJCCXY_SL335791,,metasub,,USA,North America,,,,,40.74603044 N 73.98214306 W,,6/21/16,built environment,subway,surface,,,
SRR27257350,PRJNA732392,SAMN38842338,haib17CEM4890_HMCMJCCXY_SL335792,,metasub,,USA,North America,,,,,40.70940523 N 74.01228213 W,,6/21/16,built environment,subway,surface,,,
SRR27257352,PRJNA732392,SAMN38842337,haib17CEM4890_HMCMJCCXY_SL335793,,metasub,,USA,North America,,,,,40.67350341 N 73.9642169 W,,6/21/16,built environment,subway,surface,,,
SRR27257907,PRJNA732392,SAMN38842067,haib17CEM4890_HMCMJCCXY_SL335794,,metasub,,USA,North America,,,,,40.71004379 N 74.00688713 W,,6/21/16,built environment,subway,surface,,,
SRR27257863,PRJNA732392,SAMN38842130,haib17CEM4890_HMCMJCCXY_SL335795,,metasub,,USA,North America,,,,,40.75582346 N 73.98701906 W,,6/21/16,built environment,subway,surface,,,
SRR27258065,PRJNA732392,SAMN38841584,haib17CEM4890_HMCMJCCXY_SL335796,,metasub,,USA,North America,,,,,missing,,missing,built environment,subway,surface,,,
SRR27257732,PRJNA732392,SAMN38841390,haib17CEM4890_HMCMJCCXY_SL335797,,metasub,,USA,North America,,,,,missing,,missing,built environment,subway,surface,,,
SRR27257519,PRJNA732392,SAMN38842309,haib17CEM4890_HMCMJCCXY_SL335798,,metasub,,USA,North America,,,,,missing,,missing,built environment,subway,surface,,,
SRR27257520,PRJNA732392,SAMN38842308,haib17CEM4890_HMCMJCCXY_SL335799,,metasub,,USA,North America,,,,,missing,,missing,built environment,subway,surface,,,
SRR27258068,PRJNA732392,SAMN38841581,haib17CEM4890_HMCMJCCXY_SL335800,,metasub,,uncalculated,uncalculated,,,,,missing,,missing,built environment,subway,surface,,,
SRR27257579,PRJNA732392,SAMN38841992,haib17CEM4890_HMCMJCCXY_SL335801,,metasub,,USA,North America,,,,,39.7727166 N 104.9623596 W,,6/21/16,built environment,subway,surface,,,
SRR27257242,PRJNA732392,SAMN38841857,haib17CEM4890_HMCMJCCXY_SL335802,,metasub,,USA,North America,,,,,39.7653802 N 104.8917503 W,,6/21/16,built environment,subway,surface,,,
SRR27257345,PRJNA732392,SAMN38841478,haib17CEM4890_HMCMJCCXY_SL335803,,metasub,,USA,North America,,,,,40.74335535 N 73.9841307 W,,6/21/16,built environment,subway,surface,,,
SRR27257462,PRJNA732392,SAMN38841471,haib17CEM4890_HMCMJCCXY_SL335804,,metasub,,USA,North America,,,,,40.7072085 N 74.0120223 W,,6/21/16,built environment,subway,surface,,,
SRR27257710,PRJNA732392,SAMN38841742,haib17CEM4890_HMCMJCCXY_SL335805,,metasub,,USA,North America,,,,,40.67811195 N 73.97202752 W,,6/21/16,built environment,subway,surface,,,
SRR27257359,PRJNA732392,SAMN38842330,haib17CEM4890_HMCMJCCXY_SL335806,,metasub,,USA,North America,,,,,40.71856838 N 74.00177003 W,,6/21/16,built environment,subway,surface,,,
SRR27257461,PRJNA732392,SAMN38841472,haib17CEM4890_HMCMJCCXY_SL335807,,metasub,,USA,North America,,,,,40.7614667 N 73.9838294 W,,6/21/16,built environment,subway,surface,,,
SRR27257274,PRJNA732392,SAMN38841696,haib17CEM4890_HMCMJCCXY_SL335808,,metasub,,USA,North America,,,,,missing,,missing,built environment,subway,surface,,,
SRR27257835,PRJNA732392,SAMN38841440,haib17CEM4890_HMCMJCCXY_SL335809,,metasub,,USA,North America,,,,,missing,,missing,built environment,subway,surface,,,
SRR27257434,PRJNA732392,SAMN38842021,haib17CEM4890_HMCMJCCXY_SL335811,,metasub,,USA,North America,,,,,missing,,missing,built environment,subway,surface,,,
SRR27258082,PRJNA732392,SAMN38841568,haib17CEM4890_HMCMJCCXY_SL335812,,metasub,,uncalculated,uncalculated,,,,,missing,,missing,built environment,subway,surface,,,
SRR27258026,PRJNA732392,SAMN38841903,haib17CEM4890_HMCMJCCXY_SL335813,,metasub,,USA,North America,,,,,39.7758951 N 104.942089 W,,6/21/16,built environment,subway,surface,,,
SRR27257472,PRJNA732392,SAMN38841462,haib17CEM4890_HMCMJCCXY_SL335814,,metasub,,USA,North America,,,,,39.7759432 N 104.942359 W,,6/21/16,built environment,subway,surface,,,
SRR27258192,PRJNA732392,SAMN38841623,haib17CEM4890_HMCMJCCXY_SL335815,,metasub,,uncalculated,uncalculated,,,,,missing,,missing,built environment,subway,surface,,,
SRR27257370,PRJNA732392,SAMN38842277,haib17CEM4890_HMCMJCCXY_SL335816,,metasub,,uncalculated,uncalculated,,,,,missing,,missing,built environment,subway,surface,,,
SRR27257328,PRJNA732392,SAMN38841495,haib17CEM4890_HMCMJCCXY_SL335817,,metasub,,uncalculated,uncalculated,,,,,missing,,missing,built environment,subway,surface,,,
SRR27257661,PRJNA732392,SAMN38841829,haib17CEM4890_HMCMJCCXY_SL335818,,metasub,,USA,North America,,,,,40.72770531 N 73.99379969 W,,6/21/16,built environment,subway,surface,,,
SRR27257988,PRJNA732392,SAMN38841515,haib17CEM4890_HMCMJCCXY_SL335820,,metasub,,USA,North America,,,,,missing,,missing,built environment,subway,surface,,,
SRR27257533,PRJNA732392,SAMN38842144,haib17CEM4890_HMCMJCCXY_SL335821,,metasub,,USA,North America,,,,,missing,,missing,built environment,subway,surface,,,
SRR27258038,PRJNA732392,SAMN38841892,haib17CEM4890_HMCMJCCXY_SL335822,,metasub,,USA,North America,,,,,missing,,missing,built environment,subway,surface,,,
SRR27257806,PRJNA732392,SAMN38842204,haib17CEM4890_HMCMJCCXY_SL335823,,metasub,,USA,North America,,,,,missing,,missing,built environment,subway,surface,,,
SRR27257934,PRJNA732392,SAMN38841957,haib17CEM4890_HMCMJCCXY_SL335824,,metasub,,uncalculated,uncalculated,,,,,missing,,missing,built environment,subway,surface,,,
SRR27258021,PRJNA732392,SAMN38841413,haib17CEM4890_HMCMJCCXY_SL335825,,metasub,,USA,North America,,,,,39.8476676 N 104.6738595 W,,6/21/16,built environment,subway,surface,,,
SRR27258195,PRJNA732392,SAMN38841620,haib17CEM4890_HMCMJCCXY_SL335826,,metasub,,USA,North America,,,,,39.8276615 N 104.7541214 W,,6/21/16,built environment,subway,surface,,,
SRR27257960,PRJNA732392,SAMN38841888,haib17CEM4890_HMCMJCCXY_SL335828,,metasub,,USA,North America,,,,,40.70441387 N 74.01495616 W,,6/21/16,built environment,subway,surface,,,
SRR27257586,PRJNA732392,SAMN38841986,haib17CEM4890_HMCMJCCXY_SL335829,,metasub,,uncalculated,uncalculated,,,,,missing,,missing,built environment,subway,surface,,,
SRR27257763,PRJNA732392,SAMN38841544,haib17CEM4890_HMCMJCCXY_SL335830,,metasub,,uncalculated,uncalculated,,,,,missing,,missing,built environment,subway,surface,,,
SRR27257925,PRJNA732392,SAMN38842051,haib17CEM4890_HMCMJCCXY_SL335831,,metasub,,USA,North America,,,,,40.77851039 N 73.98220181 W,,6/21/16,built environment,subway,surface,,,
SRR27257603,PRJNA732392,SAMN38841970,haib17CEM4890_HMCMJCCXY_SL335832,,metasub,,USA,North America,,,,,missing,,missing,built environment,subway,surface,,,
SRR27257955,PRJNA732392,SAMN38841416,haib17CEM4890_HMCMJCCXY_SL335833,,metasub,,USA,North America,,,,,missing,,missing,built environment,subway,surface,,,
SRR27257803,PRJNA732392,SAMN38842207,haib17CEM4890_HMCMJCCXY_SL335834,,metasub,,USA,North America,,,,,missing,,missing,built environment,subway,surface,,,
SRR27258170,PRJNA732392,SAMN38841643,haib17CEM4890_HMCMJCCXY_SL335835,,metasub,,USA,North America,,,,,missing,,missing,built environment,subway,surface,,,
SRR27258000,PRJNA732392,SAMN38842298,haib17CEM4890_HMCMJCCXY_SL335836,,metasub,,uncalculated,uncalculated,,,,,missing,,missing,built environment,subway,surface,,,
SRR27258141,PRJNA732392,SAMN38841668,haib17CEM4890_HMCMJCCXY_SL335837,,metasub,,USA,North America,,,,,39.847532 N 104.6739961 W,,6/21/16,built environment,subway,surface,,,
SRR27257730,PRJNA732392,SAMN38841679,haib17CEM4890_HMCMJCCXY_SL335838,,metasub,,USA,North America,,,,,39.7676536 N 104.8508228 W,,6/21/16,built environment,subway,surface,,,
SRR27257355,PRJNA732392,SAMN38842334,haib17CEM4890_HMCMJCCXY_SL335839,,metasub,,USA,North America,,,,,40.72761524 N 73.99493968 W,,6/21/16,built environment,subway,surface,,,
SRR27257284,PRJNA732392,SAMN38841599,haib17CEM4890_HMCMJCCXY_SL335840,,metasub,,USA,North America,,,,,40.6905838 N 73.98521118 W,,6/21/16,built environment,subway,surface,,,
SRR27257266,PRJNA732392,SAMN38841703,haib17CEM4890_HMCMJCCXY_SL335841,,metasub,,USA,North America,,,,,40.70479122 N 74.01222742 W,,6/21/16,built environment,subway,surface,,,
SRR27257592,PRJNA732392,SAMN38841980,haib17CEM4890_HMCMJCCXY_SL335842,,metasub,,uncalculated,uncalculated,,,,,missing,,missing,built environment,subway,surface,,,
SRR27257270,PRJNA732392,SAMN38841699,haib17CEM4890_HMCMJCCXY_SL335843,,metasub,,USA,North America,,,,,40.78392095 N 73.98008823 W,,6/21/16,built environment,subway,surface,,,
SRR27258036,PRJNA732392,SAMN38841894,haib17CEM4890_HMCMJCCXY_SL335844,,metasub,,USA,North America,,,,,missing,,missing,built environment,subway,surface,,,
SRR27257628,PRJNA732392,SAMN38841926,haib17CEM4890_HMCMJCCXY_SL335845,,metasub,,USA,North America,,,,,missing,,missing,built environment,subway,surface,,,
SRR27257277,PRJNA732392,SAMN38841606,haib17CEM4890_HMCMJCCXY_SL335846,,metasub,,USA,North America,,,,,missing,,missing,built environment,subway,surface,,,
SRR27257690,PRJNA732392,SAMN38841759,haib17CEM4890_HMCMJCCXY_SL335847,,metasub,,USA,North America,,,,,missing,,missing,built environment,subway,surface,,,
SRR27258025,PRJNA732392,SAMN38841904,haib17CEM4890_HMCMJCCXY_SL335848,,metasub,,uncalculated,uncalculated,,,,,missing,,missing,built environment,subway,surface,,,
SRR27257239,PRJNA732392,SAMN38841858,haib17CEM4890_HMCMJCCXY_SL335849,,metasub,,USA,North America,,,,,39.838703 N 104.6808292 W,,6/21/16,built environment,subway,surface,,,
SRR27257709,PRJNA732392,SAMN38841743,haib17CEM4890_HMCMJCCXY_SL335850,,metasub,,USA,North America,,,,,39.7644415 N 104.9840771 W,,6/21/16,built environment,subway,surface,,,
SRR27257247,PRJNA732392,SAMN38841851,haib17CEM4890_HMCMJCCXY_SL335851,,metasub,,USA,North America,,,,,40.71978735 N 73.99464476 W,,6/21/16,built environment,subway,surface,,,
SRR27257823,PRJNA732392,SAMN38842188,haib17CEM4890_HMCMJCCXY_SL335852,,metasub,,USA,North America,,,,,40.68802218 N 73.98029371 W,,6/21/16,built environment,subway,surface,,,
SRR27257839,PRJNA732392,SAMN38842174,haib17CEM4890_HMCMJCCXY_SL335853,,metasub,,uncalculated,uncalculated,,,,,missing,,missing,built environment,subway,surface,,,
SRR27258095,PRJNA732392,SAMN38841775,haib17CEM4890_HMCMJCCXY_SL335854,,metasub,,uncalculated,uncalculated,,,,,missing,,missing,built environment,subway,surface,,,
SRR27257686,PRJNA732392,SAMN38841785,haib17CEM4890_HMCMJCCXY_SL335855,,metasub,,USA,North America,,,,,40.7884005 N 73.9765291 W,,6/21/16,built environment,subway,surface,,,
SRR27257349,PRJNA732392,SAMN38842339,haib17CEM4890_HMCMJCCXY_SL335856,,metasub,,USA,North America,,,,,missing,,missing,built environment,subway,surface,,,
SRR27258057,PRJNA732392,SAMN38841809,haib17CEM4890_HMCMJCCXY_SL335857,,metasub,,USA,North America,,,,,missing,,missing,built environment,subway,surface,,,
SRR27257906,PRJNA732392,SAMN38842090,haib17CEM4890_HMCMJCCXY_SL335858,,metasub,,USA,North America,,,,,missing,,missing,built environment,subway,surface,,,
SRR27257856,PRJNA732392,SAMN38842158,haib17CEM4890_HMCMJCCXY_SL335859,,metasub,,USA,North America,,,,,missing,,missing,built environment,subway,surface,,,
SRR27258022,PRJNA732392,SAMN38841907,haib17CEM4890_HMCMJCCXY_SL335860,,metasub,,uncalculated,uncalculated,,,,,missing,,missing,built environment,subway,surface,,,
SRR27257553,PRJNA732392,SAMN38841426,haib17CEM4890_HMCMJCCXY_SL335863,,metasub,,USA,North America,,,,,40.71977234 N 73.99464417 W,,6/21/16,built environment,subway,surface,,,
SRR27257456,PRJNA732392,SAMN38841477,haib17CEM4890_HMCMJCCXY_SL335864,,metasub,,USA,North America,,,,,40.67478292 N 73.97066076 W,,6/21/16,built environment,subway,surface,,,
SRR27257912,PRJNA732392,SAMN38842063,haib17CEM4890_HMCMJCCXY_SL335865,,metasub,,USA,North America,,,,,40.70938211 N 74.01228 W,,6/21/16,built environment,subway,surface,,,
SRR27257618,PRJNA732392,SAMN38841935,haib17CEM4890_HMCMJCCXY_SL335866,,metasub,,uncalculated,uncalculated,,,,,missing,,missing,built environment,subway,surface,,,
SRR27258009,PRJNA732392,SAMN38842290,haib17CEM4890_HMCMJCCXY_SL335867,,metasub,,USA,North America,,,,,40.79415595 N 73.97223473 W,,6/21/16,built environment,subway,surface,,,
SRR27257658,PRJNA732392,SAMN38841832,haib17CEM4890_HTVVJCCXY_SL366995,,metasub,,USA,North America,,,,,missing,,missing,built environment,subway,surface,,,
SRR27257588,PRJNA732392,SAMN38841984,haib17CEM4890_HTVVJCCXY_SL366996,,metasub,,USA,North America,,,,,missing,,missing,built environment,subway,surface,,,
SRR27257777,PRJNA732392,SAMN38842253,haib17CEM4890_HTVVJCCXY_SL366997,,metasub,,USA,North America,,,,,missing,,missing,built environment,subway,surface,,,
SRR27258136,PRJNA732392,SAMN38841673,haib17CEM4890_HTVVJCCXY_SL366998,,metasub,,USA,North America,,,,,missing,,missing,built environment,subway,surface,,,
SRR27258054,PRJNA732392,SAMN38841812,haib17CEM4890_HTVVJCCXY_SL366999,,metasub,,USA,North America,,,,,missing,,missing,built environment,subway,surface,,,
SRR27257571,PRJNA732392,SAMN38841999,haib17CEM4890_HTVVJCCXY_SL367000,,metasub,,USA,North America,,,,,missing,,missing,built environment,subway,surface,,,
SRR27258156,PRJNA732392,SAMN38841656,haib17CEM4890_HTVVJCCXY_SL367001,,metasub,,Brazil,South America,,,,,22.92405632 S 43.23247709 W,,4/1/17,built environment,subway,surface,,,
SRR27257473,PRJNA732392,SAMN38841461,haib17CEM4890_HTVVJCCXY_SL367002,,metasub,,Brazil,South America,,,,,22.85404892 S 43.31313551 W,,4/1/17,built environment,subway,surface,,,
SRR27257362,PRJNA732392,SAMN38842284,haib17CEM4890_HTVVJCCXY_SL367003,,metasub,,Brazil,South America,,,,,22.90762782 S 43.17796615 W,,4/1/17,built environment,subway,surface,,,
SRR27257926,PRJNA732392,SAMN38842050,haib17CEM4890_HTVVJCCXY_SL367004,,metasub,,Brazil,South America,,,,,22.85404892 S 43.31313551 W,,4/1/17,built environment,subway,surface,,,
SRR27258177,PRJNA732392,SAMN38841637,haib17CEM4890_HTVVJCCXY_SL367005,,metasub,,USA,North America,,,,,40.75039719 N 73.93963751 W,,6/24/16,built environment,subway,surface,,,
SRR27257504,PRJNA732392,SAMN38842323,haib17CEM4890_HTVVJCCXY_SL367006,,metasub,,uncalculated,uncalculated,,,,,missing,,missing,built environment,subway,surface,,,
SRR27257276,PRJNA732392,SAMN38841607,haib17CEM4890_HTVVJCCXY_SL367007,,metasub,,USA,North America,,,,,missing,,missing,built environment,subway,surface,,,
SRR27257798,PRJNA732392,SAMN38842211,haib17CEM4890_HTVVJCCXY_SL367008,,metasub,,USA,North America,,,,,missing,,missing,built environment,subway,surface,,,
SRR27257917,PRJNA732392,SAMN38842058,haib17CEM4890_HTVVJCCXY_SL367009,,metasub,,USA,North America,,,,,missing,,missing,built environment,subway,surface,,,
SRR27257229,PRJNA732392,SAMN38841409,haib17CEM4890_HTVVJCCXY_SL367010,,metasub,,USA,North America,,,,,missing,,missing,built environment,subway,surface,,,
SRR27258032,PRJNA732392,SAMN38841412,haib17CEM4890_HTVVJCCXY_SL367011,,metasub,,USA,North America,,,,,missing,,missing,built environment,subway,surface,,,
SRR27257745,PRJNA732392,SAMN38841559,haib17CEM4890_HTVVJCCXY_SL367012,,metasub,,Brazil,South America,,,,,22.96461767 S 43.18093237 W,,4/1/17,built environment,subway,surface,,,
SRR27257430,PRJNA732392,SAMN38842068,haib17CEM4890_HTVVJCCXY_SL367013,,metasub,,Brazil,South America,,,,,22.92405632 S 43.23247709 W,,4/1/17,built environment,subway,surface,,,
SRR27257226,PRJNA732392,SAMN38841674,haib17CEM4890_HTVVJCCXY_SL367014,,metasub,,Brazil,South America,,,,,22.85404892 S 43.31313551 W,,4/1/17,built environment,subway,surface,,,
SRR27257736,PRJNA732392,SAMN38841611,haib17CEM4890_HTVVJCCXY_SL367015,,metasub,,Brazil,South America,,,,,22.90762782 S 43.17796615 W,,4/1/17,built environment,subway,surface,,,
SRR27257629,PRJNA732392,SAMN38841925,haib17CEM4890_HTVVJCCXY_SL367016,,metasub,,Brazil,South America,,,,,22.85404892 S 43.31313551 W,,4/1/17,built environment,subway,surface,,,
SRR27257595,PRJNA732392,SAMN38841420,haib17CEM4890_HTVVJCCXY_SL367017,,metasub,,USA,North America,,,,,40.750022 N 73.9399916 W,,6/24/16,built environment,subway,surface,,,
SRR27257722,PRJNA732392,SAMN38841687,haib17CEM4890_HTVVJCCXY_SL367018,,metasub,,uncalculated,uncalculated,,,,,missing,,missing,built environment,subway,surface,,,
SRR27257507,PRJNA732392,SAMN38842320,haib17CEM4890_HTVVJCCXY_SL367019,,metasub,,USA,North America,,,,,missing,,missing,built environment,subway,surface,,,
SRR27257721,PRJNA732392,SAMN38841391,haib17CEM4890_HTVVJCCXY_SL367020,,metasub,,USA,North America,,,,,missing,,missing,built environment,subway,surface,,,
SRR27257733,PRJNA732392,SAMN38841677,haib17CEM4890_HTVVJCCXY_SL367021,,metasub,,USA,North America,,,,,missing,,missing,built environment,subway,surface,,,
SRR27258047,PRJNA732392,SAMN38841818,haib17CEM4890_HTVVJCCXY_SL367022,,metasub,,USA,North America,,,,,missing,,missing,built environment,subway,surface,,,
SRR27257333,PRJNA732392,SAMN38841490,haib17CEM4890_HTVVJCCXY_SL367023,,metasub,,USA,North America,,,,,missing,,missing,built environment,subway,surface,,,
SRR27257558,PRJNA732392,SAMN38842033,haib17CEM4890_HTVVJCCXY_SL367024,,metasub,,Brazil,South America,,,,,22.96461767 S 43.18093237 W,,4/1/17,built environment,subway,surface,,,
SRR27258148,PRJNA732392,SAMN38841662,haib17CEM4890_HTVVJCCXY_SL367025,,metasub,,Brazil,South America,,,,,22.92405632 S 43.23247709 W,,4/1/17,built environment,subway,surface,,,
SRR27257827,PRJNA732392,SAMN38842185,haib17CEM4890_HTVVJCCXY_SL367026,,metasub,,Brazil,South America,,,,,22.95015811 S 43.18422176 W,,4/1/17,built environment,subway,surface,,,
SRR27257386,PRJNA732392,SAMN38842241,haib17CEM4890_HTVVJCCXY_SL367027,,metasub,,Brazil,South America,,,,,22.90501773 S 43.19094441 W,,4/1/17,built environment,subway,surface,,,
SRR27257782,PRJNA732392,SAMN38842248,haib17CEM4890_HTVVJCCXY_SL367028,,metasub,,Brazil,South America,,,,,22.85404892 S 43.31313551 W,,4/1/17,built environment,subway,surface,,,
SRR27258185,PRJNA732392,SAMN38841629,haib17CEM4890_HTVVJCCXY_SL367029,,metasub,,USA,North America,,,,,40.7462416 N 73.9459474 W,,6/24/16,built environment,subway,surface,,,
SRR27257569,PRJNA732392,SAMN38842001,haib17CEM4890_HTVVJCCXY_SL367030,,metasub,,USA,North America,,,,,40.75565525 N 73.98719154 W,,6/24/16,built environment,subway,surface,,,
SRR27257380,PRJNA732392,SAMN38841449,haib17CEM4890_HTVVJCCXY_SL367031,,metasub,,USA,North America,,,,,missing,,missing,built environment,subway,surface,,,
SRR27257483,PRJNA732392,SAMN38841511,haib17CEM4890_HTVVJCCXY_SL367032,,metasub,,USA,North America,,,,,missing,,missing,built environment,subway,surface,,,
SRR27257735,PRJNA732392,SAMN38841612,haib17CEM4890_HTVVJCCXY_SL367033,,metasub,,USA,North America,,,,,missing,,missing,built environment,subway,surface,,,
SRR27257259,PRJNA732392,SAMN38841709,haib17CEM4890_HTVVJCCXY_SL367034,,metasub,,USA,North America,,,,,missing,,missing,built environment,subway,surface,,,
SRR27257382,PRJNA732392,SAMN38842266,haib17CEM4890_HTVVJCCXY_SL367035,,metasub,,USA,North America,,,,,missing,,missing,built environment,subway,surface,,,
SRR27258164,PRJNA732392,SAMN38841648,haib17CEM4890_HTVVJCCXY_SL367036,,metasub,,Brazil,South America,,,,,22.96461767 S 43.18093237 W,,4/1/17,built environment,subway,surface,,,
SRR27257785,PRJNA732392,SAMN38842246,haib17CEM4890_HTVVJCCXY_SL367037,,metasub,,Brazil,South America,,,,,22.98338732 S 43.19646657 W,,4/1/17,built environment,subway,surface,,,
SRR27257961,PRJNA732392,SAMN38841411,haib17CEM4890_HTVVJCCXY_SL367038,,metasub,,Brazil,South America,,,,,22.95015811 S 43.18422176 W,,4/1/17,built environment,subway,surface,,,
SRR27257557,PRJNA732392,SAMN38842034,haib17CEM4890_HTVVJCCXY_SL367039,,metasub,,Brazil,South America,,,,,22.90501773 S 43.19094441 W,,4/1/17,built environment,subway,surface,,,
SRR27257895,PRJNA732392,SAMN38842100,haib17CEM4890_HTVVJCCXY_SL367040,,metasub,,USA,North America,,,,,40.7595882 N 73.8300518 W,,6/24/16,built environment,subway,surface,,,
SRR27257249,PRJNA732392,SAMN38841849,haib17CEM4890_HTVVJCCXY_SL367041,,metasub,,USA,North America,,,,,40.7451741 N 73.9490241 W,,6/24/16,built environment,subway,surface,,,
SRR27257539,PRJNA732392,SAMN38842138,haib17CEM4890_HTVVJCCXY_SL367042,,metasub,,USA,North America,,,,,40.7558575 N 73.9869973 W,,6/24/16,built environment,subway,surface,,,
SRR27257409,PRJNA732392,SAMN38841431,haib17CEM4890_HTVVJCCXY_SL367043,,metasub,,USA,North America,,,,,missing,,missing,built environment,subway,surface,,,
SRR27257742,PRJNA732392,SAMN38841562,haib17CEM4890_HTVVJCCXY_SL367044,,metasub,,USA,North America,,,,,missing,,missing,built environment,subway,surface,,,
SRR27257776,PRJNA732392,SAMN38842254,haib17CEM4890_HTVVJCCXY_SL367045,,metasub,,USA,North America,,,,,missing,,missing,built environment,subway,surface,,,
SRR27257405,PRJNA732392,SAMN38842224,haib17CEM4890_HTVVJCCXY_SL367046,,metasub,,USA,North America,,,,,missing,,missing,built environment,subway,surface,,,
SRR27258070,PRJNA732392,SAMN38841579,haib17CEM4890_HTVVJCCXY_SL367047,,metasub,,USA,North America,,,,,missing,,missing,built environment,subway,surface,,,
SRR27257950,PRJNA732392,SAMN38841942,haib17CEM4890_HTVVJCCXY_SL367048,,metasub,,Brazil,South America,,,,,22.90501773 S 43.19094441 W,,4/1/17,built environment,subway,surface,,,
SRR27257518,PRJNA732392,SAMN38842310,haib17CEM4890_HTVVJCCXY_SL367049,,metasub,,Brazil,South America,,,,,22.98344411 S 43.19667578 W,,4/1/17,built environment,subway,surface,,,
SRR27257999,PRJNA732392,SAMN38842299,haib17CEM4890_HTVVJCCXY_SL367050,,metasub,,Brazil,South America,,,,,22.95015811 S 43.18422176 W,,4/1/17,built environment,subway,surface,,,
SRR27257764,PRJNA732392,SAMN38842264,haib17CEM4890_HTVVJCCXY_SL367051,,metasub,,Brazil,South America,,,,,22.98338732 S 43.19646657 W,,4/1/17,built environment,subway,surface,,,
SRR27257550,PRJNA732392,SAMN38842040,haib17CEM4890_HTVVJCCXY_SL367052,,metasub,,USA,North America,,,,,40.75448235 N 73.84569783 W,,6/24/16,built environment,subway,surface,,,
SRR27257691,PRJNA732392,SAMN38841758,haib17CEM4890_HTVVJCCXY_SL367053,,metasub,,USA,North America,,,,,40.74278112 N 73.95402943 W,,6/24/16,built environment,subway,surface,,,
SRR27258200,PRJNA732392,SAMN38841616,haib17CEM4890_HTVVJCCXY_SL367054,,metasub,,uncalculated,uncalculated,,,,,missing,,missing,built environment,subway,surface,,,
SRR27257987,PRJNA732392,SAMN38841516,haib17CEM4890_HTVVJCCXY_SL367055,,metasub,,USA,North America,,,,,missing,,missing,built environment,subway,surface,,,
SRR27257870,PRJNA732392,SAMN38842124,haib17CEM4890_HTVVJCCXY_SL367056,,metasub,,USA,North America,,,,,missing,,missing,built environment,subway,surface,,,
SRR27257540,PRJNA732392,SAMN38841436,haib17CEM4890_HTVVJCCXY_SL367057,,metasub,,USA,North America,,,,,missing,,missing,built environment,subway,surface,,,
SRR27257545,PRJNA732392,SAMN38842134,haib17CEM4890_HTVVJCCXY_SL367058,,metasub,,USA,North America,,,,,missing,,missing,built environment,subway,surface,,,
SRR27258176,PRJNA732392,SAMN38841386,haib17CEM4890_HTVVJCCXY_SL367059,,metasub,,USA,North America,,,,,missing,,missing,built environment,subway,surface,,,
SRR27258090,PRJNA732392,SAMN38841779,haib17CEM4890_HTVVJCCXY_SL367060,,metasub,,Brazil,South America,,,,,22.90501773 S 43.19094441 W,,4/1/17,built environment,subway,surface,,,
SRR27257400,PRJNA732392,SAMN38842228,haib17CEM4890_HTVVJCCXY_SL367061,,metasub,,Brazil,South America,,,,,22.92605059 S 43.17676306 W,,4/1/17,built environment,subway,surface,,,
SRR27257577,PRJNA732392,SAMN38841994,haib17CEM4890_HTVVJCCXY_SL367062,,metasub,,Brazil,South America,,,,,22.96461767 S 43.18093237 W,,4/1/17,built environment,subway,surface,,,
SRR27257708,PRJNA732392,SAMN38841744,haib17CEM4890_HTVVJCCXY_SL367063,,metasub,,Brazil,South America,,,,,22.98344411 S 43.19667578 W,,4/1/17,built environment,subway,surface,,,
SRR27257939,PRJNA732392,SAMN38841952,haib17CEM4890_HTVVJCCXY_SL367064,,metasub,,uncalculated,uncalculated,,,,,missing,,missing,built environment,subway,surface,,,
SRR27257903,PRJNA732392,SAMN38842093,haib17CEM4890_HTVVJCCXY_SL367065,,metasub,,USA,North America,,,,,40.75166348 N 73.97626356 W,,6/24/16,built environment,subway,surface,,,
SRR27257888,PRJNA732392,SAMN38842107,haib17CEM4890_HTVVJCCXY_SL367066,,metasub,,uncalculated,uncalculated,,,,,missing,,missing,built environment,subway,surface,,,
SRR27257622,PRJNA732392,SAMN38841931,haib17CEM4890_HTVVJCCXY_SL367067,,metasub,,USA,North America,,,,,missing,,missing,built environment,subway,surface,,,
SRR27257945,PRJNA732392,SAMN38841947,haib17CEM4890_HTVVJCCXY_SL367068,,metasub,,USA,North America,,,,,missing,,missing,built environment,subway,surface,,,
SRR27257591,PRJNA732392,SAMN38841981,haib17CEM4890_HTVVJCCXY_SL367069,,metasub,,USA,North America,,,,,missing,,missing,built environment,subway,surface,,,
SRR27257679,PRJNA732392,SAMN38841791,haib17CEM4890_HTVVJCCXY_SL367070,,metasub,,USA,North America,,,,,missing,,missing,built environment,subway,surface,,,
SRR27257238,PRJNA732392,SAMN38841859,haib17CEM4890_HTVVJCCXY_SL367071,,metasub,,USA,North America,,,,,missing,,missing,built environment,subway,surface,,,
SRR27258066,PRJNA732392,SAMN38841583,haib17CEM4890_HTVVJCCXY_SL367072,,metasub,,Brazil,South America,,,,,22.90501773 S 43.19094441 W,,4/1/17,built environment,subway,surface,,,
SRR27257232,PRJNA732392,SAMN38841865,haib17CEM4890_HTVVJCCXY_SL367073,,metasub,,Brazil,South America,,,,,22.93053171 S 43.17788959 W,,4/1/17,built environment,subway,surface,,,
SRR27257952,PRJNA732392,SAMN38841940,haib17CEM4890_HTVVJCCXY_SL367074,,metasub,,Brazil,South America,,,,,22.96461767 S 43.18093237 W,,4/1/17,built environment,subway,surface,,,
SRR27257609,PRJNA732392,SAMN38841965,haib17CEM4890_HTVVJCCXY_SL367075,,metasub,,Brazil,South America,,,,,22.92605059 S 43.17676306 W,,4/1/17,built environment,subway,surface,,,
SRR27258132,PRJNA732392,SAMN38841720,haib17CEM4890_HTVVJCCXY_SL367076,,metasub,,USA,North America,,,,,40.7493059 N 73.8689669 W,,6/24/16,built environment,subway,surface,,,
SRR27258033,PRJNA732392,SAMN38841897,haib17CEM4890_HTVVJCCXY_SL367077,,metasub,,USA,North America,,,,,40.7514244 N 73.9761415 W,,6/24/16,built environment,subway,surface,,,
SRR27257489,PRJNA732392,SAMN38841507,haib17CEM4890_HTVVJCCXY_SL367078,,metasub,,USA,North America,,,,,40.7426957 N 73.9541214 W,,6/24/16,built environment,subway,surface,,,
SRR27257715,PRJNA732392,SAMN38841693,haib17CEM4890_HTVVJCCXY_SL367079,,metasub,,USA,North America,,,,,missing,,missing,built environment,subway,surface,,,
SRR27257425,PRJNA732392,SAMN38842073,haib17CEM4890_HTVVJCCXY_SL367080,,metasub,,USA,North America,,,,,missing,,missing,built environment,subway,surface,,,
SRR27258014,PRJNA732392,SAMN38842287,haib17CEM4890_HTVVJCCXY_SL367081,,metasub,,USA,North America,,,,,missing,,missing,built environment,subway,surface,,,
SRR27257689,PRJNA732392,SAMN38841760,haib17CEM4890_HTVVJCCXY_SL367082,,metasub,,USA,North America,,,,,missing,,missing,built environment,subway,surface,,,
SRR27257410,PRJNA732392,SAMN38842087,haib17CEM4890_HTVVJCCXY_SL367083,,metasub,,USA,North America,,,,,missing,,missing,built environment,subway,surface,,,
SRR27257645,PRJNA732392,SAMN38841844,haib17CEM4890_HTVVJCCXY_SL367084,,metasub,,Brazil,South America,,,,,22.90970426 S 43.23390238 W,,4/1/17,built environment,subway,surface,,,
SRR27257849,PRJNA732392,SAMN38842165,haib17CEM4890_HTVVJCCXY_SL367085,,metasub,,Brazil,South America,,,,,22.85404892 S 43.31313551 W,,4/1/17,built environment,subway,surface,,,
SRR27258110,PRJNA732392,SAMN38841739,haib17CEM4890_HTVVJCCXY_SL367086,,metasub,,Brazil,South America,,,,,22.96461767 S 43.18093237 W,,4/1/17,built environment,subway,surface,,,
SRR27258081,PRJNA732392,SAMN38841569,haib17CEM4890_HTVVJCCXY_SL367087,,metasub,,Brazil,South America,,,,,22.93053171 S 43.17788959 W,,4/1/17,built environment,subway,surface,,,
SRR27258194,PRJNA732392,SAMN38841621,haib17CEM4890_HTVVJCCXY_SL367088,,metasub,,USA,North America,,,,,40.7460127 N 73.903217 W,,6/24/16,built environment,subway,surface,,,
SRR27257440,PRJNA732392,SAMN38842016,haib17CEM4890_HTVVJCCXY_SL367089,,metasub,,USA,North America,,,,,40.75494409 N 74.0007666 W,,6/24/16,built environment,subway,surface,,,
SRR27257383,PRJNA732392,SAMN38842265,haib17CEM4890_HTVVJCCXY_SL367090,,metasub,,USA,North America,,,,,40.75563247 N 73.98719338 W,,6/24/16,built environment,subway,surface,,,
SRR27257240,PRJNA732392,SAMN38841408,haib17CEM5080_H7VL7CCXY_SL267190,,metasub,,United Kingdom,Europe,,,,,50.066111 N 5.715089 W,,8/14/17,built environment,subway,surface,,,
SRR27257797,PRJNA732392,SAMN38842212,haib17CEM5080_H7VL7CCXY_SL267192,,metasub,,United Kingdom,Europe,,,,,52.475173 N 1.895698 W,,8/14/17,built environment,subway,surface,,,
SRR27257433,PRJNA732392,SAMN38842022,haib17CEM5080_H7VL7CCXY_SL267193,,metasub,,United Kingdom,Europe,,,,,52.478263 N 1.894614 W,,8/14/17,built environment,subway,surface,,,
SRR27257887,PRJNA732392,SAMN38841433,haib17CEM5080_H7VL7CCXY_SL267194,,metasub,,United Kingdom,Europe,,,,,52.475823 N 1.895886 W,,8/14/17,built environment,subway,surface,,,
SRR27257555,PRJNA732392,SAMN38842036,haib17CEM5080_H7VL7CCXY_SL267195,,metasub,,United Kingdom,Europe,,,,,52.440695 N 1.939762 W,,8/14/17,built environment,subway,surface,,,
SRR27257846,PRJNA732392,SAMN38841439,haib17CEM5080_H7VL7CCXY_SL267196,,metasub,,United Kingdom,Europe,,,,,52.440878 N 1.940148 W,,8/14/17,built environment,subway,surface,,,
SRR27257470,PRJNA732392,SAMN38841464,haib17CEM5080_H7VL7CCXY_SL267197,,metasub,,United Kingdom,Europe,,,,,52.440643 N 1.939934 W,,8/14/17,built environment,subway,surface,,,
SRR27257538,PRJNA732392,SAMN38842139,haib17CEM5080_H7VL7CCXY_SL267198,,metasub,,United Kingdom,Europe,,,,,54.972523 N 1.612387 W,,8/14/17,built environment,subway,surface,,,
SRR27257842,PRJNA732392,SAMN38842171,haib17CEM5080_H7VL7CCXY_SL267199,,metasub,,United Kingdom,Europe,,,,,54.969709 N 1.599132 W,,8/14/17,built environment,subway,surface,,,
SRR27257749,PRJNA732392,SAMN38841557,haib17CEM5080_H7VL7CCXY_SL267200,,metasub,,United Kingdom,Europe,,,,,54.963132 N 1.602349 W,,8/14/17,built environment,subway,surface,,,
SRR27257673,PRJNA732392,SAMN38841797,haib17CEM5080_H7VL7CCXY_SL267201,,metasub,,United Kingdom,Europe,,,,,54.963289 N 1.602147 W,,8/14/17,built environment,subway,surface,,,
SRR27257306,PRJNA732392,SAMN38841537,haib17CEM5080_H7VL7CCXY_SL267202,,metasub,,United Kingdom,Europe,,,,,54.963092 N 1.602276 W,,8/14/17,built environment,subway,surface,,,
SRR27258091,PRJNA732392,SAMN38841778,haib17CEM5080_H7VL7CCXY_SL267203,,metasub,,United Kingdom,Europe,,,,,53.597978 N 2.278577 W,,8/14/17,built environment,subway,surface,,,
SRR27258042,PRJNA732392,SAMN38841823,haib17CEM5080_H7VL7CCXY_SL267204,,metasub,,United Kingdom,Europe,,,,,53.597943 N 2.278793 W,,8/14/17,built environment,subway,surface,,,
SRR27257344,PRJNA732392,SAMN38841480,haib17CEM5080_H7VL7CCXY_SL267205,,metasub,,United Kingdom,Europe,,,,,53.597943 N 2.278321 W,,8/14/17,built environment,subway,surface,,,
SRR27257361,PRJNA732392,SAMN38842285,haib17CEM5080_H7VL7CCXY_SL267206,,metasub,,United Kingdom,Europe,,,,,53.593016 N 2.295953 W,,8/14/17,built environment,subway,surface,,,
SRR27257353,PRJNA732392,SAMN38842336,haib17CEM5080_H7VL7CCXY_SL267207,,metasub,,United Kingdom,Europe,,,,,53.594683 N 2.274459 W,,8/14/17,built environment,subway,surface,,,
SRR27258163,PRJNA732392,SAMN38841649,haib17CEM5080_H7VL7CCXY_SL267208,,metasub,,United Kingdom,Europe,,,,,53.600728 N 2.255209 W,,8/14/17,built environment,subway,surface,,,
SRR27257748,PRJNA732392,SAMN38841360,haib17CEM5080_H7VL7CCXY_SL267209,,metasub,,United Kingdom,Europe,,,,,54.696146 N 2.691124 W,,8/14/17,built environment,subway,surface,,,
SRR27257825,PRJNA732392,SAMN38842187,haib17CEM5080_H7VL7CCXY_SL267210,,metasub,,United Kingdom,Europe,,,,,54.66404 N 2.756656 W,,8/14/17,built environment,subway,surface,,,
SRR27257727,PRJNA732392,SAMN38841682,haib17CEM5080_H7VL7CCXY_SL267211,,metasub,,United Kingdom,Europe,,,,,54.663941 N 2.756699 W,,8/14/17,built environment,subway,surface,,,
SRR27258135,PRJNA732392,SAMN38841394,haib17CEM5080_H7VL7CCXY_SL267212,,metasub,,United Kingdom,Europe,,,,,54.663941 N 2.756441 W,,8/14/17,built environment,subway,surface,,,
SRR27258127,PRJNA732392,SAMN38841725,haib17CEM5080_H7VL7CCXY_SL267213,,metasub,,United Kingdom,Europe,,,,,54.664155 N 2.75116 W,,8/14/17,built environment,subway,surface,,,
SRR27257666,PRJNA732392,SAMN38841803,haib17CEM5080_H7VL7CCXY_SL267214,,metasub,,United Kingdom,Europe,,,,,55.939118 N 3.104399 W,,8/14/17,built environment,subway,surface,,,
SRR27258063,PRJNA732392,SAMN38841586,haib17CEM5080_H7VL7CCXY_SL267215,,metasub,,United Kingdom,Europe,,,,,55.939094 N 3.104528 W,,8/14/17,built environment,subway,surface,,,
SRR27257596,PRJNA732392,SAMN38841977,haib17CEM5080_H7VL7CCXY_SL267216,,metasub,,United Kingdom,Europe,,,,,55.939262 N 3.104184 W,,8/14/17,built environment,subway,surface,,,
SRR27258151,PRJNA732392,SAMN38841659,haib17CEM5080_H7VL7CCXY_SL267217,,metasub,,United Kingdom,Europe,,,,,55.942144 N 3.268623 W,,8/14/17,built environment,subway,surface,,,
SRR27257992,PRJNA732392,SAMN38842306,haib17CEM5080_H7VL7CCXY_SL267218,,metasub,,United Kingdom,Europe,,,,,55.95176 N 3.173685 W,,8/14/17,built environment,subway,surface,,,
SRR27258199,PRJNA732392,SAMN38841617,haib17CEM5080_H7VL7CCXY_SL267219,,metasub,,United Kingdom,Europe,,,,,55.951847 N 3.202304 W,,8/14/17,built environment,subway,surface,,,
SRR27258089,PRJNA732392,SAMN38841780,haib17CEM5080_H7VL7CCXY_SL267220,,metasub,,United Kingdom,Europe,,,,,51.775536 N 1.120365 E,,8/14/17,built environment,subway,surface,,,
SRR27257883,PRJNA732392,SAMN38842111,haib17CEM5080_H7VL7CCXY_SL267221,,metasub,,United Kingdom,Europe,,,,,51.775533 N 1.120387 E,,8/14/17,built environment,subway,surface,,,
SRR27257873,PRJNA732392,SAMN38842121,haib17CEM5080_H7VL7CCXY_SL267222,,metasub,,United Kingdom,Europe,,,,,51.775559 N 1.120441 E,,8/14/17,built environment,subway,surface,,,
SRR27257485,PRJNA732392,SAMN38841510,haib17CEM5080_H7VL7CCXY_SL267223,,metasub,,United Kingdom,Europe,,,,,51.775832 N 1.121304 E,,8/14/17,built environment,subway,surface,,,
SRR27258039,PRJNA732392,SAMN38841826,haib17CEM5080_H7VL7CCXY_SL267224,,metasub,,United Kingdom,Europe,,,,,51.775556 N 1.121342 E,,8/14/17,built environment,subway,surface,,,
SRR27257640,PRJNA732392,SAMN38841915,haib17CEM5080_H7VL7CCXY_SL267225,,metasub,,United Kingdom,Europe,,,,,51.775602 N 1.121438 E,,8/14/17,built environment,subway,surface,,,
SRR27258134,PRJNA732392,SAMN38841718,haib17CEM5080_H7VL7CCXY_SL267226,,metasub,,United Kingdom,Europe,,,,,50.792071 N 0.259394 E,,8/14/17,built environment,subway,surface,,,
SRR27257768,PRJNA732392,SAMN38842260,haib17CEM5080_H7VL7CCXY_SL267227,,metasub,,United Kingdom,Europe,,,,,50.772711 N 0.267773 E,,8/14/17,built environment,subway,surface,,,
SRR27257862,PRJNA732392,SAMN38842131,haib17CEM5080_H7VL7CCXY_SL267228,,metasub,,United Kingdom,Europe,,,,,50.772704 N 0.267977 E,,8/14/17,built environment,subway,surface,,,
SRR27258140,PRJNA732392,SAMN38841669,haib17CEM5080_H7VL7CCXY_SL267229,,metasub,,United Kingdom,Europe,,,,,50.772711 N 0.267902 E,,8/14/17,built environment,subway,surface,,,
SRR27257894,PRJNA732392,SAMN38842101,haib17CEM5080_H7VL7CCXY_SL267230,,metasub,,United Kingdom,Europe,,,,,50.785387 N 0.270292 E,,8/14/17,built environment,subway,surface,,,
SRR27257652,PRJNA732392,SAMN38841406,haib17CEM5080_H7VL7CCXY_SL267231,,metasub,,United Kingdom,Europe,,,,,50.767186 N 0.28968 E,,8/14/17,built environment,subway,surface,,,
SRR27257713,PRJNA732392,SAMN38841695,haib17CEM5080_H7VL7CCXY_SL267232,,metasub,,United Kingdom,Europe,,,,,53.797974 N 1.760449 W,,8/14/17,built environment,subway,surface,,,
SRR27257692,PRJNA732392,SAMN38841398,haib17CEM5080_H7VL7CCXY_SL267233,,metasub,,United Kingdom,Europe,,,,,53.79035 N 1.774182 W,,8/14/17,built environment,subway,surface,,,
SRR27257451,PRJNA732392,SAMN38842006,haib17CEM5080_H7VL7CCXY_SL267234,,metasub,,United Kingdom,Europe,,,,,53.790296 N 1.77398 W,,8/14/17,built environment,subway,surface,,,
SRR27257638,PRJNA732392,SAMN38841917,haib17CEM5080_H7VL7CCXY_SL267235,,metasub,,United Kingdom,Europe,,,,,53.790347 N 1.773937 W,,8/14/17,built environment,subway,surface,,,
SRR27257632,PRJNA732392,SAMN38841922,haib17CEM5080_H7VL7CCXY_SL267239,,metasub,,Ireland,Europe,,,,,54.597396 N 5.93054 W,,8/14/17,built environment,subway,surface,,,
SRR27258050,PRJNA732392,SAMN38841816,haib17CEM5080_H7VL7CCXY_SL267240,,metasub,,Ireland,Europe,,,,,54.614474 N 5.90167 W,,8/14/17,built environment,subway,surface,,,
SRR27257503,PRJNA732392,SAMN38842324,haib17CEM5080_H7VL7CCXY_SL267241,,metasub,,Ireland,Europe,,,,,54.59957 N 5.931209 W,,8/14/17,built environment,subway,surface,,,
SRR27257393,PRJNA732392,SAMN38842235,haib17CEM5080_H7VL7CCXY_SL267242,,metasub,,Ireland,Europe,,,,,54.599538 N 5.93122 W,,8/14/17,built environment,subway,surface,,,
SRR27258030,PRJNA732392,SAMN38841899,haib17CEM5080_H7VL7CCXY_SL267243,,metasub,,Ireland,Europe,,,,,54.599543 N 5.931259 W,,8/14/17,built environment,subway,surface,,,
SRR27257985,PRJNA732392,SAMN38841374,haib17CEM5080_H7VL7CCXY_SL267244,,metasub,,United Kingdom,Europe,,,,,50.065881 N 5.71298 W,,8/14/17,built environment,subway,surface,,,
SRR27257982,PRJNA732392,SAMN38841520,haib17CEM5080_H7VL7CCXY_SL267245,,metasub,,United Kingdom,Europe,,,,,50.128038 N 5.517988 W,,8/14/17,built environment,subway,surface,,,
SRR27257793,PRJNA732392,SAMN38842216,haib17CEM5080_H7VL7CCXY_SL267246,,metasub,,United Kingdom,Europe,,,,,50.128021 N 5.518516 W,,8/14/17,built environment,subway,surface,,,
SRR27257441,PRJNA732392,SAMN38842015,haib17CEM5080_H7VL7CCXY_SL267247,,metasub,,United Kingdom,Europe,,,,,50.128213 N 5.517529 W,,8/14/17,built environment,subway,surface,,,
SRR27258165,PRJNA732392,SAMN38841387,haib17CEM5080_H7VL7CCXY_SL267248,,metasub,,United Kingdom,Europe,,,,,51.609484 N 3.980483 W,,8/14/17,built environment,subway,surface,,,
SRR27257471,PRJNA732392,SAMN38841463,haib17CEM5080_H7VL7CCXY_SL267249,,metasub,,United Kingdom,Europe,,,,,51.607863 N 3.977457 W,,8/14/17,built environment,subway,surface,,,
SRR27257501,PRJNA732392,SAMN38842326,haib17CEM5080_H7VL7CCXY_SL267250,,metasub,,United Kingdom,Europe,,,,,51.607663 N 3.977984 W,,8/14/17,built environment,subway,surface,,,
SRR27257551,PRJNA732392,SAMN38842039,haib17CEM5080_H7VL7CCXY_SL267251,,metasub,,United Kingdom,Europe,,,,,51.616614 N 3.944175 W,,8/14/17,built environment,subway,surface,,,
SRR27257411,PRJNA732392,SAMN38842086,haib17CEM5080_H7VL7CCXY_SL267252,,metasub,,United Kingdom,Europe,,,,,51.616298 N 3.944982 W,,8/14/17,built environment,subway,surface,,,
SRR27257685,PRJNA732392,SAMN38841786,haib17CEM5080_H7VL7CCXY_SL267253,,metasub,,United Kingdom,Europe,,,,,51.616777 N 3.944424 W,,8/14/17,built environment,subway,surface,,,
SRR27257455,PRJNA732392,SAMN38842002,haib17CEM5080_H7VL7CCXY_SL267254,,metasub,,United Kingdom,Europe,,,,,51.557206 N 0.116587 W,,8/15/17,built environment,subway,surface,,,
SRR27257492,PRJNA732392,SAMN38841504,haib17CEM5080_H7VL7CCXY_SL267255,,metasub,,United Kingdom,Europe,,,,,51.557134 N 0.116626 W,,8/15/17,built environment,subway,surface,,,
SRR27257758,PRJNA732392,SAMN38841548,haib17CEM5080_H7VL7CCXY_SL267256,,metasub,,United Kingdom,Europe,,,,,51.557193 N 0.116609 W,,8/15/17,built environment,subway,surface,,,
SRR27257892,PRJNA732392,SAMN38842103,haib17CEM5080_H7VL7CCXY_SL267257,,metasub,,United Kingdom,Europe,,,,,51.541648 N 0.10249 W,,8/15/17,built environment,subway,surface,,,
SRR27257324,PRJNA732392,SAMN38841498,haib17CEM5080_H7VL7CCXY_SL267258,,metasub,,United Kingdom,Europe,,,,,51.547553 N 0.111448 W,,8/15/17,built environment,subway,surface,,,
SRR27257227,PRJNA732392,SAMN38841869,haib17CEM5080_H7VL7CCXY_SL267259,,metasub,,United Kingdom,Europe,,,,,51.500002 N 0.195392 W,,8/15/17,built environment,subway,surface,,,
SRR27258174,PRJNA732392,SAMN38841639,haib17CEM5080_H7VL7CCXY_SL267260,,metasub,,United Kingdom,Europe,,,,,51.500146 N 0.194743 W,,8/15/17,built environment,subway,surface,,,
SRR27258040,PRJNA732392,SAMN38841825,haib17CEM5080_H7VL7CCXY_SL267261,,metasub,,United Kingdom,Europe,,,,,51.498787 N 0.199217 W,,8/15/17,built environment,subway,surface,,,
SRR27257826,PRJNA732392,SAMN38842186,haib17CEM5080_H7VL7CCXY_SL267262,,metasub,,United Kingdom,Europe,,,,,51.501627 N 0.190734 W,,8/15/17,built environment,subway,surface,,,
SRR27257720,PRJNA732392,SAMN38841688,haib17CEM5080_H7VL7CCXY_SL267263,,metasub,,United Kingdom,Europe,,,,,51.501687 N 0.190509 W,,8/15/17,built environment,subway,surface,,,
SRR27257647,PRJNA732392,SAMN38841842,haib17CEM5080_H7VL7CCXY_SL267264,,metasub,,United Kingdom,Europe,,,,,51.501577 N 0.190624 W,,8/15/17,built environment,subway,surface,,,
SRR27258153,PRJNA732392,SAMN38841388,haib17CEM5080_H7VL7CCXY_SL267267,,metasub,,uncalculated,uncalculated,,,,,missing,,missing,built environment,subway,surface,,,
SRR27258147,PRJNA732392,SAMN38841663,haib17CEM5080_H7VL7CCXY_SL267268,,metasub,,uncalculated,uncalculated,,,,,missing,,missing,built environment,subway,surface,,,
SRR27257374,PRJNA732392,SAMN38842273,haib17CEM5080_H7VL7CCXY_SL267269,,metasub,,uncalculated,uncalculated,,,,,missing,,missing,built environment,subway,surface,,,
SRR27257821,PRJNA732392,SAMN38842190,haib17CEM5080_H7VL7CCXY_SL267270,,metasub,,uncalculated,uncalculated,,,,,missing,,missing,built environment,subway,surface,,,
SRR27257290,PRJNA732392,SAMN38841594,haib17CEM5080_H7VL7CCXY_SL267271,,metasub,,uncalculated,uncalculated,,,,,missing,,missing,built environment,subway,surface,,,
SRR27258024,PRJNA732392,SAMN38841905,haib17CEM5080_H7VL7CCXY_SL267272,,metasub,,uncalculated,uncalculated,,,,,missing,,missing,built environment,subway,surface,,,
SRR27257911,PRJNA732392,SAMN38842064,haib17CEM5106_HCCGHCCXY_SL270205,,metasub,,United Kingdom,Europe,,,,,51.50913507 N 0.19651787 W,,6/21/17,built environment,subway,surface,,,
SRR27257838,PRJNA732392,SAMN38842175,haib17CEM5106_HCCGHCCXY_SL270206,,metasub,,United Kingdom,Europe,,,,,51.51045317 N 0.18740253 W,,6/21/17,built environment,subway,surface,,,
SRR27258097,PRJNA732392,SAMN38841773,haib17CEM5106_HCCGHCCXY_SL270207,,metasub,,United Kingdom,Europe,,,,,51.51361041 N 0.15841503 W,,6/21/17,built environment,subway,surface,,,
SRR27257668,PRJNA732392,SAMN38841801,haib17CEM5106_HCCGHCCXY_SL270208,,metasub,,United Kingdom,Europe,,,,,51.51387906 N 0.14931570 W,,6/21/17,built environment,subway,surface,,,
SRR27257341,PRJNA732392,SAMN38841483,haib17CEM5106_HCCGHCCXY_SL270209,,metasub,,United Kingdom,Europe,,,,,51.51519833 N 0.14175309 W,,6/21/17,built environment,subway,surface,,,
SRR27257968,PRJNA732392,SAMN38841881,haib17CEM5106_HCCGHCCXY_SL270210,,metasub,,United Kingdom,Europe,,,,,51.51627608 N 0.13085605 W,,6/21/17,built environment,subway,surface,,,
SRR27257848,PRJNA732392,SAMN38842166,haib17CEM5106_HCCGHCCXY_SL270211,,metasub,,United Kingdom,Europe,,,,,51.5175063 N 0.11999544 W,,6/21/17,built environment,subway,surface,,,
SRR27257230,PRJNA732392,SAMN38841867,haib17CEM5106_HCCGHCCXY_SL270212,,metasub,,United Kingdom,Europe,,,,,51.51819437 N 0.11166040 W,,6/21/17,built environment,subway,surface,,,
SRR27257478,PRJNA732392,SAMN38841359,haib17CEM5106_HCCGHCCXY_SL270213,,metasub,,United Kingdom,Europe,,,,,51.51487573 N 0.09755930 W,,6/21/17,built environment,subway,surface,,,
SRR27258037,PRJNA732392,SAMN38841893,haib17CEM5106_HCCGHCCXY_SL270214,,metasub,,United Kingdom,Europe,,,,,51.5133735 N 0.08890672 W,,6/21/17,built environment,subway,surface,,,
SRR27258028,PRJNA732392,SAMN38841901,haib17CEM5106_HCCGHCCXY_SL270215,,metasub,,United Kingdom,Europe,,,,,51.51742113 N 0.08295875 W,,6/21/17,built environment,subway,surface,,,
SRR27257368,PRJNA732392,SAMN38842278,haib17CEM5106_HCCGHCCXY_SL270216,,metasub,,United Kingdom,Europe,,,,,51.52726755 N 0.05542384 W,,6/21/17,built environment,subway,surface,,,
SRR27257693,PRJNA732392,SAMN38841362,haib17CEM5106_HCCGHCCXY_SL270217,,metasub,,United Kingdom,Europe,,,,,51.52516227 N 0.03340053 W,,6/21/17,built environment,subway,surface,,,
SRR27257404,PRJNA732392,SAMN38842225,haib17CEM5106_HCCGHCCXY_SL270218,,metasub,,United Kingdom,Europe,,,,,51.54137766 N 0.00318538 W,,6/21/17,built environment,subway,surface,,,
SRR27257343,PRJNA732392,SAMN38841481,haib17CEM5106_HCCGHCCXY_SL270219,,metasub,,United Kingdom,Europe,,,,,51.5565034 N 0.00561874 W,,6/21/17,built environment,subway,surface,,,
SRR27257861,PRJNA732392,SAMN38842132,haib17CEM5106_HCCGHCCXY_SL270220,,metasub,,United Kingdom,Europe,,,,,51.56825428 N 0.00822390 E,,6/21/17,built environment,subway,surface,,,
SRR27258048,PRJNA732392,SAMN38841404,haib17CEM5106_HCCGHCCXY_SL270221,,metasub,,United Kingdom,Europe,,,,,51.58089355 N 0.02149217 E,,6/21/17,built environment,subway,surface,,,
SRR27257322,PRJNA732392,SAMN38841499,haib17CEM5106_HCCGHCCXY_SL270222,,metasub,,United Kingdom,Europe,,,,,51.59179344 N 0.02732177 E,,6/21/17,built environment,subway,surface,,,
SRR27258045,PRJNA732392,SAMN38841820,haib17CEM5106_HCCGHCCXY_SL270223,,metasub,,United Kingdom,Europe,,,,,51.60709356 N 0.03402718 E,,6/21/17,built environment,subway,surface,,,
SRR27257283,PRJNA732392,SAMN38841600,haib17CEM5106_HCCGHCCXY_SL270224,,metasub,,United Kingdom,Europe,,,,,51.5149791 N 0.30147177 W,,6/21/17,built environment,subway,surface,,,
SRR27257384,PRJNA732392,SAMN38842243,haib17CEM5106_HCCGHCCXY_SL270225,,metasub,,United Kingdom,Europe,,,,,51.51792853 N 0.28095981 W,,6/21/17,built environment,subway,surface,,,
SRR27257426,PRJNA732392,SAMN38842072,haib17CEM5106_HCCGHCCXY_SL270226,,metasub,,United Kingdom,Europe,,,,,51.57558605 N 0.02873976 E,,6/21/17,built environment,subway,surface,,,
SRR27257789,PRJNA732392,SAMN38842219,haib17CEM5106_HCCGHCCXY_SL270227,,metasub,,United Kingdom,Europe,,,,,51.57636834 N 0.04541342 E,,6/21/17,built environment,subway,surface,,,
SRR27257298,PRJNA732392,SAMN38841587,haib17CEM5106_HCCGHCCXY_SL270228,,metasub,,United Kingdom,Europe,,,,,51.5765571 N 0.06610364 E,,6/21/17,built environment,subway,surface,,,
SRR27257246,PRJNA732392,SAMN38841852,haib17CEM5106_HCCGHCCXY_SL270229,,metasub,,United Kingdom,Europe,,,,,51.57563951 N 0.09032965 E,,6/21/17,built environment,subway,surface,,,
SRR27258049,PRJNA732392,SAMN38841817,haib17CEM5106_HCCGHCCXY_SL270230,,metasub,,United Kingdom,Europe,,,,,51.58585544 N 0.08850918 E,,6/21/17,built environment,subway,surface,,,
SRR27257717,PRJNA732392,SAMN38841691,haib17CEM5106_HCCGHCCXY_SL270231,,metasub,,United Kingdom,Europe,,,,,51.59574781 N 0.09092102 E,,6/21/17,built environment,subway,surface,,,
SRR27257307,PRJNA732392,SAMN38841536,haib17CEM5106_HCCGHCCXY_SL270232,,metasub,,United Kingdom,Europe,,,,,51.60379254 N 0.09310599 E,,6/21/17,built environment,subway,surface,,,
SRR27257236,PRJNA732392,SAMN38841861,haib17CEM5106_HCCGHCCXY_SL270233,,metasub,,United Kingdom,Europe,,,,,51.61340971 N 0.09213291 E,,6/21/17,built environment,subway,surface,,,
SRR27258169,PRJNA732392,SAMN38841644,haib17CEM5106_HCCGHCCXY_SL270234,,metasub,,United Kingdom,Europe,,,,,51.61793168 N 0.07452346 E,,6/21/17,built environment,subway,surface,,,
SRR27257674,PRJNA732392,SAMN38841796,haib17CEM5106_HCCGHCCXY_SL270235,,metasub,,United Kingdom,Europe,,,,,51.61717995 N 0.04385609 E,,6/21/17,built environment,subway,surface,,,
SRR27258004,PRJNA732392,SAMN38842295,haib17CEM5106_HCCGHCCXY_SL270237,,metasub,,United Kingdom,Europe,,,,,51.53665913 N 0.32381728 W,,6/21/17,built environment,subway,surface,,,
SRR27257476,PRJNA732392,SAMN38841458,haib17CEM5106_HCCGHCCXY_SL270238,,metasub,,United Kingdom,Europe,,,,,51.53007288 N 0.29297310 W,,6/21/17,built environment,subway,surface,,,
SRR27257526,PRJNA732392,SAMN38842150,haib17CEM5106_HCCGHCCXY_SL270239,,metasub,,United Kingdom,Europe,,,,,51.52343605 N 0.25970031 W,,6/21/17,built environment,subway,surface,,,
SRR27258114,PRJNA732392,SAMN38841737,haib17CEM5106_HCCGHCCXY_SL270240,,metasub,,United Kingdom,Europe,,,,,51.51664829 N 0.24748163 W,,6/21/17,built environment,subway,surface,,,
SRR27257759,PRJNA732392,SAMN38841377,haib17CEM5106_HCCGHCCXY_SL270241,,metasub,,United Kingdom,Europe,,,,,51.51204421 N 0.22422191 W,,6/21/17,built environment,subway,surface,,,
SRR27258071,PRJNA732392,SAMN38841578,haib17CEM5106_HCCGHCCXY_SL270242,,metasub,,United Kingdom,Europe,,,,,51.50452058 N 0.21873932 W,,6/21/17,built environment,subway,surface,,,
SRR27258180,PRJNA732392,SAMN38841634,haib17CEM5106_HCCGHCCXY_SL270243,,metasub,,United Kingdom,Europe,,,,,51.50740459 N 0.20570508 W,,6/21/17,built environment,subway,surface,,,
SRR27257388,PRJNA732392,SAMN38842239,haib17CEM5106_HCCGHCCXY_SL270244,,metasub,,United Kingdom,Europe,,,,,51.50913507 N 0.19651787 W,,6/21/17,built environment,subway,surface,,,
SRR27257431,PRJNA732392,SAMN38841429,haib17CEM5106_HCCGHCCXY_SL270245,,metasub,,United Kingdom,Europe,,,,,51.51045317 N 0.18740253 W,,6/21/17,built environment,subway,surface,,,
SRR27257312,PRJNA732392,SAMN38841531,haib17CEM5106_HCCGHCCXY_SL270246,,metasub,,United Kingdom,Europe,,,,,51.51361041 N 0.15841503 W,,6/21/17,built environment,subway,surface,,,
SRR27257822,PRJNA732392,SAMN38842189,haib17CEM5106_HCCGHCCXY_SL270247,,metasub,,United Kingdom,Europe,,,,,51.51387906 N 0.14931570 W,,6/21/17,built environment,subway,surface,,,
SRR27257914,PRJNA732392,SAMN38842061,haib17CEM5106_HCCGHCCXY_SL270248,,metasub,,United Kingdom,Europe,,,,,51.51519833 N 0.14175309 W,,6/21/17,built environment,subway,surface,,,
SRR27258006,PRJNA732392,SAMN38842293,haib17CEM5106_HCCGHCCXY_SL270249,,metasub,,United Kingdom,Europe,,,,,51.51627608 N 0.13085605 W,,6/21/17,built environment,subway,surface,,,
SRR27257790,PRJNA732392,SAMN38842218,haib17CEM5106_HCCGHCCXY_SL270250,,metasub,,United Kingdom,Europe,,,,,51.5175063 N 0.11999544 W,,6/21/17,built environment,subway,surface,,,
SRR27257901,PRJNA732392,SAMN38842095,haib17CEM5106_HCCGHCCXY_SL270251,,metasub,,United Kingdom,Europe,,,,,51.51819437 N 0.11166040 W,,6/21/17,built environment,subway,surface,,,
SRR27257295,PRJNA732392,SAMN38841589,haib17CEM5106_HCCGHCCXY_SL270252,,metasub,,United Kingdom,Europe,,,,,51.51487573 N 0.09755930 W,,6/21/17,built environment,subway,surface,,,
SRR27257474,PRJNA732392,SAMN38841460,haib17CEM5106_HCCGHCCXY_SL270253,,metasub,,United Kingdom,Europe,,,,,51.5133735 N 0.08890672 W,,6/21/17,built environment,subway,surface,,,
SRR27257254,PRJNA732392,SAMN38841714,haib17CEM5106_HCCGHCCXY_SL270254,,metasub,,United Kingdom,Europe,,,,,51.51742113 N 0.08295875 W,,6/21/17,built environment,subway,surface,,,
SRR27257796,PRJNA732392,SAMN38842213,haib17CEM5106_HCCGHCCXY_SL270255,,metasub,,United Kingdom,Europe,,,,,51.52726755 N 0.05542384 W,,6/21/17,built environment,subway,surface,,,
SRR27258059,PRJNA732392,SAMN38841403,haib17CEM5106_HCCGHCCXY_SL270256,,metasub,,United Kingdom,Europe,,,,,51.52516227 N 0.03340053 W,,6/21/17,built environment,subway,surface,,,
SRR27257494,PRJNA732392,SAMN38841502,haib17CEM5106_HCCGHCCXY_SL270257,,metasub,,United Kingdom,Europe,,,,,51.54137766 N 0.00318538 W,,6/21/17,built environment,subway,surface,,,
SRR27257954,PRJNA732392,SAMN38841938,haib17CEM5106_HCCGHCCXY_SL270258,,metasub,,United Kingdom,Europe,,,,,51.5565034 N 0.00561874 W,,6/21/17,built environment,subway,surface,,,
SRR27257909,PRJNA732392,SAMN38842066,haib17CEM5106_HCCGHCCXY_SL270259,,metasub,,United Kingdom,Europe,,,,,missing,,missing,built environment,subway,surface,,,
SRR27257659,PRJNA732392,SAMN38841831,haib17CEM5106_HCCGHCCXY_SL270260,,metasub,,United Kingdom,Europe,,,,,missing,,missing,built environment,subway,surface,,,
SRR27257738,PRJNA732392,SAMN38841609,haib17CEM5106_HCCGHCCXY_SL270262,,metasub,,United Kingdom,Europe,,,,,missing,,missing,built environment,subway,surface,,,
SRR27257515,PRJNA732392,SAMN38842313,haib17CEM5106_HCCGHCCXY_SL270263,,metasub,,United Kingdom,Europe,,,,,51.56825428 N 0.00822390 E,,6/21/17,built environment,subway,surface,,,
SRR27257454,PRJNA732392,SAMN38842003,haib17CEM5106_HCCGHCCXY_SL270264,,metasub,,United Kingdom,Europe,,,,,51.58089355 N 0.02149217 E,,6/21/17,built environment,subway,surface,,,
SRR27257587,PRJNA732392,SAMN38841985,haib17CEM5106_HCCGHCCXY_SL270265,,metasub,,United Kingdom,Europe,,,,,51.59179344 N 0.02732177 E,,6/21/17,built environment,subway,surface,,,
SRR27257981,PRJNA732392,SAMN38841521,haib17CEM5106_HCCGHCCXY_SL270266,,metasub,,United Kingdom,Europe,,,,,51.60709356 N 0.03402718 E,,6/21/17,built environment,subway,surface,,,
SRR27257267,PRJNA732392,SAMN38841702,haib17CEM5106_HCCGHCCXY_SL270267,,metasub,,United Kingdom,Europe,,,,,51.5149791 N 0.30147177 W,,6/21/17,built environment,subway,surface,,,
SRR27257778,PRJNA732392,SAMN38842252,haib17CEM5106_HCCGHCCXY_SL270268,,metasub,,United Kingdom,Europe,,,,,51.51792853 N 0.28095981 W,,6/21/17,built environment,subway,surface,,,
SRR27257574,PRJNA732392,SAMN38841997,haib17CEM5106_HCCGHCCXY_SL270269,,metasub,,United Kingdom,Europe,,,,,51.57558605 N 0.02873976 E,,6/21/17,built environment,subway,surface,,,
SRR27258103,PRJNA732392,SAMN38841399,haib17CEM5106_HCCGHCCXY_SL270270,,metasub,,United Kingdom,Europe,,,,,51.57636834 N 0.04541342 E,,6/21/17,built environment,subway,surface,,,
SRR27257656,PRJNA732392,SAMN38841834,haib17CEM5106_HCCGHCCXY_SL270271,,metasub,,United Kingdom,Europe,,,,,51.5765571 N 0.06610364 E,,6/21/17,built environment,subway,surface,,,
SRR27257642,PRJNA732392,SAMN38841847,haib17CEM5106_HCCGHCCXY_SL270272,,metasub,,United Kingdom,Europe,,,,,51.57563951 N 0.09032965 E,,6/21/17,built environment,subway,surface,,,
SRR27257392,PRJNA732392,SAMN38842236,haib17CEM5106_HCCGHCCXY_SL270273,,metasub,,United Kingdom,Europe,,,,,51.58585544 N 0.08850918 E,,6/21/17,built environment,subway,surface,,,
SRR27257521,PRJNA732392,SAMN38842156,haib17CEM5106_HCCGHCCXY_SL270274,,metasub,,United Kingdom,Europe,,,,,51.59574781 N 0.09092102 E,,6/21/17,built environment,subway,surface,,,
SRR27257752,PRJNA732392,SAMN38841554,haib17CEM5106_HCCGHCCXY_SL270275,,metasub,,United Kingdom,Europe,,,,,51.60379254 N 0.09310599 E,,6/21/17,built environment,subway,surface,,,
SRR27257281,PRJNA732392,SAMN38841602,haib17CEM5106_HCCGHCCXY_SL270276,,metasub,,United Kingdom,Europe,,,,,51.61340971 N 0.09213291 E,,6/21/17,built environment,subway,surface,,,
SRR27258017,PRJNA732392,SAMN38841911,haib17CEM5106_HCCGHCCXY_SL270277,,metasub,,United Kingdom,Europe,,,,,51.61793168 N 0.07452346 E,,6/21/17,built environment,subway,surface,,,
SRR27257234,PRJNA732392,SAMN38841863,haib17CEM5106_HCCGHCCXY_SL270278,,metasub,,United Kingdom,Europe,,,,,51.61717995 N 0.04385609 E,,6/21/17,built environment,subway,surface,,,
SRR27257423,PRJNA732392,SAMN38842075,haib17CEM5106_HCCGHCCXY_SL270279,,metasub,,United Kingdom,Europe,,,,,51.65065795 N 0.19473747 W,,6/21/17,built environment,subway,surface,,,
SRR27257998,PRJNA732392,SAMN38842300,haib17CEM5106_HCCGHCCXY_SL270280,,metasub,,United Kingdom,Europe,,,,,51.63026513 N 0.17924717 W,,6/21/17,built environment,subway,surface,,,
SRR27257559,PRJNA732392,SAMN38842032,haib17CEM5106_HCCGHCCXY_SL270281,,metasub,,United Kingdom,Europe,,,,,51.61787278 N 0.18539427 W,,6/21/17,built environment,subway,surface,,,
SRR27257581,PRJNA732392,SAMN38841990,haib17CEM5106_HCCGHCCXY_SL270282,,metasub,,United Kingdom,Europe,,,,,51.60954907 N 0.18844559 W,,6/21/17,built environment,subway,surface,,,
SRR27258046,PRJNA732392,SAMN38841819,haib17CEM5106_HCCGHCCXY_SL270283,,metasub,,United Kingdom,Europe,,,,,51.601 N 0.1924 W,,6/21/17,built environment,subway,surface,,,
SRR27257289,PRJNA732392,SAMN38841595,haib17CEM5106_HCCGHCCXY_SL270284,,metasub,,United Kingdom,Europe,,,,,51.58733501 N 0.16472564 W,,6/21/17,built environment,subway,surface,,,
SRR27257373,PRJNA732392,SAMN38842274,haib17CEM5106_HCCGHCCXY_SL270285,,metasub,,United Kingdom,Europe,,,,,51.57765885 N 0.14661854 W,,6/21/17,built environment,subway,surface,,,
SRR27258080,PRJNA732392,SAMN38841570,haib17CEM5106_HCCGHCCXY_SL270286,,metasub,,United Kingdom,Europe,,,,,51.56549578 N 0.13509970 W,,6/21/17,built environment,subway,surface,,,
SRR27257258,PRJNA732392,SAMN38841710,haib17CEM5106_HCCGHCCXY_SL270287,,metasub,,United Kingdom,Europe,,,,,51.55673669 N 0.13790751 W,,6/21/17,built environment,subway,surface,,,
SRR27257302,PRJNA732392,SAMN38841540,haib17CEM5106_HCCGHCCXY_SL270288,,metasub,,United Kingdom,Europe,,,,,51.55036797 N 0.14045241 W,,6/21/17,built environment,subway,surface,,,
SRR27258123,PRJNA732392,SAMN38841728,haib17CEM5106_HCCGHCCXY_SL270289,,metasub,,United Kingdom,Europe,,,,,51.5394686 N 0.14270954 W,,6/21/17,built environment,subway,surface,,,
SRR27257532,PRJNA732392,SAMN38842145,haib17CEM5106_HCCGHCCXY_SL270290,,metasub,,United Kingdom,Europe,,,,,51.53427845 N 0.13882161 W,,6/21/17,built environment,subway,surface,,,
SRR27257726,PRJNA732392,SAMN38841683,haib17CEM5106_HCCGHCCXY_SL270291,,metasub,,United Kingdom,Europe,,,,,51.53257057 N 0.10577229 W,,6/21/17,built environment,subway,surface,,,
SRR27257225,PRJNA732392,SAMN38841675,haib17CEM5106_HCCGHCCXY_SL270292,,metasub,,United Kingdom,Europe,,,,,51.52567304 N 0.08754095 W,,6/21/17,built environment,subway,surface,,,
SRR27257497,PRJNA732392,SAMN38842329,haib17CEM5106_HCCGHCCXY_SL270293,,metasub,,United Kingdom,Europe,,,,,51.5012707 N 0.09369265 W,,6/21/17,built environment,subway,surface,,,
SRR27257725,PRJNA732392,SAMN38841684,haib17CEM5106_HCCGHCCXY_SL270294,,metasub,,United Kingdom,Europe,,,,,51.48819371 N 0.10547519 W,,6/21/17,built environment,subway,surface,,,
SRR27257265,PRJNA732392,SAMN38841704,haib17CEM5106_HCCGHCCXY_SL270295,,metasub,,United Kingdom,Europe,,,,,51.482032 N 0.112797 W,,6/21/17,built environment,subway,surface,,,
SRR27258077,PRJNA732392,SAMN38841573,haib17CEM5106_HCCGHCCXY_SL270296,,metasub,,United Kingdom,Europe,,,,,51.46492348 N 0.12951561 W,,6/21/17,built environment,subway,surface,,,
SRR27257505,PRJNA732392,SAMN38842322,haib17CEM5106_HCCGHCCXY_SL270297,,metasub,,United Kingdom,Europe,,,,,51.46180336 N 0.13829512 W,,6/21/17,built environment,subway,surface,,,
SRR27257495,PRJNA732392,SAMN38841501,haib17CEM5106_HCCGHCCXY_SL270298,,metasub,,United Kingdom,Europe,,,,,51.45267416 N 0.14795997 W,,6/21/17,built environment,subway,surface,,,
SRR27258131,PRJNA732392,SAMN38841721,haib17CEM5106_HCCGHCCXY_SL270299,,metasub,,United Kingdom,Europe,,,,,51.44340406 N 0.15318299 W,,6/21/17,built environment,subway,surface,,,
SRR27257296,PRJNA732392,SAMN38841588,haib17CEM5106_HCCGHCCXY_SL270300,,metasub,,United Kingdom,Europe,,,,,51.43583612 N 0.15967789 W,,6/21/17,built environment,subway,surface,,,
SRR27257493,PRJNA732392,SAMN38841503,haib17CEM5106_HCCGHCCXY_SL270301,,metasub,,United Kingdom,Europe,,,,,51.42751601 N 0.16795432 W,,6/21/17,built environment,subway,surface,,,
SRR27257484,PRJNA732392,SAMN38841676,haib17CEM5106_HCCGHCCXY_SL270302,,metasub,,United Kingdom,Europe,,,,,51.41814951 N 0.17767880 W,,6/21/17,built environment,subway,surface,,,
SRR27257744,PRJNA732392,SAMN38841560,haib17CEM5106_HCCGHCCXY_SL270303,,metasub,,United Kingdom,Europe,,,,,51.415307 N 0.191915 W,,6/21/17,built environment,subway,surface,,,
SRR27257714,PRJNA732392,SAMN38841694,haib17CEM5106_HCCGHCCXY_SL270304,,metasub,,United Kingdom,Europe,,,,,51.40241312 N 0.19476786 W,,6/21/17,built environment,subway,surface,,,
SRR27257669,PRJNA732392,SAMN38841800,haib17CEM5106_HCCGHCCXY_SL270305,,metasub,,United Kingdom,Europe,,,,,51.61368485 N 0.27494670 W,,6/21/17,built environment,subway,surface,,,
SRR27257810,PRJNA732392,SAMN38842200,haib17CEM5106_HCCGHCCXY_SL270306,,metasub,,United Kingdom,Europe,,,,,51.60273831 N 0.26417082 W,,6/21/17,built environment,subway,surface,,,
SRR27257466,PRJNA732392,SAMN38841369,haib17CEM5106_HCCGHCCXY_SL270307,,metasub,,United Kingdom,Europe,,,,,51.59535142 N 0.25010897 W,,6/21/17,built environment,subway,surface,,,
SRR27257304,PRJNA732392,SAMN38841538,haib17CEM5106_HCCGHCCXY_SL270308,,metasub,,United Kingdom,Europe,,,,,51.58335804 N 0.22646584 W,,6/21/17,built environment,subway,surface,,,
SRR27257670,PRJNA732392,SAMN38841799,haib17CEM5106_HCCGHCCXY_SL270309,,metasub,,United Kingdom,Europe,,,,,51.57686088 N 0.21342892 W,,6/21/17,built environment,subway,surface,,,
SRR27257594,PRJNA732392,SAMN38841978,haib17CEM5106_HCCGHCCXY_SL270310,,metasub,,United Kingdom,Europe,,,,,51.57228586 N 0.19396566 W,,6/21/17,built environment,subway,surface,,,
SRR27257881,PRJNA732392,SAMN38842113,haib17CEM5106_HCCGHCCXY_SL270311,,metasub,,United Kingdom,Europe,,,,,51.55675484 N 0.17820292 W,,6/21/17,built environment,subway,surface,,,
SRR27257530,PRJNA732392,SAMN38842147,haib17CEM5106_HCCGHCCXY_SL270312,,metasub,,United Kingdom,Europe,,,,,51.55049384 N 0.16421223 W,,6/21/17,built environment,subway,surface,,,
SRR27257331,PRJNA732392,SAMN38841492,haib17CEM5106_HCCGHCCXY_SL270313,,metasub,,United Kingdom,Europe,,,,,51.5441519 N 0.15370157 W,,6/21/17,built environment,subway,surface,,,
SRR27257390,PRJNA732392,SAMN38841446,haib17CEM5106_HCCGHCCXY_SL270314,,metasub,,United Kingdom,Europe,,,,,51.52049909 N 0.13464274 W,,6/21/17,built environment,subway,surface,,,
SRR27257625,PRJNA732392,SAMN38841928,haib17CEM5106_HCCGHCCXY_SL270315,,metasub,,United Kingdom,Europe,,,,,missing,,missing,built environment,subway,surface,,,
SRR27257990,PRJNA732392,SAMN38841453,haib17CEM5106_HCCGHCCXY_SL270319,,metasub,,United Kingdom,Europe,,,,,51.51129079 N 0.12822255 W,,6/21/17,built environment,subway,surface,,,
SRR27257761,PRJNA732392,SAMN38841546,haib17CEM5106_HCCGHCCXY_SL270320,,metasub,,United Kingdom,Europe,,,,,51.65065795 N 0.19473747 W,,6/21/17,built environment,subway,surface,,,
SRR27257263,PRJNA732392,SAMN38841706,haib17CEM5106_HCCGHCCXY_SL270321,,metasub,,United Kingdom,Europe,,,,,51.63026513 N 0.17924717 W,,6/21/17,built environment,subway,surface,,,
SRR27257534,PRJNA732392,SAMN38842143,haib17CEM5106_HCCGHCCXY_SL270322,,metasub,,United Kingdom,Europe,,,,,51.61787278 N 0.18539427 W,,6/21/17,built environment,subway,surface,,,
SRR27257702,PRJNA732392,SAMN38841749,haib17CEM5106_HCCGHCCXY_SL270323,,metasub,,United Kingdom,Europe,,,,,51.60954907 N 0.18844559 W,,6/21/17,built environment,subway,surface,,,
SRR27257563,PRJNA732392,SAMN38842028,haib17CEM5106_HCCGHCCXY_SL270324,,metasub,,United Kingdom,Europe,,,,,51.601 N 0.1924 W,,6/21/17,built environment,subway,surface,,,
SRR27257919,PRJNA732392,SAMN38841365,haib17CEM5106_HCCGHCCXY_SL270325,,metasub,,United Kingdom,Europe,,,,,51.58733501 N 0.16472564 W,,6/21/17,built environment,subway,surface,,,
SRR27258168,PRJNA732392,SAMN38841645,haib17CEM5106_HCCGHCCXY_SL270326,,metasub,,United Kingdom,Europe,,,,,51.57765885 N 0.14661854 W,,6/21/17,built environment,subway,surface,,,
SRR27257899,PRJNA732392,SAMN38842097,haib17CEM5106_HCCGHCCXY_SL270327,,metasub,,United Kingdom,Europe,,,,,51.56549578 N 0.13509970 W,,6/21/17,built environment,subway,surface,,,
SRR27257527,PRJNA732392,SAMN38842149,haib17CEM5106_HCCGHCCXY_SL270328,,metasub,,United Kingdom,Europe,,,,,51.55673669 N 0.13790751 W,,6/21/17,built environment,subway,surface,,,
SRR27257608,PRJNA732392,SAMN38841966,haib17CEM5106_HCCGHCCXY_SL270329,,metasub,,United Kingdom,Europe,,,,,51.55036797 N 0.14045241 W,,6/21/17,built environment,subway,surface,,,
SRR27257942,PRJNA732392,SAMN38841949,haib17CEM5106_HCCGHCCXY_SL270330,,metasub,,United Kingdom,Europe,,,,,51.5394686 N 0.14270954 W,,6/21/17,built environment,subway,surface,,,
SRR27257812,PRJNA732392,SAMN38842198,haib17CEM5106_HCCGHCCXY_SL270331,,metasub,,United Kingdom,Europe,,,,,51.53427845 N 0.13882161 W,,6/21/17,built environment,subway,surface,,,
SRR27257598,PRJNA732392,SAMN38841975,haib17CEM5106_HCCGHCCXY_SL270332,,metasub,,United Kingdom,Europe,,,,,51.52866595 N 0.13326501 W,,6/21/17,built environment,subway,surface,,,
SRR27258181,PRJNA732392,SAMN38841633,haib17CEM5106_HCCGHCCXY_SL270333,,metasub,,United Kingdom,Europe,,,,,51.53046702 N 0.12383855 W,,6/21/17,built environment,subway,surface,,,
SRR27257872,PRJNA732392,SAMN38842122,haib17CEM5106_HCCGHCCXY_SL270334,,metasub,,United Kingdom,Europe,,,,,51.53257057 N 0.10577229 W,,6/21/17,built environment,subway,surface,,,
SRR27257897,PRJNA732392,SAMN38842098,haib17CEM5106_HCCGHCCXY_SL270335,,metasub,,United Kingdom,Europe,,,,,51.52567304 N 0.08754095 W,,6/21/17,built environment,subway,surface,,,
SRR27258145,PRJNA732392,SAMN38841665,haib17CEM5106_HCCGHCCXY_SL270336,,metasub,,United Kingdom,Europe,,,,,51.51843415 N 0.08898884 W,,6/21/17,built environment,subway,surface,,,
SRR27257525,PRJNA732392,SAMN38842151,haib17CEM5106_HCCGHCCXY_SL270337,,metasub,,United Kingdom,Europe,,,,,51.5133735 N 0.08890672 W,,6/21/17,built environment,subway,surface,,,
SRR27257524,PRJNA732392,SAMN38842153,haib17CEM5106_HCCGHCCXY_SL270338,,metasub,,United Kingdom,Europe,,,,,51.50557208 N 0.08690755 W,,6/21/17,built environment,subway,surface,,,
SRR27257339,PRJNA732392,SAMN38841485,haib17CEM5106_HCCGHCCXY_SL270339,,metasub,,United Kingdom,Europe,,,,,51.5012707 N 0.09369265 W,,6/21/17,built environment,subway,surface,,,
SRR27257804,PRJNA732392,SAMN38842206,haib17CEM5106_HCCGHCCXY_SL270340,,metasub,,United Kingdom,Europe,,,,,51.49584772 N 0.10071185 W,,6/21/17,built environment,subway,surface,,,
SRR27258031,PRJNA732392,SAMN38841898,haib17CEM5106_HCCGHCCXY_SL270341,,metasub,,United Kingdom,Europe,,,,,51.48819371 N 0.10547519 W,,6/21/17,built environment,subway,surface,,,
SRR27257644,PRJNA732392,SAMN38841845,haib17CEM5106_HCCGHCCXY_SL270342,,metasub,,United Kingdom,Europe,,,,,51.482032 N 0.112797 W,,6/21/17,built environment,subway,surface,,,
SRR27257387,PRJNA732392,SAMN38842240,haib17CEM5106_HCCGHCCXY_SL270343,,metasub,,United Kingdom,Europe,,,,,51.47224114 N 0.12289521 W,,6/21/17,built environment,subway,surface,,,
SRR27257607,PRJNA732392,SAMN38841967,haib17CEM5106_HCCGHCCXY_SL270344,,metasub,,United Kingdom,Europe,,,,,51.46492348 N 0.12951561 W,,6/21/17,built environment,subway,surface,,,
SRR27257737,PRJNA732392,SAMN38841610,haib17CEM5106_HCCGHCCXY_SL270345,,metasub,,United Kingdom,Europe,,,,,51.46180336 N 0.13829512 W,,6/21/17,built environment,subway,surface,,,
SRR27257288,PRJNA732392,SAMN38841596,haib17CEM5106_HCCGHCCXY_SL270346,,metasub,,United Kingdom,Europe,,,,,51.45267416 N 0.14795997 W,,6/21/17,built environment,subway,surface,,,
SRR27257641,PRJNA732392,SAMN38841407,haib17CEM5106_HCCGHCCXY_SL270347,,metasub,,United Kingdom,Europe,,,,,51.44340406 N 0.15318299 W,,6/21/17,built environment,subway,surface,,,
SRR27258162,PRJNA732392,SAMN38841650,haib17CEM5106_HCCGHCCXY_SL270348,,metasub,,United Kingdom,Europe,,,,,51.43583612 N 0.15967789 W,,6/21/17,built environment,subway,surface,,,
SRR27257278,PRJNA732392,SAMN38841605,haib17CEM5106_HCCGHCCXY_SL270349,,metasub,,United Kingdom,Europe,,,,,51.42751601 N 0.16795432 W,,6/21/17,built environment,subway,surface,,,
SRR27257623,PRJNA732392,SAMN38841930,haib17CEM5106_HCCGHCCXY_SL270350,,metasub,,United Kingdom,Europe,,,,,51.41814951 N 0.17767880 W,,6/21/17,built environment,subway,surface,,,
SRR27257615,PRJNA732392,SAMN38841959,haib17CEM5106_HCCGHCCXY_SL270351,,metasub,,United Kingdom,Europe,,,,,51.415307 N 0.191915 W,,6/21/17,built environment,subway,surface,,,
SRR27257619,PRJNA732392,SAMN38841934,haib17CEM5106_HCCGHCCXY_SL270352,,metasub,,United Kingdom,Europe,,,,,51.40241312 N 0.19476786 W,,6/21/17,built environment,subway,surface,,,
SRR27257449,PRJNA732392,SAMN38841423,haib17CEM5106_HCCGHCCXY_SL270353,,metasub,,United Kingdom,Europe,,,,,51.61368485 N 0.27494670 W,,6/21/17,built environment,subway,surface,,,
SRR27257578,PRJNA732392,SAMN38841993,haib17CEM5106_HCCGHCCXY_SL270354,,metasub,,United Kingdom,Europe,,,,,51.60273831 N 0.26417082 W,,6/21/17,built environment,subway,surface,,,
SRR27258055,PRJNA732392,SAMN38841811,haib17CEM5106_HCCGHCCXY_SL270355,,metasub,,United Kingdom,Europe,,,,,51.59535142 N 0.25010897 W,,6/21/17,built environment,subway,surface,,,
SRR27257920,PRJNA732392,SAMN38842057,haib17CEM5106_HCCGHCCXY_SL270356,,metasub,,United Kingdom,Europe,,,,,51.58335804 N 0.22646584 W,,6/21/17,built environment,subway,surface,,,
SRR27257548,PRJNA732392,SAMN38842042,haib17CEM5106_HCCGHCCXY_SL270357,,metasub,,United Kingdom,Europe,,,,,51.57686088 N 0.21342892 W,,6/21/17,built environment,subway,surface,,,
SRR27257452,PRJNA732392,SAMN38842005,haib17CEM5106_HCCGHCCXY_SL270358,,metasub,,United Kingdom,Europe,,,,,51.57228586 N 0.19396566 W,,6/21/17,built environment,subway,surface,,,
SRR27257820,PRJNA732392,SAMN38842191,haib17CEM5106_HCCGHCCXY_SL270359,,metasub,,United Kingdom,Europe,,,,,51.55675484 N 0.17820292 W,,6/21/17,built environment,subway,surface,,,
SRR27257795,PRJNA732392,SAMN38842214,haib17CEM5106_HCCGHCCXY_SL270360,,metasub,,United Kingdom,Europe,,,,,51.55049384 N 0.16421223 W,,6/21/17,built environment,subway,surface,,,
SRR27257447,PRJNA732392,SAMN38842009,haib17CEM5106_HCCGHCCXY_SL270361,,metasub,,United Kingdom,Europe,,,,,51.5441519 N 0.15370157 W,,6/21/17,built environment,subway,surface,,,
SRR27258008,PRJNA732392,SAMN38842291,haib17CEM5106_HCCGHCCXY_SL270362,,metasub,,United Kingdom,Europe,,,,,51.52458249 N 0.13825418 W,,6/21/17,built environment,subway,surface,,,
SRR27257831,PRJNA732392,SAMN38842181,haib17CEM5106_HCCGHCCXY_SL270363,,metasub,,United Kingdom,Europe,,,,,51.52049909 N 0.13464274 W,,6/21/17,built environment,subway,surface,,,
SRR27257338,PRJNA732392,SAMN38841486,haib17CEM5106_HCCGHCCXY_SL270364,,metasub,,United Kingdom,Europe,,,,,51.51627608 N 0.13085605 W,,6/21/17,built environment,subway,surface,,,
SRR27257996,PRJNA732392,SAMN38842302,haib17CEM5106_HCCGHCCXY_SL270365,,metasub,,United Kingdom,Europe,,,,,51.51129079 N 0.12822255 W,,6/21/17,built environment,subway,surface,,,
SRR27257460,PRJNA732392,SAMN38841473,haib17CEM5106_HCCGHCCXY_SL270366,,metasub,,United Kingdom,Europe,,,,,51.50866134 N 0.12473342 W,,6/21/17,built environment,subway,surface,,,
SRR27257479,PRJNA732392,SAMN38841358,haib17CEM5106_HCCGHCCXY_SL270367,,metasub,,United Kingdom,Europe,,,,,51.50731012 N 0.12234060 W,,6/21/17,built environment,subway,surface,,,
SRR27258186,PRJNA732392,SAMN38841628,haib17CEM5106_HCCGHCCXY_SL270368,,metasub,,United Kingdom,Europe,,,,,51.50357644 N 0.11405178 W,,6/21/17,built environment,subway,surface,,,
SRR27257684,PRJNA732392,SAMN38841787,haib17CEM5106_HCCGHCCXY_SL270369,,metasub,,United Kingdom,Europe,,,,,51.65065795 N 0.19473747 W,,6/21/17,built environment,subway,surface,,,
SRR27257486,PRJNA732392,SAMN38841509,haib17CEM5106_HCCGHCCXY_SL270370,,metasub,,United Kingdom,Europe,,,,,51.63026513 N 0.17924717 W,,6/21/17,built environment,subway,surface,,,
SRR27257972,PRJNA732392,SAMN38841410,haib17CEM5106_HCCGHCCXY_SL270371,,metasub,,United Kingdom,Europe,,,,,51.61787278 N 0.18539427 W,,6/21/17,built environment,subway,surface,,,
SRR27257864,PRJNA732392,SAMN38842129,haib17CEM5106_HCCGHCCXY_SL270372,,metasub,,United Kingdom,Europe,,,,,51.60954907 N 0.18844559 W,,6/21/17,built environment,subway,surface,,,
SRR27257718,PRJNA732392,SAMN38841690,haib17CEM5106_HCCGHCCXY_SL270373,,metasub,,United Kingdom,Europe,,,,,51.601 N 0.1924 W,,6/21/17,built environment,subway,surface,,,
SRR27257337,PRJNA732392,SAMN38841487,haib17CEM5106_HCCGHCCXY_SL270374,,metasub,,United Kingdom,Europe,,,,,51.58733501 N 0.16472564 W,,6/21/17,built environment,subway,surface,,,
SRR27257787,PRJNA732392,SAMN38842244,haib17CEM5106_HCCGHCCXY_SL270375,,metasub,,United Kingdom,Europe,,,,,51.57765885 N 0.14661854 W,,6/21/17,built environment,subway,surface,,,
SRR27257248,PRJNA732392,SAMN38841850,haib17CEM5106_HCCGHCCXY_SL270376,,metasub,,United Kingdom,Europe,,,,,51.56549578 N 0.13509970 W,,6/21/17,built environment,subway,surface,,,
SRR27257682,PRJNA732392,SAMN38841788,haib17CEM5106_HCCGHCCXY_SL270377,,metasub,,United Kingdom,Europe,,,,,51.55673669 N 0.13790751 W,,6/21/17,built environment,subway,surface,,,
SRR27257989,PRJNA732392,SAMN38841614,haib17CEM5106_HCCGHCCXY_SL270378,,metasub,,United Kingdom,Europe,,,,,51.55036797 N 0.14045241 W,,6/21/17,built environment,subway,surface,,,
SRR27258094,PRJNA732392,SAMN38841776,haib17CEM5106_HCCGHCCXY_SL270379,,metasub,,United Kingdom,Europe,,,,,51.5394686 N 0.14270954 W,,6/21/17,built environment,subway,surface,,,
SRR27258143,PRJNA732392,SAMN38841667,haib17CEM5106_HCCGHCCXY_SL270380,,metasub,,United Kingdom,Europe,,,,,51.53427845 N 0.13882161 W,,6/21/17,built environment,subway,surface,,,
SRR27257908,PRJNA732392,SAMN38842089,haib17CEM5106_HCCGHCCXY_SL270381,,metasub,,United Kingdom,Europe,,,,,51.52866595 N 0.13326501 W,,6/21/17,built environment,subway,surface,,,
SRR27257321,PRJNA732392,SAMN38841523,haib17CEM5106_HCCGHCCXY_SL270382,,metasub,,United Kingdom,Europe,,,,,51.53046702 N 0.12383855 W,,6/21/17,built environment,subway,surface,,,
SRR27258155,PRJNA732392,SAMN38841657,haib17CEM5106_HCCGHCCXY_SL270383,,metasub,,United Kingdom,Europe,,,,,51.53257057 N 0.10577229 W,,6/21/17,built environment,subway,surface,,,
SRR27258052,PRJNA732392,SAMN38841814,haib17CEM5106_HCCGHCCXY_SL270384,,metasub,,United Kingdom,Europe,,,,,51.52567304 N 0.08754095 W,,6/21/17,built environment,subway,surface,,,
SRR27257378,PRJNA732392,SAMN38842269,haib17CEM5106_HCCGHCCXY_SL270385,,metasub,,United Kingdom,Europe,,,,,51.51843415 N 0.08898884 W,,6/21/17,built environment,subway,surface,,,
SRR27257840,PRJNA732392,SAMN38842173,haib17CEM5106_HCCGHCCXY_SL270386,,metasub,,United Kingdom,Europe,,,,,51.5133735 N 0.08890672 W,,6/21/17,built environment,subway,surface,,,
SRR27257367,PRJNA732392,SAMN38842279,haib17CEM5106_HCCGHCCXY_SL270387,,metasub,,United Kingdom,Europe,,,,,51.50557208 N 0.08690755 W,,6/21/17,built environment,subway,surface,,,
SRR27257437,PRJNA732392,SAMN38842018,haib17CEM5106_HCCGHCCXY_SL270388,,metasub,,United Kingdom,Europe,,,,,51.5012707 N 0.09369265 W,,6/21/17,built environment,subway,surface,,,
SRR27258002,PRJNA732392,SAMN38842297,haib17CEM5106_HCCGHCCXY_SL270389,,metasub,,United Kingdom,Europe,,,,,51.49584772 N 0.10071185 W,,6/21/17,built environment,subway,surface,,,
SRR27257910,PRJNA732392,SAMN38842065,haib17CEM5106_HCCGHCCXY_SL270390,,metasub,,United Kingdom,Europe,,,,,51.48819371 N 0.10547519 W,,6/21/17,built environment,subway,surface,,,
SRR27257469,PRJNA732392,SAMN38841465,haib17CEM5106_HCCGHCCXY_SL270391,,metasub,,United Kingdom,Europe,,,,,51.482032 N 0.112797 W,,6/21/17,built environment,subway,surface,,,
SRR27257636,PRJNA732392,SAMN38841918,haib17CEM5106_HCCGHCCXY_SL270392,,metasub,,United Kingdom,Europe,,,,,51.47224114 N 0.12289521 W,,6/21/17,built environment,subway,surface,,,
SRR27257496,PRJNA732392,SAMN38841500,haib17CEM5106_HCCGHCCXY_SL270393,,metasub,,United Kingdom,Europe,,,,,51.46492348 N 0.12951561 W,,6/21/17,built environment,subway,surface,,,
SRR27257372,PRJNA732392,SAMN38842275,haib17CEM5106_HCCGHCCXY_SL270394,,metasub,,United Kingdom,Europe,,,,,51.46180336 N 0.13829512 W,,6/21/17,built environment,subway,surface,,,
SRR27258157,PRJNA732392,SAMN38841655,haib17CEM5106_HCCGHCCXY_SL270395,,metasub,,United Kingdom,Europe,,,,,51.45267416 N 0.14795997 W,,6/21/17,built environment,subway,surface,,,
SRR27257438,PRJNA732392,SAMN38841424,haib17CEM5106_HCCGHCCXY_SL270396,,metasub,,United Kingdom,Europe,,,,,51.44340406 N 0.15318299 W,,6/21/17,built environment,subway,surface,,,
SRR27257256,PRJNA732392,SAMN38841712,haib17CEM5106_HCCGHCCXY_SL270397,,metasub,,United Kingdom,Europe,,,,,51.43583612 N 0.15967789 W,,6/21/17,built environment,subway,surface,,,
SRR27257809,PRJNA732392,SAMN38842201,haib17CEM5106_HCCGHCCXY_SL270398,,metasub,,United Kingdom,Europe,,,,,51.42751601 N 0.16795432 W,,6/21/17,built environment,subway,surface,,,
SRR27257662,PRJNA732392,SAMN38841828,haib17CEM5106_HCCGHCCXY_SL270399,,metasub,,United Kingdom,Europe,,,,,51.41814951 N 0.17767880 W,,6/21/17,built environment,subway,surface,,,
SRR27257516,PRJNA732392,SAMN38842312,haib17CEM5106_HCCGHCCXY_SL270400,,metasub,,United Kingdom,Europe,,,,,51.415307 N 0.191915 W,,6/21/17,built environment,subway,surface,,,
SRR27257606,PRJNA732392,SAMN38841419,haib17CEM5106_HCCGHCCXY_SL270401,,metasub,,United Kingdom,Europe,,,,,51.40241312 N 0.19476786 W,,6/21/17,built environment,subway,surface,,,
SRR27258083,PRJNA732392,SAMN38841379,haib17CEM5106_HCCGHCCXY_SL270402,,metasub,,United Kingdom,Europe,,,,,51.61368485 N 0.27494670 W,,6/21/17,built environment,subway,surface,,,
SRR27257837,PRJNA732392,SAMN38842176,haib17CEM5106_HCCGHCCXY_SL270403,,metasub,,United Kingdom,Europe,,,,,51.60273831 N 0.26417082 W,,6/21/17,built environment,subway,surface,,,
SRR27257448,PRJNA732392,SAMN38842008,haib17CEM5106_HCCGHCCXY_SL270404,,metasub,,United Kingdom,Europe,,,,,51.59535142 N 0.25010897 W,,6/21/17,built environment,subway,surface,,,
SRR27258122,PRJNA732392,SAMN38841729,haib17CEM5106_HCCGHCCXY_SL270405,,metasub,,United Kingdom,Europe,,,,,51.58335804 N 0.22646584 W,,6/21/17,built environment,subway,surface,,,
SRR27257680,PRJNA732392,SAMN38841790,haib17CEM5106_HCCGHCCXY_SL270406,,metasub,,United Kingdom,Europe,,,,,51.57686088 N 0.21342892 W,,6/21/17,built environment,subway,surface,,,
SRR27257371,PRJNA732392,SAMN38842276,haib17CEM5106_HCCGHCCXY_SL270407,,metasub,,United Kingdom,Europe,,,,,51.57228586 N 0.19396566 W,,6/21/17,built environment,subway,surface,,,
SRR27258119,PRJNA732392,SAMN38841732,haib17CEM5106_HCCGHCCXY_SL270408,,metasub,,United Kingdom,Europe,,,,,51.55675484 N 0.17820292 W,,6/21/17,built environment,subway,surface,,,
SRR27257683,PRJNA732392,SAMN38841401,haib17CEM5106_HCCGHCCXY_SL270409,,metasub,,United Kingdom,Europe,,,,,51.55049384 N 0.16421223 W,,6/21/17,built environment,subway,surface,,,
SRR27257792,PRJNA732392,SAMN38842217,haib17CEM5106_HCCGHCCXY_SL270410,,metasub,,United Kingdom,Europe,,,,,51.5441519 N 0.15370157 W,,6/21/17,built environment,subway,surface,,,
SRR27257570,PRJNA732392,SAMN38842000,haib17CEM5106_HCCGHCCXY_SL270411,,metasub,,United Kingdom,Europe,,,,,51.52458249 N 0.13825418 W,,6/21/17,built environment,subway,surface,,,
SRR27257635,PRJNA732392,SAMN38841919,haib17CEM5106_HCCGHCCXY_SL270412,,metasub,,United Kingdom,Europe,,,,,51.52049909 N 0.13464274 W,,6/21/17,built environment,subway,surface,,,
SRR27257561,PRJNA732392,SAMN38842030,haib17CEM5106_HCCGHCCXY_SL270413,,metasub,,United Kingdom,Europe,,,,,51.51627608 N 0.13085605 W,,6/21/17,built environment,subway,surface,,,
SRR27257241,PRJNA732392,SAMN38841363,haib17CEM5106_HCCGHCCXY_SL270414,,metasub,,United Kingdom,Europe,,,,,51.51129079 N 0.12822255 W,,6/21/17,built environment,subway,surface,,,
SRR27257845,PRJNA732392,SAMN38842168,haib17CEM5106_HCCGHCCXY_SL270415,,metasub,,United Kingdom,Europe,,,,,51.50866134 N 0.12473342 W,,6/21/17,built environment,subway,surface,,,
SRR27257880,PRJNA732392,SAMN38842114,haib17CEM5106_HCCGHCCXY_SL270416,,metasub,,United Kingdom,Europe,,,,,51.50731012 N 0.12234060 W,,6/21/17,built environment,subway,surface,,,
SRR27258078,PRJNA732392,SAMN38841572,haib17CEM5106_HCCGHCCXY_SL270417,,metasub,,United Kingdom,Europe,,,,,51.50357644 N 0.11405178 W,,6/21/17,built environment,subway,surface,,,
SRR27257529,PRJNA732392,SAMN38841437,haib17CEM5106_HCCGHCCXY_SL270418,,metasub,,United Kingdom,Europe,,,,,51.59226368 N 0.33519350 W,,6/21/17,built environment,subway,surface,,,
SRR27257317,PRJNA732392,SAMN38841527,haib17CEM5106_HCCGHCCXY_SL270419,,metasub,,United Kingdom,Europe,,,,,51.58184637 N 0.31712539 W,,6/21/17,built environment,subway,surface,,,
SRR27257385,PRJNA732392,SAMN38842242,haib17CEM5106_HCCGHCCXY_SL270420,,metasub,,United Kingdom,Europe,,,,,51.57023141 N 0.30855479 W,,6/21/17,built environment,subway,surface,,,
SRR27258069,PRJNA732392,SAMN38841580,haib17CEM5106_HCCGHCCXY_SL270421,,metasub,,United Kingdom,Europe,,,,,51.56254897 N 0.30411605 W,,6/21/17,built environment,subway,surface,,,
SRR27257584,PRJNA732392,SAMN38841421,haib17CEM5106_HCCGHCCXY_SL270422,,metasub,,United Kingdom,Europe,,,,,51.55239319 N 0.29682088 W,,6/21/17,built environment,subway,surface,,,
SRR27257335,PRJNA732392,SAMN38841488,haib17CEM5106_HCCGHCCXY_SL270423,,metasub,,United Kingdom,Europe,,,,,51.54398955 N 0.27537111 W,,6/21/17,built environment,subway,surface,,,
SRR27257976,PRJNA732392,SAMN38841874,haib17CEM5106_HCCGHCCXY_SL270424,,metasub,,United Kingdom,Europe,,,,,51.53625519 N 0.25747656 W,,6/21/17,built environment,subway,surface,,,
SRR27257417,PRJNA732392,SAMN38842080,haib17CEM5106_HCCGHCCXY_SL270425,,metasub,,United Kingdom,Europe,,,,,51.53225984 N 0.24425905 W,,6/21/17,built environment,subway,surface,,,
SRR27257979,PRJNA732392,SAMN38841871,haib17CEM5106_HCCGHCCXY_SL270426,,metasub,,United Kingdom,Europe,,,,,51.5305265 N 0.22468320 W,,6/21/17,built environment,subway,surface,,,
SRR27257643,PRJNA732392,SAMN38841846,haib17CEM5106_HCCGHCCXY_SL270427,,metasub,,United Kingdom,Europe,,,,,51.53416707 N 0.20467539 W,,6/21/17,built environment,subway,surface,,,
SRR27257770,PRJNA732392,SAMN38842258,haib17CEM5106_HCCGHCCXY_SL270428,,metasub,,United Kingdom,Europe,,,,,51.53513992 N 0.19394392 W,,6/21/17,built environment,subway,surface,,,
SRR27258073,PRJNA732392,SAMN38841577,haib17CEM5106_HCCGHCCXY_SL270429,,metasub,,United Kingdom,Europe,,,,,51.52982887 N 0.18560903 W,,6/21/17,built environment,subway,surface,,,
SRR27257781,PRJNA732392,SAMN38842249,haib17CEM5106_HCCGHCCXY_SL270430,,metasub,,United Kingdom,Europe,,,,,51.52334544 N 0.18364979 W,,6/21/17,built environment,subway,surface,,,
SRR27257830,PRJNA732392,SAMN38842182,haib17CEM5106_HCCGHCCXY_SL270431,,metasub,,United Kingdom,Europe,,,,,51.51537887 N 0.17536529 W,,6/21/17,built environment,subway,surface,,,
SRR27257602,PRJNA732392,SAMN38841971,haib17CEM5106_HCCGHCCXY_SL270432,,metasub,,United Kingdom,Europe,,,,,51.51999407 N 0.16764492 W,,6/21/17,built environment,subway,surface,,,
SRR27257334,PRJNA732392,SAMN38841489,haib17CEM5106_HCCGHCCXY_SL270433,,metasub,,United Kingdom,Europe,,,,,51.52229675 N 0.16308089 W,,6/21/17,built environment,subway,surface,,,
SRR27257310,PRJNA732392,SAMN38841533,haib17CEM5106_HCCGHCCXY_SL270434,,metasub,,United Kingdom,Europe,,,,,51.52313116 N 0.15688184 W,,6/21/17,built environment,subway,surface,,,
SRR27257572,PRJNA732392,SAMN38841998,haib17CEM5106_HCCGHCCXY_SL270435,,metasub,,United Kingdom,Europe,,,,,51.52357375 N 0.14684518 W,,6/21/17,built environment,subway,surface,,,
SRR27257327,PRJNA732392,SAMN38841496,haib17CEM5106_HCCGHCCXY_SL270436,,metasub,,United Kingdom,Europe,,,,,51.51010128 N 0.13399405 W,,6/21/17,built environment,subway,surface,,,
SRR27257858,PRJNA732392,SAMN38841366,haib17CEM5106_HCCGHCCXY_SL270437,,metasub,,United Kingdom,Europe,,,,,51.50866134 N 0.12473342 W,,6/21/17,built environment,subway,surface,,,
SRR27258116,PRJNA732392,SAMN38841735,haib17CEM5106_HCCGHCCXY_SL270438,,metasub,,United Kingdom,Europe,,,,,51.50357644 N 0.11405178 W,,6/21/17,built environment,subway,surface,,,
SRR27257663,PRJNA732392,SAMN38841405,haib17CEM5106_HCCGHCCXY_SL270439,,metasub,,United Kingdom,Europe,,,,,51.49913109 N 0.11174571 W,,6/21/17,built environment,subway,surface,,,
SRR27258109,PRJNA732392,SAMN38841762,haib17CEM5106_HCCGHCCXY_SL270440,,metasub,,United Kingdom,Europe,,,,,51.49584772 N 0.10071185 W,,6/21/17,built environment,subway,surface,,,
SRR27257956,PRJNA732392,SAMN38841937,haib17CEM5106_HCCGHCCXY_SL270441,,metasub,,United Kingdom,Europe,,,,,51.59226368 N 0.33519350 W,,6/21/17,built environment,subway,surface,,,
SRR27258051,PRJNA732392,SAMN38841815,haib17CEM5106_HCCGHCCXY_SL270442,,metasub,,United Kingdom,Europe,,,,,51.58184637 N 0.31712539 W,,6/21/17,built environment,subway,surface,,,
SRR27257600,PRJNA732392,SAMN38841973,haib17CEM5106_HCCGHCCXY_SL270443,,metasub,,United Kingdom,Europe,,,,,51.57023141 N 0.30855479 W,,6/21/17,built environment,subway,surface,,,
SRR27257843,PRJNA732392,SAMN38842170,haib17CEM5106_HCCGHCCXY_SL270444,,metasub,,United Kingdom,Europe,,,,,51.56254897 N 0.30411605 W,,6/21/17,built environment,subway,surface,,,
SRR27257245,PRJNA732392,SAMN38841853,haib17CEM5106_HCCGHCCXY_SL270445,,metasub,,United Kingdom,Europe,,,,,51.55239319 N 0.29682088 W,,6/21/17,built environment,subway,surface,,,
SRR27257330,PRJNA732392,SAMN38841493,haib17CEM5106_HCCGHCCXY_SL270446,,metasub,,United Kingdom,Europe,,,,,51.54398955 N 0.27537111 W,,6/21/17,built environment,subway,surface,,,
SRR27257678,PRJNA732392,SAMN38841792,haib17CEM5106_HCCGHCCXY_SL270447,,metasub,,United Kingdom,Europe,,,,,51.53625519 N 0.25747656 W,,6/21/17,built environment,subway,surface,,,
SRR27257381,PRJNA732392,SAMN38842267,haib17CEM5106_HCCGHCCXY_SL270448,,metasub,,United Kingdom,Europe,,,,,51.53225984 N 0.24425905 W,,6/21/17,built environment,subway,surface,,,
SRR27257750,PRJNA732392,SAMN38841556,haib17CEM5106_HCCGHCCXY_SL270449,,metasub,,United Kingdom,Europe,,,,,51.5305265 N 0.22468320 W,,6/21/17,built environment,subway,surface,,,
SRR27258079,PRJNA732392,SAMN38841571,haib17CEM5106_HCCGHCCXY_SL270450,,metasub,,United Kingdom,Europe,,,,,51.53416707 N 0.20467539 W,,6/21/17,built environment,subway,surface,,,
SRR27258111,PRJNA732392,SAMN38841761,haib17CEM5106_HCCGHCCXY_SL270451,,metasub,,United Kingdom,Europe,,,,,51.53513992 N 0.19394392 W,,6/21/17,built environment,subway,surface,,,
SRR27257498,PRJNA732392,SAMN38842328,haib17CEM5106_HCCGHCCXY_SL270452,,metasub,,United Kingdom,Europe,,,,,51.52982887 N 0.18560903 W,,6/21/17,built environment,subway,surface,,,
SRR27258159,PRJNA732392,SAMN38841653,haib17CEM5106_HCCGHCCXY_SL270453,,metasub,,United Kingdom,Europe,,,,,51.52334544 N 0.18364979 W,,6/21/17,built environment,subway,surface,,,
SRR27257436,PRJNA732392,SAMN38842019,haib17CEM5106_HCCGHCCXY_SL270454,,metasub,,United Kingdom,Europe,,,,,51.51537887 N 0.17536529 W,,6/21/17,built environment,subway,surface,,,
SRR27257514,PRJNA732392,SAMN38842314,haib17CEM5106_HCCGHCCXY_SL270455,,metasub,,United Kingdom,Europe,,,,,51.51999407 N 0.16764492 W,,6/21/17,built environment,subway,surface,,,
SRR27257844,PRJNA732392,SAMN38842169,haib17CEM5106_HCCGHCCXY_SL270456,,metasub,,United Kingdom,Europe,,,,,51.52229675 N 0.16308089 W,,6/21/17,built environment,subway,surface,,,
SRR27257536,PRJNA732392,SAMN38842141,haib17CEM5106_HCCGHCCXY_SL270457,,metasub,,United Kingdom,Europe,,,,,51.52313116 N 0.15688184 W,,6/21/17,built environment,subway,surface,,,
SRR27257783,PRJNA732392,SAMN38841447,haib17CEM5106_HCCGHCCXY_SL270458,,metasub,,United Kingdom,Europe,,,,,51.52357375 N 0.14684518 W,,6/21/17,built environment,subway,surface,,,
SRR27257523,PRJNA732392,SAMN38842154,haib17CEM5106_HCCGHCCXY_SL270459,,metasub,,United Kingdom,Europe,,,,,51.51519833 N 0.14175309 W,,6/21/17,built environment,subway,surface,,,
SRR27257243,PRJNA732392,SAMN38841856,haib17CEM5106_HCCGHCCXY_SL270460,,metasub,,United Kingdom,Europe,,,,,51.51010128 N 0.13399405 W,,6/21/17,built environment,subway,surface,,,
SRR28911259,PRJNA732392,SAMN41164685,haib17CEM5106_HCCGHCCXY_SL270461,,metasub,,United Kingdom,Europe,,,,,51.50866134 N 0.12473342 W,,6/21/17,built environment,subway,surface,,,
SRR28910744,PRJNA732392,SAMN41164554,haib17CEM5106_HCCGHCCXY_SL270462,,metasub,,United Kingdom,Europe,,,,,51.50731012 N 0.12234060 W,,6/21/17,built environment,subway,surface,,,
SRR28911135,PRJNA732392,SAMN41164764,haib17CEM5106_HCCGHCCXY_SL270463,,metasub,,United Kingdom,Europe,,,,,51.50357644 N 0.11405178 W,,6/21/17,built environment,subway,surface,,,
SRR28911253,PRJNA732392,SAMN41164690,haib17CEM5106_HCCGHCCXY_SL270464,,metasub,,United Kingdom,Europe,,,,,51.49913109 N 0.11174571 W,,6/21/17,built environment,subway,surface,,,
SRR28910853,PRJNA732392,SAMN41164975,haib17CEM5106_HCCGHCCXY_SL270465,,metasub,,United Kingdom,Europe,,,,,51.49584772 N 0.10071185 W,,6/21/17,built environment,subway,surface,,,
SRR28911272,PRJNA732392,SAMN41164607,haib17CEM5106_HCCGHCCXY_SL270466,,metasub,,United Kingdom,Europe,,,,,51.59226368 N 0.33519350 W,,6/21/17,built environment,subway,surface,,,
SRR28910949,PRJNA732392,SAMN41164628,haib17CEM5106_HCCGHCCXY_SL270467,,metasub,,United Kingdom,Europe,,,,,51.58184637 N 0.31712539 W,,6/21/17,built environment,subway,surface,,,
SRR28910953,PRJNA732392,SAMN41164625,haib17CEM5106_HCCGHCCXY_SL270468,,metasub,,United Kingdom,Europe,,,,,51.57023141 N 0.30855479 W,,6/21/17,built environment,subway,surface,,,
SRR28910733,PRJNA732392,SAMN41164564,haib17CEM5106_HCCGHCCXY_SL270469,,metasub,,United Kingdom,Europe,,,,,missing,,missing,built environment,subway,surface,,,
SRR28911580,PRJNA732392,SAMN41165025,haib17CEM5106_HCCGHCCXY_SL270470,,metasub,,United Kingdom,Europe,,,,,missing,,missing,built environment,subway,surface,,,
SRR28910851,PRJNA732392,SAMN41164464,haib17CEM5106_HCCGHCCXY_SL270471,,metasub,,United Kingdom,Europe,,,,,missing,,missing,built environment,subway,surface,,,
SRR28911336,PRJNA732392,SAMN41165164,haib17CEM5106_HCCGHCCXY_SL270472,,metasub,,United Kingdom,Europe,,,,,missing,,missing,built environment,subway,surface,,,
SRR28911063,PRJNA732392,SAMN41165023,haib17CEM5106_HCCGHCCXY_SL270473,,metasub,,United Kingdom,Europe,,,,,51.56254897 N 0.30411605 W,,6/21/17,built environment,subway,surface,,,
SRR28910937,PRJNA732392,SAMN41164705,haib17CEM5106_HCCGHCCXY_SL270474,,metasub,,United Kingdom,Europe,,,,,51.55239319 N 0.29682088 W,,6/21/17,built environment,subway,surface,,,
SRR28911310,PRJNA732392,SAMN41165252,haib17CEM5106_HCCGHCCXY_SL270475,,metasub,,United Kingdom,Europe,,,,,51.54398955 N 0.27537111 W,,6/21/17,built environment,subway,surface,,,
SRR28910779,PRJNA732392,SAMN41165236,haib17CEM5106_HCCGHCCXY_SL270476,,metasub,,United Kingdom,Europe,,,,,51.53625519 N 0.25747656 W,,6/21/17,built environment,subway,surface,,,
SRR28911448,PRJNA732392,SAMN41164738,haib17CEM5106_HCCGHCCXY_SL270477,,metasub,,United Kingdom,Europe,,,,,51.53225984 N 0.24425905 W,,6/21/17,built environment,subway,surface,,,
SRR28911480,PRJNA732392,SAMN41164645,haib17CEM5106_HCCGHCCXY_SL270478,,metasub,,United Kingdom,Europe,,,,,51.5305265 N 0.22468320 W,,6/21/17,built environment,subway,surface,,,
SRR28910823,PRJNA732392,SAMN41164473,haib17CEM5106_HCCGHCCXY_SL270479,,metasub,,United Kingdom,Europe,,,,,51.53416707 N 0.20467539 W,,6/21/17,built environment,subway,surface,,,
SRR28910891,PRJNA732392,SAMN41164876,haib17CEM5106_HCCGHCCXY_SL270480,,metasub,,United Kingdom,Europe,,,,,51.53513992 N 0.19394392 W,,6/21/17,built environment,subway,surface,,,
SRR28910723,PRJNA732392,SAMN41164637,haib17CEM5106_HCCGHCCXY_SL270481,,metasub,,United Kingdom,Europe,,,,,51.52982887 N 0.18560903 W,,6/21/17,built environment,subway,surface,,,
SRR28911260,PRJNA732392,SAMN41164684,haib17CEM5106_HCCGHCCXY_SL270482,,metasub,,United Kingdom,Europe,,,,,51.52334544 N 0.18364979 W,,6/21/17,built environment,subway,surface,,,
SRR28911176,PRJNA732392,SAMN41164662,haib17CEM5106_HCCGHCCXY_SL270483,,metasub,,United Kingdom,Europe,,,,,51.51537887 N 0.17536529 W,,6/21/17,built environment,subway,surface,,,
SRR28910954,PRJNA732392,SAMN41164624,haib17CEM5106_HCCGHCCXY_SL270484,,metasub,,United Kingdom,Europe,,,,,51.51999407 N 0.16764492 W,,6/21/17,built environment,subway,surface,,,
SRR28911375,PRJNA732392,SAMN41164999,haib17CEM5106_HCCGHCCXY_SL270485,,metasub,,United Kingdom,Europe,,,,,51.52229675 N 0.16308089 W,,6/21/17,built environment,subway,surface,,,
SRR28910992,PRJNA732392,SAMN41165282,haib17CEM5106_HCCGHCCXY_SL270486,,metasub,,United Kingdom,Europe,,,,,51.52313116 N 0.15688184 W,,6/21/17,built environment,subway,surface,,,
SRR28911412,PRJNA732392,SAMN41164901,haib17CEM5106_HCCGHCCXY_SL270487,,metasub,,United Kingdom,Europe,,,,,51.52357375 N 0.14684518 W,,6/21/17,built environment,subway,surface,,,
SRR28910880,PRJNA732392,SAMN41164886,haib17CEM5106_HCCGHCCXY_SL270488,,metasub,,United Kingdom,Europe,,,,,51.51519833 N 0.14175309 W,,6/21/17,built environment,subway,surface,,,
SRR28911369,PRJNA732392,SAMN41165069,haib17CEM5106_HCCGHCCXY_SL270489,,metasub,,United Kingdom,Europe,,,,,51.51010128 N 0.13399405 W,,6/21/17,built environment,subway,surface,,,
SRR28911538,PRJNA732392,SAMN41165127,haib17CEM5106_HCCGHCCXY_SL270490,,metasub,,United Kingdom,Europe,,,,,51.50866134 N 0.12473342 W,,6/21/17,built environment,subway,surface,,,
SRR28911117,PRJNA732392,SAMN41164845,haib17CEM5106_HCCGHCCXY_SL270491,,metasub,,United Kingdom,Europe,,,,,51.50731012 N 0.12234060 W,,6/21/17,built environment,subway,surface,,,
SRR28911630,PRJNA732392,SAMN41164786,haib17CEM5106_HCCGHCCXY_SL270492,,metasub,,United Kingdom,Europe,,,,,51.50357644 N 0.11405178 W,,6/21/17,built environment,subway,surface,,,
SRR28911158,PRJNA732392,SAMN41164743,haib17CEM5106_HCCGHCCXY_SL270493,,metasub,,United Kingdom,Europe,,,,,51.49913109 N 0.11174571 W,,6/21/17,built environment,subway,surface,,,
SRR28911130,PRJNA732392,SAMN41164833,haib17CEM5106_HCCGHCCXY_SL270494,,metasub,,United Kingdom,Europe,,,,,51.49584772 N 0.10071185 W,,6/21/17,built environment,subway,surface,,,
SRR28910844,PRJNA732392,SAMN41165047,haib17CEM5106_HCCGHCCXY_SL270495,,metasub,,United Kingdom,Europe,,,,,51.57939273 N 0.33697321 W,,6/21/17,built environment,subway,surface,,,
SRR28911605,PRJNA732392,SAMN41164937,haib17CEM5106_HCCGHCCXY_SL270496,,metasub,,United Kingdom,Europe,,,,,51.57865118 N 0.31817444 W,,6/21/17,built environment,subway,surface,,,
SRR28910971,PRJNA732392,SAMN41164544,haib17CEM5106_HCCGHCCXY_SL270497,,metasub,,United Kingdom,Europe,,,,,51.5720977 N 0.29522640 W,,6/21/17,built environment,subway,surface,,,
SRR28911055,PRJNA732392,SAMN41165096,haib17CEM5106_HCCGHCCXY_SL270498,,metasub,,United Kingdom,Europe,,,,,51.52378935 N 0.14393025 W,,6/21/17,built environment,subway,surface,,,
SRR28910816,PRJNA732392,SAMN41165137,haib17CEM5106_HCCGHCCXY_SL270499,,metasub,,United Kingdom,Europe,,,,,51.52562663 N 0.13582426 W,,6/21/17,built environment,subway,surface,,,
SRR28910724,PRJNA732392,SAMN41164430,haib17CEM5106_HCCGHCCXY_SL270500,,metasub,,United Kingdom,Europe,,,,,51.52051764 N 0.10505032 W,,6/21/17,built environment,subway,surface,,,
SRR28910788,PRJNA732392,SAMN41165227,haib17CEM5106_HCCGHCCXY_SL270501,,metasub,,United Kingdom,Europe,,,,,51.52021342 N 0.09769859 W,,6/21/17,built environment,subway,surface,,,
SRR28911086,PRJNA732392,SAMN41165003,haib17CEM5106_HCCGHCCXY_SL270502,,metasub,,United Kingdom,Europe,,,,,51.51843415 N 0.08898884 W,,6/21/17,built environment,subway,surface,,,
SRR28910940,PRJNA732392,SAMN41164702,haib17CEM5106_HCCGHCCXY_SL270503,,metasub,,United Kingdom,Europe,,,,,51.51742113 N 0.08295875 W,,6/21/17,built environment,subway,surface,,,
SRR28911416,PRJNA732392,SAMN41164897,haib17CEM5106_HCCGHCCXY_SL270504,,metasub,,United Kingdom,Europe,,,,,51.51434282 N 0.07560061 W,,6/21/17,built environment,subway,surface,,,
SRR28911543,PRJNA732392,SAMN41165123,haib17CEM5106_HCCGHCCXY_SL270505,,metasub,,United Kingdom,Europe,,,,,51.57939273 N 0.33697321 W,,6/21/17,built environment,subway,surface,,,
SRR28911384,PRJNA732392,SAMN41164991,haib17CEM5106_HCCGHCCXY_SL270506,,metasub,,United Kingdom,Europe,,,,,51.57865118 N 0.31817444 W,,6/21/17,built environment,subway,surface,,,
SRR28911258,PRJNA732392,SAMN41164686,haib17CEM5106_HCCGHCCXY_SL270507,,metasub,,United Kingdom,Europe,,,,,51.5720977 N 0.29522640 W,,6/21/17,built environment,subway,surface,,,
SRR28911392,PRJNA732392,SAMN41164984,haib17CEM5106_HCCGHCCXY_SL270508,,metasub,,United Kingdom,Europe,,,,,51.56332139 N 0.27922066 W,,6/21/17,built environment,subway,surface,,,
SRR28911199,PRJNA732392,SAMN41164424,haib17CEM5106_HCCGHCCXY_SL270509,,metasub,,United Kingdom,Europe,,,,,51.54713209 N 0.18047382 W,,6/21/17,built environment,subway,surface,,,
SRR28911327,PRJNA732392,SAMN41165172,haib17CEM5106_HCCGHCCXY_SL270510,,metasub,,United Kingdom,Europe,,,,,missing,,missing,built environment,subway,surface,,,
SRR28911194,PRJNA732392,SAMN41164581,haib17CEM5106_HCCGHCCXY_SL270511,,metasub,,United Kingdom,Europe,,,,,missing,,missing,built environment,subway,surface,,,
SRR28911620,PRJNA732392,SAMN41164859,haib17CEM5106_HCCGHCCXY_SL270513,,metasub,,United Kingdom,Europe,,,,,missing,,missing,built environment,subway,surface,,,
SRR28911505,PRJNA732392,SAMN41165287,haib17CEM5106_HCCGHCCXY_SL270514,,metasub,,United Kingdom,Europe,,,,,51.52313116 N 0.15688184 W,,6/21/17,built environment,subway,surface,,,
SRR28911548,PRJNA732392,SAMN41165118,haib17CEM5106_HCCGHCCXY_SL270515,,metasub,,United Kingdom,Europe,,,,,51.52378935 N 0.14393025 W,,6/21/17,built environment,subway,surface,,,
SRR28911641,PRJNA732392,SAMN41164776,haib17CEM5106_HCCGHCCXY_SL270516,,metasub,,United Kingdom,Europe,,,,,51.52562663 N 0.13582426 W,,6/21/17,built environment,subway,surface,,,
SRR28910907,PRJNA732392,SAMN41164446,haib17CEM5106_HCCGHCCXY_SL270517,,metasub,,United Kingdom,Europe,,,,,51.53046702 N 0.12383855 W,,6/21/17,built environment,subway,surface,,,
SRR28911016,PRJNA732392,SAMN41165196,haib17CEM5106_HCCGHCCXY_SL270518,,metasub,,United Kingdom,Europe,,,,,51.52051764 N 0.10505032 W,,6/21/17,built environment,subway,surface,,,
SRR28911064,PRJNA732392,SAMN41165022,haib17CEM5106_HCCGHCCXY_SL270519,,metasub,,United Kingdom,Europe,,,,,51.52021342 N 0.09769859 W,,6/21/17,built environment,subway,surface,,,
SRR28911248,PRJNA732392,SAMN41164695,haib17CEM5106_HCCGHCCXY_SL270520,,metasub,,United Kingdom,Europe,,,,,51.51843415 N 0.08898884 W,,6/21/17,built environment,subway,surface,,,
SRR28911007,PRJNA732392,SAMN41165268,haib17CEM5106_HCCGHCCXY_SL270521,,metasub,,United Kingdom,Europe,,,,,51.51742113 N 0.08295875 W,,6/21/17,built environment,subway,surface,,,
SRR28911458,PRJNA732392,SAMN41164729,haib17CEM5106_HCCGHCCXY_SL270522,,metasub,,United Kingdom,Europe,,,,,51.51434282 N 0.07560061 W,,6/21/17,built environment,subway,surface,,,
SRR28911446,PRJNA732392,SAMN41164740,haib17CEM5106_HCCGHCCXY_SL270523,,metasub,,United Kingdom,Europe,,,,,51.57939273 N 0.33697321 W,,6/21/17,built environment,subway,surface,,,
SRR28911584,PRJNA732392,SAMN41164462,haib17CEM5106_HCCGHCCXY_SL270524,,metasub,,United Kingdom,Europe,,,,,51.57865118 N 0.31817444 W,,6/21/17,built environment,subway,surface,,,
SRR28910863,PRJNA732392,SAMN41164966,haib17CEM5106_HCCGHCCXY_SL270525,,metasub,,United Kingdom,Europe,,,,,51.5720977 N 0.29522640 W,,6/21/17,built environment,subway,surface,,,
SRR28911387,PRJNA732392,SAMN41164988,haib17CEM5106_HCCGHCCXY_SL270526,,metasub,,United Kingdom,Europe,,,,,51.56332139 N 0.27922066 W,,6/21/17,built environment,subway,surface,,,
SRR28911450,PRJNA732392,SAMN41164440,haib17CEM5106_HCCGHCCXY_SL270527,,metasub,,United Kingdom,Europe,,,,,51.54713209 N 0.18047382 W,,6/21/17,built environment,subway,surface,,,
SRR28911628,PRJNA732392,SAMN41164852,haib17CEM5106_HCCGHCCXY_SL270528,,metasub,,United Kingdom,Europe,,,,,51.52313116 N 0.15688184 W,,6/21/17,built environment,subway,surface,,,
SRR28910885,PRJNA732392,SAMN41164881,haib17CEM5106_HCCGHCCXY_SL270529,,metasub,,United Kingdom,Europe,,,,,51.52378935 N 0.14393025 W,,6/21/17,built environment,subway,surface,,,
SRR28911122,PRJNA732392,SAMN41164840,haib17CEM5106_HCCGHCCXY_SL270530,,metasub,,United Kingdom,Europe,,,,,51.52562663 N 0.13582426 W,,6/21/17,built environment,subway,surface,,,
SRR28911429,PRJNA732392,SAMN41164820,haib17CEM5106_HCCGHCCXY_SL270531,,metasub,,United Kingdom,Europe,,,,,51.53046702 N 0.12383855 W,,6/21/17,built environment,subway,surface,,,
SRR28911589,PRJNA732392,SAMN41164952,haib17CEM5106_HCCGHCCXY_SL270532,,metasub,,United Kingdom,Europe,,,,,51.52051764 N 0.10505032 W,,6/21/17,built environment,subway,surface,,,
SRR28910739,PRJNA732392,SAMN41164558,haib17CEM5106_HCCGHCCXY_SL270533,,metasub,,United Kingdom,Europe,,,,,51.52021342 N 0.09769859 W,,6/21/17,built environment,subway,surface,,,
SRR28911131,PRJNA732392,SAMN41164832,haib17CEM5106_HCCGHCCXY_SL270534,,metasub,,United Kingdom,Europe,,,,,51.51843415 N 0.08898884 W,,6/21/17,built environment,subway,surface,,,
SRR28911542,PRJNA732392,SAMN41165124,haib17CEM5106_HCCGHCCXY_SL270535,,metasub,,United Kingdom,Europe,,,,,51.51742113 N 0.08295875 W,,6/21/17,built environment,subway,surface,,,
SRR28910957,PRJNA732392,SAMN41164621,haib17CEM5106_HCCGHCCXY_SL270536,,metasub,,United Kingdom,Europe,,,,,51.51434282 N 0.07560061 W,,6/21/17,built environment,subway,surface,,,
SRR28911206,PRJNA732392,SAMN41164570,haib17CEM5106_HCCGHCCXY_SL270537,,metasub,,United Kingdom,Europe,,,,,51.58302266 N 0.01991023 W,,6/21/17,built environment,subway,surface,,,
SRR28911339,PRJNA732392,SAMN41165161,haib17CEM5106_HCCGHCCXY_SL270538,,metasub,,United Kingdom,Europe,,,,,51.58701271 N 0.04098439 W,,6/21/17,built environment,subway,surface,,,
SRR28910996,PRJNA732392,SAMN41165278,haib17CEM5106_HCCGHCCXY_SL270539,,metasub,,United Kingdom,Europe,,,,,51.58811284 N 0.06027611 W,,6/21/17,built environment,subway,surface,,,
SRR28910946,PRJNA732392,SAMN41164631,haib17CEM5106_HCCGHCCXY_SL270540,,metasub,,United Kingdom,Europe,,,,,51.58341409 N 0.07247832 W,,6/21/17,built environment,subway,surface,,,
SRR28910778,PRJNA732392,SAMN41164490,haib17CEM5106_HCCGHCCXY_SL270541,,metasub,,United Kingdom,Europe,,,,,51.56447095 N 0.10649567 W,,6/21/17,built environment,subway,surface,,,
SRR28911424,PRJNA732392,SAMN41164825,haib17CEM5106_HCCGHCCXY_SL270542,,metasub,,United Kingdom,Europe,,,,,51.54630074 N 0.10394848 W,,6/21/17,built environment,subway,surface,,,
SRR28911042,PRJNA732392,SAMN41164477,haib17CEM5106_HCCGHCCXY_SL270543,,metasub,,United Kingdom,Europe,,,,,51.53046702 N 0.12383855 W,,6/21/17,built environment,subway,surface,,,
SRR28911555,PRJNA732392,SAMN41165112,haib17CEM5106_HCCGHCCXY_SL270544,,metasub,,United Kingdom,Europe,,,,,51.52866595 N 0.13326501 W,,6/21/17,built environment,subway,surface,,,
SRR28911347,PRJNA732392,SAMN41165154,haib17CEM5106_HCCGHCCXY_SL270545,,metasub,,United Kingdom,Europe,,,,,51.52458249 N 0.13825418 W,,6/21/17,built environment,subway,surface,,,
SRR28911178,PRJNA732392,SAMN41164660,haib17CEM5106_HCCGHCCXY_SL270546,,metasub,,United Kingdom,Europe,,,,,51.51519833 N 0.14175309 W,,6/21/17,built environment,subway,surface,,,
SRR28910867,PRJNA732392,SAMN41164962,haib17CEM5106_HCCGHCCXY_SL270547,,metasub,,United Kingdom,Europe,,,,,51.50691892 N 0.14289999 W,,6/21/17,built environment,subway,surface,,,
SRR28910905,PRJNA732392,SAMN41164798,haib17CEM5106_HCCGHCCXY_SL270548,,metasub,,United Kingdom,Europe,,,,,51.49641574 N 0.14382851 W,,6/21/17,built environment,subway,surface,,,
SRR28911298,PRJNA732392,SAMN41165327,haib17CEM5106_HCCGHCCXY_SL270549,,metasub,,United Kingdom,Europe,,,,,51.48926702 N 0.13371586 W,,6/21/17,built environment,subway,surface,,,
SRR28911504,PRJNA732392,SAMN41165288,haib17CEM5106_HCCGHCCXY_SL270550,,metasub,,United Kingdom,Europe,,,,,51.48580284 N 0.12372867 W,,6/21/17,built environment,subway,surface,,,
SRR28910822,PRJNA732392,SAMN41165132,haib17CEM5106_HCCGHCCXY_SL270551,,metasub,,United Kingdom,Europe,,,,,51.47224114 N 0.12289521 W,,6/21/17,built environment,subway,surface,,,
SRR28911490,PRJNA732392,SAMN41165301,haib17CEM5106_HCCGHCCXY_SL270552,,metasub,,United Kingdom,Europe,,,,,51.46265326 N 0.11461179 W,,6/21/17,built environment,subway,surface,,,
SRR28911140,PRJNA732392,SAMN41164759,haib17CEM5106_HCCGHCCXY_SL270553,,metasub,,United Kingdom,Europe,,,,,51.58701271 N 0.04098439 W,,6/21/17,built environment,subway,surface,,,
SRR28911460,PRJNA732392,SAMN41164727,haib17CEM5106_HCCGHCCXY_SL270554,,metasub,,United Kingdom,Europe,,,,,51.58811284 N 0.06027611 W,,6/21/17,built environment,subway,surface,,,
SRR28911517,PRJNA732392,SAMN41165211,haib17CEM5106_HCCGHCCXY_SL270555,,metasub,,United Kingdom,Europe,,,,,51.58341409 N 0.07247832 W,,6/21/17,built environment,subway,surface,,,
SRR28910821,PRJNA732392,SAMN41165133,haib17CEM5106_HCCGHCCXY_SL270556,,metasub,,United Kingdom,Europe,,,,,51.56447095 N 0.10649567 W,,6/21/17,built environment,subway,surface,,,
SRR28911393,PRJNA732392,SAMN41164983,haib17CEM5106_HCCGHCCXY_SL270557,,metasub,,United Kingdom,Europe,,,,,51.54630074 N 0.10394848 W,,6/21/17,built environment,subway,surface,,,
SRR28911586,PRJNA732392,SAMN41164955,haib17CEM5106_HCCGHCCXY_SL270558,,metasub,,United Kingdom,Europe,,,,,51.53046702 N 0.12383855 W,,6/21/17,built environment,subway,surface,,,
SRR28911544,PRJNA732392,SAMN41165122,haib17CEM5106_HCCGHCCXY_SL270559,,metasub,,United Kingdom,Europe,,,,,51.52866595 N 0.13326501 W,,6/21/17,built environment,subway,surface,,,
SRR28910967,PRJNA732392,SAMN41164547,haib17CEM5106_HCCGHCCXY_SL270560,,metasub,,United Kingdom,Europe,,,,,51.52458249 N 0.13825418 W,,6/21/17,built environment,subway,surface,,,
SRR28911024,PRJNA732392,SAMN41165188,haib17CEM5106_HCCGHCCXY_SL270561,,metasub,,United Kingdom,Europe,,,,,51.51519833 N 0.14175309 W,,6/21/17,built environment,subway,surface,,,
SRR28911141,PRJNA732392,SAMN41164758,haib17CEM5106_HCCGHCCXY_SL270562,,metasub,,United Kingdom,Europe,,,,,51.50691892 N 0.14289999 W,,6/21/17,built environment,subway,surface,,,
SRR28910950,PRJNA732392,SAMN41164627,haib17CEM5106_HCCGHCCXY_SL270563,,metasub,,United Kingdom,Europe,,,,,51.49641574 N 0.14382851 W,,6/21/17,built environment,subway,surface,,,
SRR28911098,PRJNA732392,SAMN41164459,haib17CEM5106_HCCGHCCXY_SL270564,,metasub,,United Kingdom,Europe,,,,,51.48926702 N 0.13371586 W,,6/21/17,built environment,subway,surface,,,
SRR28911368,PRJNA732392,SAMN41165070,haib17CEM5106_HCCGHCCXY_SL270565,,metasub,,United Kingdom,Europe,,,,,51.48580284 N 0.12372867 W,,6/21/17,built environment,subway,surface,,,
SRR28910901,PRJNA732392,SAMN41164802,haib17CEM5106_HCCGHCCXY_SL270566,,metasub,,United Kingdom,Europe,,,,,51.47224114 N 0.12289521 W,,6/21/17,built environment,subway,surface,,,
SRR28910961,PRJNA732392,SAMN41164617,haib17CEM5106_HCCGHCCXY_SL270567,,metasub,,United Kingdom,Europe,,,,,51.46265326 N 0.11461179 W,,6/21/17,built environment,subway,surface,,,
SRR28911231,PRJNA732392,SAMN41164775,haib17CEM5106_HCCGHCCXY_SL270568,,metasub,,United Kingdom,Europe,,,,,51.58302266 N 0.01991023 W,,6/21/17,built environment,subway,surface,,,
SRR28911500,PRJNA732392,SAMN41165292,haib17CEM5106_HCCGHCCXY_SL270569,,metasub,,United Kingdom,Europe,,,,,51.58701271 N 0.04098439 W,,6/21/17,built environment,subway,surface,,,
SRR28910776,PRJNA732392,SAMN41165238,haib17CEM5106_HCCGHCCXY_SL270570,,metasub,,United Kingdom,Europe,,,,,51.58811284 N 0.06027611 W,,6/21/17,built environment,subway,surface,,,
SRR28911132,PRJNA732392,SAMN41164831,haib17CEM5106_HCCGHCCXY_SL270571,,metasub,,United Kingdom,Europe,,,,,51.58341409 N 0.07247832 W,,6/21/17,built environment,subway,surface,,,
SRR28910922,PRJNA732392,SAMN41164717,haib17CEM5106_HCCGHCCXY_SL270572,,metasub,,United Kingdom,Europe,,,,,51.56447095 N 0.10649567 W,,6/21/17,built environment,subway,surface,,,
SRR28910748,PRJNA732392,SAMN41164550,haib17CEM5106_HCCGHCCXY_SL270573,,metasub,,United Kingdom,Europe,,,,,51.54630074 N 0.10394848 W,,6/21/17,built environment,subway,surface,,,
SRR28911454,PRJNA732392,SAMN41164733,haib17CEM5106_HCCGHCCXY_SL270574,,metasub,,United Kingdom,Europe,,,,,51.53046702 N 0.12383855 W,,6/21/17,built environment,subway,surface,,,
SRR28910763,PRJNA732392,SAMN41165315,haib17CEM5106_HCCGHCCXY_SL270575,,metasub,,United Kingdom,Europe,,,,,51.52866595 N 0.13326501 W,,6/21/17,built environment,subway,surface,,,
SRR28911033,PRJNA732392,SAMN41165180,haib17CEM5106_HCCGHCCXY_SL270576,,metasub,,United Kingdom,Europe,,,,,51.52458249 N 0.13825418 W,,6/21/17,built environment,subway,surface,,,
SRR28911043,PRJNA732392,SAMN41164414,haib17CEM5106_HCCGHCCXY_SL270577,,metasub,,United Kingdom,Europe,,,,,51.51519833 N 0.14175309 W,,6/21/17,built environment,subway,surface,,,
SRR28911155,PRJNA732392,SAMN41164746,haib17CEM5106_HCCGHCCXY_SL270578,,metasub,,United Kingdom,Europe,,,,,51.50691892 N 0.14289999 W,,6/21/17,built environment,subway,surface,,,
SRR28910725,PRJNA732392,SAMN41164636,haib17CEM5106_HCCGHCCXY_SL270579,,metasub,,United Kingdom,Europe,,,,,51.49641574 N 0.14382851 W,,6/21/17,built environment,subway,surface,,,
SRR28910984,PRJNA732392,SAMN41164532,haib17CEM5106_HCCGHCCXY_SL270580,,metasub,,United Kingdom,Europe,,,,,51.48926702 N 0.13371586 W,,6/21/17,built environment,subway,surface,,,
SRR28910859,PRJNA732392,SAMN41164969,haib17CEM5106_HCCGHCCXY_SL270581,,metasub,,United Kingdom,Europe,,,,,51.48580284 N 0.12372867 W,,6/21/17,built environment,subway,surface,,,
SRR28910958,PRJNA732392,SAMN41164620,haib17CEM5106_HCCGHCCXY_SL270582,,metasub,,United Kingdom,Europe,,,,,51.47224114 N 0.12289521 W,,6/21/17,built environment,subway,surface,,,
SRR28911051,PRJNA732392,SAMN41165099,haib17CEM5106_HCCGHCCXY_SL270583,,metasub,,United Kingdom,Europe,,,,,51.46265326 N 0.11461179 W,,6/21/17,built environment,subway,surface,,,
SRR28911136,PRJNA732392,SAMN41164763,haib17CEM5106_HCCGHCCXY_SL270584,,metasub,,United Kingdom,Europe,,,,,51.4926397 N 0.22236763 W,,6/21/17,built environment,subway,surface,,,
SRR28911621,PRJNA732392,SAMN41164858,haib17CEM5106_HCCGHCCXY_SL270585,,metasub,,United Kingdom,Europe,,,,,51.50202647 N 0.22672098 W,,6/21/17,built environment,subway,surface,,,
SRR28911273,PRJNA732392,SAMN41164427,haib17CEM5106_HCCGHCCXY_SL270586,,metasub,,United Kingdom,Europe,,,,,51.50562676 N 0.22628142 W,,6/21/17,built environment,subway,surface,,,
SRR28911440,PRJNA732392,SAMN41164810,haib17CEM5106_HCCGHCCXY_SL270587,,metasub,,United Kingdom,Europe,,,,,51.50995828 N 0.22424542 W,,6/21/17,built environment,subway,surface,,,
SRR28911314,PRJNA732392,SAMN41165248,haib17CEM5106_HCCGHCCXY_SL270588,,metasub,,United Kingdom,Europe,,,,,51.4926397 N 0.22236763 W,,6/21/17,built environment,subway,surface,,,
SRR28911097,PRJNA732392,SAMN41164927,haib17CEM5106_HCV72CCXY_SL269716,,metasub,,uncalculated,uncalculated,,,,,missing,,missing,built environment,subway,surface,,,
SRR28911244,PRJNA732392,SAMN41164698,haib17CEM5106_HCV72CCXY_SL269717,,metasub,,uncalculated,uncalculated,,,,,missing,,missing,built environment,subway,surface,,,
SRR28911546,PRJNA732392,SAMN41165120,haib17CEM5106_HCV72CCXY_SL269718,,metasub,,uncalculated,uncalculated,,,,,missing,,missing,built environment,subway,surface,,,
SRR28911002,PRJNA732392,SAMN41165273,haib17CEM5106_HCV72CCXY_SL269719,,metasub,,uncalculated,uncalculated,,,,,missing,,missing,built environment,subway,surface,,,
SRR28910918,PRJNA732392,SAMN41164445,haib17CEM5106_HCV72CCXY_SL269720,,metasub,,uncalculated,uncalculated,,,,,missing,,missing,built environment,subway,surface,,,
SRR28910829,PRJNA732392,SAMN41165061,haib17CEM5106_HCV72CCXY_SL269721,,metasub,,uncalculated,uncalculated,,,,,missing,,missing,built environment,subway,surface,,,
SRR28910819,PRJNA732392,SAMN41165135,haib17CEM5106_HCV72CCXY_SL269722,,metasub,,uncalculated,uncalculated,,,,,missing,,missing,built environment,subway,surface,,,
SRR28910892,PRJNA732392,SAMN41164875,haib17CEM5106_HCV72CCXY_SL269723,,metasub,,uncalculated,uncalculated,,,,,missing,,missing,built environment,subway,surface,,,
SRR28911626,PRJNA732392,SAMN41164854,haib17CEM5106_HCV72CCXY_SL269724,,metasub,,uncalculated,uncalculated,,,,,missing,,missing,built environment,subway,surface,,,
SRR28911512,PRJNA732392,SAMN41165216,haib17CEM5106_HCV72CCXY_SL269725,,metasub,,uncalculated,uncalculated,,,,,missing,,missing,built environment,subway,surface,,,
SRR28911126,PRJNA732392,SAMN41164450,haib17CEM5106_HCV72CCXY_SL269726,,metasub,,uncalculated,uncalculated,,,,,missing,,missing,built environment,subway,surface,,,
SRR28911552,PRJNA732392,SAMN41165115,haib17CEM5106_HCV72CCXY_SL269727,,metasub,,uncalculated,uncalculated,,,,,missing,,missing,built environment,subway,surface,,,
SRR28910870,PRJNA732392,SAMN41164959,haib17CEM5106_HCV72CCXY_SL269728,,metasub,,uncalculated,uncalculated,,,,,missing,,missing,built environment,subway,surface,,,
SRR28911186,PRJNA732392,SAMN41164588,haib17CEM5106_HCV72CCXY_SL269729,,metasub,,uncalculated,uncalculated,,,,,missing,,missing,built environment,subway,surface,,,
SRR28911344,PRJNA732392,SAMN41164482,haib17CEM5106_HCV72CCXY_SL269730,,metasub,,uncalculated,uncalculated,,,,,missing,,missing,built environment,subway,surface,,,
SRR28911128,PRJNA732392,SAMN41164835,haib17CEM5106_HCV72CCXY_SL269731,,metasub,,uncalculated,uncalculated,,,,,missing,,missing,built environment,subway,surface,,,
SRR28911032,PRJNA732392,SAMN41165181,haib17CEM5106_HCV72CCXY_SL269732,,metasub,,uncalculated,uncalculated,,,,,missing,,missing,built environment,subway,surface,,,
SRR28911635,PRJNA732392,SAMN41164781,haib17CEM5106_HCV72CCXY_SL269733,,metasub,,uncalculated,uncalculated,,,,,missing,,missing,built environment,subway,surface,,,
SRR28911243,PRJNA732392,SAMN41164699,haib17CEM5106_HCV72CCXY_SL269734,,metasub,,uncalculated,uncalculated,,,,,missing,,missing,built environment,subway,surface,,,
SRR28911366,PRJNA732392,SAMN41165072,haib17CEM5106_HCV72CCXY_SL269735,,metasub,,uncalculated,uncalculated,,,,,missing,,missing,built environment,subway,surface,,,
SRR28910772,PRJNA732392,SAMN41164497,haib17CEM5106_HCV72CCXY_SL269736,,metasub,,uncalculated,uncalculated,,,,,missing,,missing,built environment,subway,surface,,,
SRR28911380,PRJNA732392,SAMN41164995,haib17CEM5106_HCV72CCXY_SL269737,,metasub,,uncalculated,uncalculated,,,,,missing,,missing,built environment,subway,surface,,,
SRR28911361,PRJNA732392,SAMN41164474,haib17CEM5106_HCV72CCXY_SL269738,,metasub,,uncalculated,uncalculated,,,,,missing,,missing,built environment,subway,surface,,,
SRR28910881,PRJNA732392,SAMN41164885,haib17CEM5106_HCV72CCXY_SL269739,,metasub,,uncalculated,uncalculated,,,,,missing,,missing,built environment,subway,surface,,,
SRR28911288,PRJNA732392,SAMN41164594,haib17CEM5106_HCV72CCXY_SL269740,,metasub,,uncalculated,uncalculated,,,,,missing,,missing,built environment,subway,surface,,,
SRR28911309,PRJNA732392,SAMN41165253,haib17CEM5106_HCV72CCXY_SL269741,,metasub,,uncalculated,uncalculated,,,,,missing,,missing,built environment,subway,surface,,,
SRR28910927,PRJNA732392,SAMN41164713,haib17CEM5106_HCV72CCXY_SL269742,,metasub,,uncalculated,uncalculated,,,,,missing,,missing,built environment,subway,surface,,,
SRR28911414,PRJNA732392,SAMN41164899,haib17CEM5106_HCV72CCXY_SL269743,,metasub,,uncalculated,uncalculated,,,,,missing,,missing,built environment,subway,surface,,,
SRR28911590,PRJNA732392,SAMN41164951,haib17CEM5106_HCV72CCXY_SL269744,,metasub,,uncalculated,uncalculated,,,,,missing,,missing,built environment,subway,surface,,,
SRR28911221,PRJNA732392,SAMN41164513,haib17CEM5106_HCV72CCXY_SL269745,,metasub,,uncalculated,uncalculated,,,,,missing,,missing,built environment,subway,surface,,,
SRR28911296,PRJNA732392,SAMN41164501,haib17CEM5106_HCV72CCXY_SL269746,,metasub,,uncalculated,uncalculated,,,,,missing,,missing,built environment,subway,surface,,,
SRR28911363,PRJNA732392,SAMN41165075,haib17CEM5106_HCV72CCXY_SL269747,,metasub,,uncalculated,uncalculated,,,,,missing,,missing,built environment,subway,surface,,,
SRR28911212,PRJNA732392,SAMN41164521,haib17CEM5106_HCV72CCXY_SL269748,,metasub,,uncalculated,uncalculated,,,,,missing,,missing,built environment,subway,surface,,,
SRR28910876,PRJNA732392,SAMN41164889,haib17CEM5106_HCV72CCXY_SL269749,,metasub,,uncalculated,uncalculated,,,,,missing,,missing,built environment,subway,surface,,,
SRR28911550,PRJNA732392,SAMN41164478,haib17CEM5106_HCV72CCXY_SL269750,,metasub,,uncalculated,uncalculated,,,,,missing,,missing,built environment,subway,surface,,,
SRR28911279,PRJNA732392,SAMN41164602,haib17CEM5106_HCV72CCXY_SL269751,,metasub,,uncalculated,uncalculated,,,,,missing,,missing,built environment,subway,surface,,,
SRR28910944,PRJNA732392,SAMN41164633,haib17CEM5106_HCV72CCXY_SL269752,,metasub,,uncalculated,uncalculated,,,,,missing,,missing,built environment,subway,surface,,,
SRR28910888,PRJNA732392,SAMN41164878,haib17CEM5106_HCV72CCXY_SL269753,,metasub,,uncalculated,uncalculated,,,,,missing,,missing,built environment,subway,surface,,,
SRR28910752,PRJNA732392,SAMN41165325,haib17CEM5106_HCV72CCXY_SL269754,,metasub,,uncalculated,uncalculated,,,,,missing,,missing,built environment,subway,surface,,,
SRR28911627,PRJNA732392,SAMN41164853,haib17CEM5106_HCV72CCXY_SL269755,,metasub,,uncalculated,uncalculated,,,,,missing,,missing,built environment,subway,surface,,,
SRR28911203,PRJNA732392,SAMN41164573,haib17CEM5106_HCV72CCXY_SL269756,,metasub,,uncalculated,uncalculated,,,,,missing,,missing,built environment,subway,surface,,,
SRR28911109,PRJNA732392,SAMN41164458,haib17CEM5106_HCV72CCXY_SL269757,,metasub,,uncalculated,uncalculated,,,,,missing,,missing,built environment,subway,surface,,,
SRR28910781,PRJNA732392,SAMN41165234,haib17CEM5106_HCV72CCXY_SL269758,,metasub,,uncalculated,uncalculated,,,,,missing,,missing,built environment,subway,surface,,,
SRR28911431,PRJNA732392,SAMN41164818,haib17CEM5106_HCV72CCXY_SL269759,,metasub,,uncalculated,uncalculated,,,,,missing,,missing,built environment,subway,surface,,,
SRR28910912,PRJNA732392,SAMN41164792,haib17CEM5106_HCV72CCXY_SL269760,,metasub,,uncalculated,uncalculated,,,,,missing,,missing,built environment,subway,surface,,,
SRR28911165,PRJNA732392,SAMN41164672,haib17CEM5106_HCV72CCXY_SL269761,,metasub,,uncalculated,uncalculated,,,,,missing,,missing,built environment,subway,surface,,,
SRR28910832,PRJNA732392,SAMN41165058,haib17CEM5106_HCV72CCXY_SL269762,,metasub,,uncalculated,uncalculated,,,,,missing,,missing,built environment,subway,surface,,,
SRR28911367,PRJNA732392,SAMN41165071,haib17CEM5106_HCV72CCXY_SL269763,,metasub,,uncalculated,uncalculated,,,,,missing,,missing,built environment,subway,surface,,,
SRR28911163,PRJNA732392,SAMN41164674,haib17CEM5106_HCV72CCXY_SL269764,,metasub,,uncalculated,uncalculated,,,,,missing,,missing,built environment,subway,surface,,,
SRR28910828,PRJNA732392,SAMN41165062,haib17CEM5106_HCV72CCXY_SL269765,,metasub,,uncalculated,uncalculated,,,,,missing,,missing,built environment,subway,surface,,,
SRR28911018,PRJNA732392,SAMN41165194,haib17CEM5106_HCV72CCXY_SL269766,,metasub,,uncalculated,uncalculated,,,,,missing,,missing,built environment,subway,surface,,,
SRR28911115,PRJNA732392,SAMN41164451,haib17CEM5106_HCV72CCXY_SL269767,,metasub,,uncalculated,uncalculated,,,,,missing,,missing,built environment,subway,surface,,,
SRR28911067,PRJNA732392,SAMN41165019,haib17CEM5106_HCV72CCXY_SL269768,,metasub,,uncalculated,uncalculated,,,,,missing,,missing,built environment,subway,surface,,,
SRR28910774,PRJNA732392,SAMN41165306,haib17CEM5106_HCV72CCXY_SL269769,,metasub,,uncalculated,uncalculated,,,,,missing,,missing,built environment,subway,surface,,,
SRR28910893,PRJNA732392,SAMN41164874,haib17CEM5106_HCV72CCXY_SL269770,,metasub,,uncalculated,uncalculated,,,,,missing,,missing,built environment,subway,surface,,,
SRR28910786,PRJNA732392,SAMN41165229,haib17CEM5106_HCV72CCXY_SL269771,,metasub,,uncalculated,uncalculated,,,,,missing,,missing,built environment,subway,surface,,,
SRR28911467,PRJNA732392,SAMN41164721,haib17CEM5106_HCV72CCXY_SL269772,,metasub,,uncalculated,uncalculated,,,,,missing,,missing,built environment,subway,surface,,,
SRR28910864,PRJNA732392,SAMN41164965,haib17CEM5106_HCV72CCXY_SL269773,,metasub,,uncalculated,uncalculated,,,,,missing,,missing,built environment,subway,surface,,,
SRR28910804,PRJNA732392,SAMN41165148,haib17CEM5106_HCV72CCXY_SL269774,,metasub,,uncalculated,uncalculated,,,,,missing,,missing,built environment,subway,surface,,,
SRR28911614,PRJNA732392,SAMN41164865,haib17CEM5106_HCV72CCXY_SL269775,,metasub,,uncalculated,uncalculated,,,,,missing,,missing,built environment,subway,surface,,,
SRR28911246,PRJNA732392,SAMN41164436,haib17CEM5106_HCV72CCXY_SL269776,,metasub,,uncalculated,uncalculated,,,,,missing,,missing,built environment,subway,surface,,,
SRR28910988,PRJNA732392,SAMN41164528,haib17CEM5106_HCV72CCXY_SL269777,,metasub,,uncalculated,uncalculated,,,,,missing,,missing,built environment,subway,surface,,,
SRR28910908,PRJNA732392,SAMN41164796,haib17CEM5106_HCV72CCXY_SL269778,,metasub,,uncalculated,uncalculated,,,,,missing,,missing,built environment,subway,surface,,,
SRR28911633,PRJNA732392,SAMN41164783,haib17CEM5106_HCV72CCXY_SL269779,,metasub,,uncalculated,uncalculated,,,,,missing,,missing,built environment,subway,surface,,,
SRR28911521,PRJNA732392,SAMN41165207,haib17CEM5106_HCV72CCXY_SL269780,,metasub,,uncalculated,uncalculated,,,,,missing,,missing,built environment,subway,surface,,,
SRR28910933,PRJNA732392,SAMN41164707,haib17CEM5106_HCV72CCXY_SL269781,,metasub,,uncalculated,uncalculated,,,,,missing,,missing,built environment,subway,surface,,,
SRR28911356,PRJNA732392,SAMN41165081,haib17CEM5106_HCV72CCXY_SL269782,,metasub,,uncalculated,uncalculated,,,,,missing,,missing,built environment,subway,surface,,,
SRR28911513,PRJNA732392,SAMN41165215,haib17CEM5106_HCV72CCXY_SL269783,,metasub,,uncalculated,uncalculated,,,,,missing,,missing,built environment,subway,surface,,,
SRR28911516,PRJNA732392,SAMN41165212,haib17CEM5106_HCV72CCXY_SL269784,,metasub,,uncalculated,uncalculated,,,,,missing,,missing,built environment,subway,surface,,,
SRR28911494,PRJNA732392,SAMN41165297,haib17CEM5106_HCV72CCXY_SL269785,,metasub,,uncalculated,uncalculated,,,,,missing,,missing,built environment,subway,surface,,,
SRR28911025,PRJNA732392,SAMN41165187,haib17CEM5106_HCV72CCXY_SL269786,,metasub,,uncalculated,uncalculated,,,,,missing,,missing,built environment,subway,surface,,,
SRR28911242,PRJNA732392,SAMN41164765,haib17CEM5106_HCV72CCXY_SL269787,,metasub,,uncalculated,uncalculated,,,,,missing,,missing,built environment,subway,surface,,,
SRR28910924,PRJNA732392,SAMN41164716,haib17CEM5106_HCV72CCXY_SL269788,,metasub,,uncalculated,uncalculated,,,,,missing,,missing,built environment,subway,surface,,,
SRR28911323,PRJNA732392,SAMN41165240,haib17CEM5106_HCV72CCXY_SL269789,,metasub,,uncalculated,uncalculated,,,,,missing,,missing,built environment,subway,surface,,,
SRR28911069,PRJNA732392,SAMN41165017,haib17CEM5106_HCV72CCXY_SL269790,,metasub,,uncalculated,uncalculated,,,,,missing,,missing,built environment,subway,surface,,,
SRR28910731,PRJNA732392,SAMN41164566,haib17CEM5106_HCV72CCXY_SL269791,,metasub,,uncalculated,uncalculated,,,,,missing,,missing,built environment,subway,surface,,,
SRR28911471,PRJNA732392,SAMN41164653,haib17CEM5106_HCV72CCXY_SL269792,,metasub,,uncalculated,uncalculated,,,,,missing,,missing,built environment,subway,surface,,,
SRR28911338,PRJNA732392,SAMN41165162,haib17CEM5106_HCV72CCXY_SL269793,,metasub,,uncalculated,uncalculated,,,,,missing,,missing,built environment,subway,surface,,,
SRR28910857,PRJNA732392,SAMN41164971,haib17CEM5106_HCV72CCXY_SL269794,,metasub,,uncalculated,uncalculated,,,,,missing,,missing,built environment,subway,surface,,,
SRR28911280,PRJNA732392,SAMN41164601,haib17CEM5106_HCV72CCXY_SL269795,,metasub,,uncalculated,uncalculated,,,,,missing,,missing,built environment,subway,surface,,,
SRR28911530,PRJNA732392,SAMN41165200,haib17CEM5106_HCV72CCXY_SL269796,,metasub,,uncalculated,uncalculated,,,,,missing,,missing,built environment,subway,surface,,,
SRR28911525,PRJNA732392,SAMN41165205,haib17CEM5106_HCV72CCXY_SL269797,,metasub,,uncalculated,uncalculated,,,,,missing,,missing,built environment,subway,surface,,,
SRR28910980,PRJNA732392,SAMN41164536,haib17CEM5106_HCV72CCXY_SL269798,,metasub,,uncalculated,uncalculated,,,,,missing,,missing,built environment,subway,surface,,,
SRR28911143,PRJNA732392,SAMN41164442,haib17CEM5106_HCV72CCXY_SL269799,,metasub,,uncalculated,uncalculated,,,,,missing,,missing,built environment,subway,surface,,,
SRR28911547,PRJNA732392,SAMN41165119,haib17CEM5106_HCV72CCXY_SL269800,,metasub,,uncalculated,uncalculated,,,,,missing,,missing,built environment,subway,surface,,,
SRR28911153,PRJNA732392,SAMN41164747,haib17CEM5106_HCV72CCXY_SL269801,,metasub,,uncalculated,uncalculated,,,,,missing,,missing,built environment,subway,surface,,,
SRR28911592,PRJNA732392,SAMN41164949,haib17CEM5106_HCV72CCXY_SL269802,,metasub,,uncalculated,uncalculated,,,,,missing,,missing,built environment,subway,surface,,,
SRR28911057,PRJNA732392,SAMN41165094,haib17CEM5106_HCV72CCXY_SL269803,,metasub,,uncalculated,uncalculated,,,,,missing,,missing,built environment,subway,surface,,,
SRR28910975,PRJNA732392,SAMN41164540,haib17CEM5106_HCV72CCXY_SL269804,,metasub,,uncalculated,uncalculated,,,,,missing,,missing,built environment,subway,surface,,,
SRR28911092,PRJNA732392,SAMN41164932,haib17CEM5106_HCV72CCXY_SL269805,,metasub,,uncalculated,uncalculated,,,,,missing,,missing,built environment,subway,surface,,,
SRR28911022,PRJNA732392,SAMN41165190,haib17CEM5106_HCV72CCXY_SL269806,,metasub,,uncalculated,uncalculated,,,,,missing,,missing,built environment,subway,surface,,,
SRR28910729,PRJNA732392,SAMN41164567,haib17CEM5106_HCV72CCXY_SL269807,,metasub,,uncalculated,uncalculated,,,,,missing,,missing,built environment,subway,surface,,,
SRR28911536,PRJNA732392,SAMN41165129,haib17CEM5106_HCV72CCXY_SL269808,,metasub,,uncalculated,uncalculated,,,,,missing,,missing,built environment,subway,surface,,,
SRR28911240,PRJNA732392,SAMN41164443,haib17CEM5106_HCV72CCXY_SL269809,,metasub,,uncalculated,uncalculated,,,,,missing,,missing,built environment,subway,surface,,,
SRR28911232,PRJNA732392,SAMN41164774,haib17CEM5106_HCV72CCXY_SL269810,,metasub,,uncalculated,uncalculated,,,,,missing,,missing,built environment,subway,surface,,,
SRR28910860,PRJNA732392,SAMN41164968,haib17CEM5106_HCV72CCXY_SL269811,,metasub,,uncalculated,uncalculated,,,,,missing,,missing,built environment,subway,surface,,,
SRR28911037,PRJNA732392,SAMN41164484,haib17CEM5106_HCVMTCCXY_SL269524,,metasub,,uncalculated,uncalculated,,,,,missing,,missing,built environment,subway,surface,,,
SRR28910989,PRJNA732392,SAMN41164527,haib17CEM5106_HCVMTCCXY_SL269525,,metasub,,uncalculated,uncalculated,,,,,missing,,missing,built environment,subway,surface,,,
SRR28911332,PRJNA732392,SAMN41165167,haib17CEM5106_HCVMTCCXY_SL269526,,metasub,,uncalculated,uncalculated,,,,,missing,,missing,built environment,subway,surface,,,
SRR28910820,PRJNA732392,SAMN41165134,haib17CEM5106_HCVMTCCXY_SL269527,,metasub,,uncalculated,uncalculated,,,,,missing,,missing,built environment,subway,surface,,,
SRR28910965,PRJNA732392,SAMN41164614,haib17CEM5106_HCVMTCCXY_SL269528,,metasub,,uncalculated,uncalculated,,,,,missing,,missing,built environment,subway,surface,,,
SRR28911301,PRJNA732392,SAMN41165260,haib17CEM5106_HCVMTCCXY_SL269529,,metasub,,uncalculated,uncalculated,,,,,missing,,missing,built environment,subway,surface,,,
SRR28911593,PRJNA732392,SAMN41164948,haib17CEM5106_HCVMTCCXY_SL269530,,metasub,,uncalculated,uncalculated,,,,,missing,,missing,built environment,subway,surface,,,
SRR28911569,PRJNA732392,SAMN41165035,haib17CEM5106_HCVMTCCXY_SL269531,,metasub,,uncalculated,uncalculated,,,,,missing,,missing,built environment,subway,surface,,,
SRR28911606,PRJNA732392,SAMN41164872,haib17CEM5106_HCVMTCCXY_SL269532,,metasub,,uncalculated,uncalculated,,,,,missing,,missing,built environment,subway,surface,,,
SRR28910866,PRJNA732392,SAMN41164963,haib17CEM5106_HCVMTCCXY_SL269533,,metasub,,uncalculated,uncalculated,,,,,missing,,missing,built environment,subway,surface,,,
SRR28911498,PRJNA732392,SAMN41165294,haib17CEM5106_HCVMTCCXY_SL269534,,metasub,,uncalculated,uncalculated,,,,,missing,,missing,built environment,subway,surface,,,
SRR28911428,PRJNA732392,SAMN41164821,haib17CEM5106_HCVMTCCXY_SL269535,,metasub,,uncalculated,uncalculated,,,,,missing,,missing,built environment,subway,surface,,,
SRR28911483,PRJNA732392,SAMN41164642,haib17CEM5106_HCVMTCCXY_SL269536,,metasub,,uncalculated,uncalculated,,,,,missing,,missing,built environment,subway,surface,,,
SRR28910948,PRJNA732392,SAMN41164629,haib17CEM5106_HCVMTCCXY_SL269537,,metasub,,uncalculated,uncalculated,,,,,missing,,missing,built environment,subway,surface,,,
SRR28910746,PRJNA732392,SAMN41164552,haib17CEM5106_HCVMTCCXY_SL269538,,metasub,,uncalculated,uncalculated,,,,,missing,,missing,built environment,subway,surface,,,
SRR28911168,PRJNA732392,SAMN41164669,haib17CEM5106_HCVMTCCXY_SL269539,,metasub,,uncalculated,uncalculated,,,,,missing,,missing,built environment,subway,surface,,,
SRR28911234,PRJNA732392,SAMN41164772,haib17CEM5106_HCVMTCCXY_SL269540,,metasub,,uncalculated,uncalculated,,,,,missing,,missing,built environment,subway,surface,,,
SRR28911328,PRJNA732392,SAMN41165171,haib17CEM5106_HCVMTCCXY_SL269541,,metasub,,uncalculated,uncalculated,,,,,missing,,missing,built environment,subway,surface,,,
SRR28911150,PRJNA732392,SAMN41164750,haib17CEM5106_HCVMTCCXY_SL269542,,metasub,,uncalculated,uncalculated,,,,,missing,,missing,built environment,subway,surface,,,
SRR28910793,PRJNA732392,SAMN41165223,haib17CEM5106_HCVMTCCXY_SL269543,,metasub,,uncalculated,uncalculated,,,,,missing,,missing,built environment,subway,surface,,,
SRR28911329,PRJNA732392,SAMN41165170,haib17CEM5106_HCVMTCCXY_SL269544,,metasub,,uncalculated,uncalculated,,,,,missing,,missing,built environment,subway,surface,,,
SRR28911046,PRJNA732392,SAMN41165104,haib17CEM5106_HCVMTCCXY_SL269545,,metasub,,uncalculated,uncalculated,,,,,missing,,missing,built environment,subway,surface,,,
SRR28911636,PRJNA732392,SAMN41164780,haib17CEM5106_HCVMTCCXY_SL269546,,metasub,,uncalculated,uncalculated,,,,,missing,,missing,built environment,subway,surface,,,
SRR28911080,PRJNA732392,SAMN41165007,haib17CEM5106_HCVMTCCXY_SL269547,,metasub,,uncalculated,uncalculated,,,,,missing,,missing,built environment,subway,surface,,,
SRR28911249,PRJNA732392,SAMN41164694,haib17CEM5106_HCVMTCCXY_SL269548,,metasub,,uncalculated,uncalculated,,,,,missing,,missing,built environment,subway,surface,,,
SRR28910936,PRJNA732392,SAMN41164706,haib17CEM5106_HCVMTCCXY_SL269549,,metasub,,uncalculated,uncalculated,,,,,missing,,missing,built environment,subway,surface,,,
SRR28910966,PRJNA732392,SAMN41164613,haib17CEM5106_HCVMTCCXY_SL269550,,metasub,,uncalculated,uncalculated,,,,,missing,,missing,built environment,subway,surface,,,
SRR28911423,PRJNA732392,SAMN41164826,haib17CEM5106_HCVMTCCXY_SL269551,,metasub,,uncalculated,uncalculated,,,,,missing,,missing,built environment,subway,surface,,,
SRR28910897,PRJNA732392,SAMN41164806,haib17CEM5106_HCVMTCCXY_SL269552,,metasub,,uncalculated,uncalculated,,,,,missing,,missing,built environment,subway,surface,,,
SRR28910896,PRJNA732392,SAMN41164411,haib17CEM5106_HCVMTCCXY_SL269553,,metasub,,uncalculated,uncalculated,,,,,missing,,missing,built environment,subway,surface,,,
SRR28910883,PRJNA732392,SAMN41164883,haib17CEM5106_HCVMTCCXY_SL269554,,metasub,,uncalculated,uncalculated,,,,,missing,,missing,built environment,subway,surface,,,
SRR28911075,PRJNA732392,SAMN41165012,haib17CEM5106_HCVMTCCXY_SL269555,,metasub,,uncalculated,uncalculated,,,,,missing,,missing,built environment,subway,surface,,,
SRR28911379,PRJNA732392,SAMN41164996,haib17CEM5106_HCVMTCCXY_SL269556,,metasub,,uncalculated,uncalculated,,,,,missing,,missing,built environment,subway,surface,,,
SRR28910812,PRJNA732392,SAMN41165141,haib17CEM5106_HCVMTCCXY_SL269557,,metasub,,uncalculated,uncalculated,,,,,missing,,missing,built environment,subway,surface,,,
SRR28911045,PRJNA732392,SAMN41165105,haib17CEM5106_HCVMTCCXY_SL269558,,metasub,,uncalculated,uncalculated,,,,,missing,,missing,built environment,subway,surface,,,
SRR28911182,PRJNA732392,SAMN41164432,haib17CEM5106_HCVMTCCXY_SL269559,,metasub,,uncalculated,uncalculated,,,,,missing,,missing,built environment,subway,surface,,,
SRR28911559,PRJNA732392,SAMN41165044,haib17CEM5106_HCVMTCCXY_SL269560,,metasub,,uncalculated,uncalculated,,,,,missing,,missing,built environment,subway,surface,,,
SRR28911381,PRJNA732392,SAMN41164994,haib17CEM5106_HCVMTCCXY_SL269561,,metasub,,uncalculated,uncalculated,,,,,missing,,missing,built environment,subway,surface,,,
SRR28910926,PRJNA732392,SAMN41164714,haib17CEM5106_HCVMTCCXY_SL269562,,metasub,,uncalculated,uncalculated,,,,,missing,,missing,built environment,subway,surface,,,
SRR28911123,PRJNA732392,SAMN41164839,haib17CEM5106_HCVMTCCXY_SL269563,,metasub,,uncalculated,uncalculated,,,,,missing,,missing,built environment,subway,surface,,,
SRR28911397,PRJNA732392,SAMN41164914,haib17CEM5106_HCVMTCCXY_SL269564,,metasub,,uncalculated,uncalculated,,,,,missing,,missing,built environment,subway,surface,,,
SRR28910861,PRJNA732392,SAMN41164967,haib17CEM5106_HCVMTCCXY_SL269565,,metasub,,uncalculated,uncalculated,,,,,missing,,missing,built environment,subway,surface,,,
SRR28911144,PRJNA732392,SAMN41164756,haib17CEM5106_HCVMTCCXY_SL269566,,metasub,,uncalculated,uncalculated,,,,,missing,,missing,built environment,subway,surface,,,
SRR28911159,PRJNA732392,SAMN41164677,haib17CEM5106_HCVMTCCXY_SL269567,,metasub,,uncalculated,uncalculated,,,,,missing,,missing,built environment,subway,surface,,,
SRR28911081,PRJNA732392,SAMN41164467,haib17CEM5106_HCVMTCCXY_SL269568,,metasub,,uncalculated,uncalculated,,,,,missing,,missing,built environment,subway,surface,,,
SRR28911515,PRJNA732392,SAMN41165213,haib17CEM5106_HCVMTCCXY_SL269569,,metasub,,uncalculated,uncalculated,,,,,missing,,missing,built environment,subway,surface,,,
SRR28910920,PRJNA732392,SAMN41164719,haib17CEM5106_HCVMTCCXY_SL269570,,metasub,,uncalculated,uncalculated,,,,,missing,,missing,built environment,subway,surface,,,
SRR28911400,PRJNA732392,SAMN41164911,haib17CEM5106_HCVMTCCXY_SL269571,,metasub,,uncalculated,uncalculated,,,,,missing,,missing,built environment,subway,surface,,,
SRR28911342,PRJNA732392,SAMN41165158,haib17CEM5106_HCVMTCCXY_SL269572,,metasub,,uncalculated,uncalculated,,,,,missing,,missing,built environment,subway,surface,,,
SRR28911514,PRJNA732392,SAMN41165214,haib17CEM5106_HCVMTCCXY_SL269573,,metasub,,uncalculated,uncalculated,,,,,missing,,missing,built environment,subway,surface,,,
SRR28911444,PRJNA732392,SAMN41164742,haib17CEM5106_HCVMTCCXY_SL269574,,metasub,,uncalculated,uncalculated,,,,,missing,,missing,built environment,subway,surface,,,
SRR28911563,PRJNA732392,SAMN41165040,haib17CEM5106_HCVMTCCXY_SL269575,,metasub,,uncalculated,uncalculated,,,,,missing,,missing,built environment,subway,surface,,,
SRR28911218,PRJNA732392,SAMN41164516,haib17CEM5106_HCVMTCCXY_SL269576,,metasub,,uncalculated,uncalculated,,,,,missing,,missing,built environment,subway,surface,,,
SRR28911121,PRJNA732392,SAMN41164841,haib17CEM5106_HCVMTCCXY_SL269577,,metasub,,uncalculated,uncalculated,,,,,missing,,missing,built environment,subway,surface,,,
SRR28910846,PRJNA732392,SAMN41165046,haib17CEM5106_HCVMTCCXY_SL269578,,metasub,,uncalculated,uncalculated,,,,,missing,,missing,built environment,subway,surface,,,
SRR28911010,PRJNA732392,SAMN41165266,haib17CEM5106_HCVMTCCXY_SL269579,,metasub,,uncalculated,uncalculated,,,,,missing,,missing,built environment,subway,surface,,,
SRR28910792,PRJNA732392,SAMN41165224,haib17CEM5106_HCVMTCCXY_SL269580,,metasub,,uncalculated,uncalculated,,,,,missing,,missing,built environment,subway,surface,,,
SRR28911499,PRJNA732392,SAMN41165293,haib17CEM5106_HCVMTCCXY_SL269581,,metasub,,uncalculated,uncalculated,,,,,missing,,missing,built environment,subway,surface,,,
SRR28911294,PRJNA732392,SAMN41164503,haib17CEM5106_HCVMTCCXY_SL269582,,metasub,,uncalculated,uncalculated,,,,,missing,,missing,built environment,subway,surface,,,
SRR28910838,PRJNA732392,SAMN41165053,haib17CEM5106_HCVMTCCXY_SL269583,,metasub,,uncalculated,uncalculated,,,,,missing,,missing,built environment,subway,surface,,,
SRR28910852,PRJNA732392,SAMN41164976,haib17CEM5106_HCVMTCCXY_SL269584,,metasub,,uncalculated,uncalculated,,,,,missing,,missing,built environment,subway,surface,,,
SRR28911570,PRJNA732392,SAMN41165034,haib17CEM5106_HCVMTCCXY_SL269585,,metasub,,uncalculated,uncalculated,,,,,missing,,missing,built environment,subway,surface,,,
SRR28911594,PRJNA732392,SAMN41164947,haib17CEM5106_HCVMTCCXY_SL269586,,metasub,,uncalculated,uncalculated,,,,,missing,,missing,built environment,subway,surface,,,
SRR28911303,PRJNA732392,SAMN41165258,haib17CEM5106_HCVMTCCXY_SL269587,,metasub,,uncalculated,uncalculated,,,,,missing,,missing,built environment,subway,surface,,,
SRR28911619,PRJNA732392,SAMN41164860,haib17CEM5106_HCVMTCCXY_SL269588,,metasub,,uncalculated,uncalculated,,,,,missing,,missing,built environment,subway,surface,,,
SRR28910886,PRJNA732392,SAMN41164880,haib17CEM5106_HCVMTCCXY_SL269589,,metasub,,uncalculated,uncalculated,,,,,missing,,missing,built environment,subway,surface,,,
SRR28911269,PRJNA732392,SAMN41164610,haib17CEM5106_HCVMTCCXY_SL269590,,metasub,,uncalculated,uncalculated,,,,,missing,,missing,built environment,subway,surface,,,
SRR28911352,PRJNA732392,SAMN41165085,haib17CEM5106_HCVMTCCXY_SL269591,,metasub,,uncalculated,uncalculated,,,,,missing,,missing,built environment,subway,surface,,,
SRR28911348,PRJNA732392,SAMN41165088,haib17CEM5106_HCVMTCCXY_SL269592,,metasub,,uncalculated,uncalculated,,,,,missing,,missing,built environment,subway,surface,,,
SRR28911020,PRJNA732392,SAMN41165192,haib17CEM5106_HCVMTCCXY_SL269593,,metasub,,uncalculated,uncalculated,,,,,missing,,missing,built environment,subway,surface,,,
SRR28910802,PRJNA732392,SAMN41165150,haib17CEM5106_HCVMTCCXY_SL269594,,metasub,,uncalculated,uncalculated,,,,,missing,,missing,built environment,subway,surface,,,
SRR28911534,PRJNA732392,SAMN41165131,haib17CEM5106_HCVMTCCXY_SL269595,,metasub,,uncalculated,uncalculated,,,,,missing,,missing,built environment,subway,surface,,,
SRR28910835,PRJNA732392,SAMN41165056,haib17CEM5106_HCVMTCCXY_SL269596,,metasub,,uncalculated,uncalculated,,,,,missing,,missing,built environment,subway,surface,,,
SRR28911282,PRJNA732392,SAMN41164599,haib17CEM5106_HCVMTCCXY_SL269597,,metasub,,uncalculated,uncalculated,,,,,missing,,missing,built environment,subway,surface,,,
SRR28911396,PRJNA732392,SAMN41164915,haib17CEM5106_HCVMTCCXY_SL269598,,metasub,,uncalculated,uncalculated,,,,,missing,,missing,built environment,subway,surface,,,
SRR28911161,PRJNA732392,SAMN41164676,haib17CEM5106_HCVMTCCXY_SL269599,,metasub,,uncalculated,uncalculated,,,,,missing,,missing,built environment,subway,surface,,,
SRR28911321,PRJNA732392,SAMN41165242,haib17CEM5106_HCVMTCCXY_SL269600,,metasub,,uncalculated,uncalculated,,,,,missing,,missing,built environment,subway,surface,,,
SRR28911054,PRJNA732392,SAMN41164476,haib17CEM5106_HCVMTCCXY_SL269601,,metasub,,uncalculated,uncalculated,,,,,missing,,missing,built environment,subway,surface,,,
SRR28911149,PRJNA732392,SAMN41164751,haib17CEM5106_HCVMTCCXY_SL269602,,metasub,,uncalculated,uncalculated,,,,,missing,,missing,built environment,subway,surface,,,
SRR28911575,PRJNA732392,SAMN41165029,haib17CEM5106_HCVMTCCXY_SL269603,,metasub,,uncalculated,uncalculated,,,,,missing,,missing,built environment,subway,surface,,,
SRR28911531,PRJNA732392,SAMN41165199,haib17CEM5106_HCVMTCCXY_SL269604,,metasub,,uncalculated,uncalculated,,,,,missing,,missing,built environment,subway,surface,,,
SRR28910721,PRJNA732392,SAMN41164639,haib17CEM5106_HCVMTCCXY_SL269605,,metasub,,uncalculated,uncalculated,,,,,missing,,missing,built environment,subway,surface,,,
SRR28911634,PRJNA732392,SAMN41164782,haib17CEM5106_HCVMTCCXY_SL269606,,metasub,,uncalculated,uncalculated,,,,,missing,,missing,built environment,subway,surface,,,
SRR28911349,PRJNA732392,SAMN41165087,haib17CEM5106_HCVMTCCXY_SL269607,,metasub,,uncalculated,uncalculated,,,,,missing,,missing,built environment,subway,surface,,,
SRR28910818,PRJNA732392,SAMN41165136,haib17CEM5106_HCVMTCCXY_SL269608,,metasub,,uncalculated,uncalculated,,,,,missing,,missing,built environment,subway,surface,,,
SRR28911204,PRJNA732392,SAMN41164572,haib17CEM5106_HCVMTCCXY_SL269609,,metasub,,uncalculated,uncalculated,,,,,missing,,missing,built environment,subway,surface,,,
SRR28911326,PRJNA732392,SAMN41165173,haib17CEM5106_HCVMTCCXY_SL269610,,metasub,,uncalculated,uncalculated,,,,,missing,,missing,built environment,subway,surface,,,
SRR28910968,PRJNA732392,SAMN41164421,haib17CEM5106_HCVMTCCXY_SL269611,,metasub,,uncalculated,uncalculated,,,,,missing,,missing,built environment,subway,surface,,,
SRR28911399,PRJNA732392,SAMN41164912,haib17CEM5106_HCVMTCCXY_SL269612,,metasub,,uncalculated,uncalculated,,,,,missing,,missing,built environment,subway,surface,,,
SRR28910981,PRJNA732392,SAMN41164535,haib17CEM5106_HCVMTCCXY_SL269613,,metasub,,uncalculated,uncalculated,,,,,missing,,missing,built environment,subway,surface,,,
SRR28910913,PRJNA732392,SAMN41164791,haib17CEM5106_HCVMTCCXY_SL269614,,metasub,,uncalculated,uncalculated,,,,,missing,,missing,built environment,subway,surface,,,
SRR28911061,PRJNA732392,SAMN41165090,haib17CEM5106_HCVMTCCXY_SL269615,,metasub,,uncalculated,uncalculated,,,,,missing,,missing,built environment,subway,surface,,,
SRR28911287,PRJNA732392,SAMN41164595,haib17CEM5106_HCVMTCCXY_SL269616,,metasub,,uncalculated,uncalculated,,,,,missing,,missing,built environment,subway,surface,,,
SRR28911015,PRJNA732392,SAMN41164486,haib17CEM5106_HCVMTCCXY_SL269617,,metasub,,uncalculated,uncalculated,,,,,missing,,missing,built environment,subway,surface,,,
SRR28911285,PRJNA732392,SAMN41164426,haib17CEM5106_HCVMTCCXY_SL269618,,metasub,,uncalculated,uncalculated,,,,,missing,,missing,built environment,subway,surface,,,
SRR28911582,PRJNA732392,SAMN41164958,haib17CEM5106_HCVMTCCXY_SL269619,,metasub,,uncalculated,uncalculated,,,,,missing,,missing,built environment,subway,surface,,,
SRR28910737,PRJNA732392,SAMN41164560,haib17CEM5106_HCY5HCCXY_SL270903,,metasub,,United Kingdom,Europe,,,,,51.4943711 N 0.26771559 W,,6/21/17,built environment,subway,surface,,,
SRR28911487,PRJNA732392,SAMN41165304,haib17CEM5106_HCY5HCCXY_SL270904,,metasub,,United Kingdom,Europe,,,,,51.49518509 N 0.25450003 W,,6/21/17,built environment,subway,surface,,,
SRR28911200,PRJNA732392,SAMN41164576,haib17CEM5106_HCY5HCCXY_SL270906,,metasub,,United Kingdom,Europe,,,,,51.49421127 N 0.23622566 W,,6/21/17,built environment,subway,surface,,,
SRR28910862,PRJNA732392,SAMN41164463,haib17CEM5106_HCY5HCCXY_SL270907,,metasub,,United Kingdom,Europe,,,,,51.49357272 N 0.22489268 W,,6/21/17,built environment,subway,surface,,,
SRR28911376,PRJNA732392,SAMN41164998,haib17CEM5106_HCY5HCCXY_SL270908,,metasub,,United Kingdom,Europe,,,,,51.49022739 N 0.21357660 W,,6/21/17,built environment,subway,surface,,,
SRR28910811,PRJNA732392,SAMN41165142,haib17CEM5106_HCY5HCCXY_SL270909,,metasub,,United Kingdom,Europe,,,,,51.49056563 N 0.20645451 W,,6/21/17,built environment,subway,surface,,,
SRR28911345,PRJNA732392,SAMN41165156,haib17CEM5106_HCY5HCCXY_SL270910,,metasub,,United Kingdom,Europe,,,,,51.49187618 N 0.19352604 W,,6/21/17,built environment,subway,surface,,,
SRR28911506,PRJNA732392,SAMN41164495,haib17CEM5106_HCY5HCCXY_SL270911,,metasub,,United Kingdom,Europe,,,,,51.49431275 N 0.18296068 W,,6/21/17,built environment,subway,surface,,,
SRR28911255,PRJNA732392,SAMN41164688,haib17CEM5106_HCY5HCCXY_SL270912,,metasub,,United Kingdom,Europe,,,,,51.49407225 N 0.17390302 W,,6/21/17,built environment,subway,surface,,,
SRR28911419,PRJNA732392,SAMN41164895,haib17CEM5106_HCY5HCCXY_SL270913,,metasub,,United Kingdom,Europe,,,,,51.49236161 N 0.15647142 W,,6/21/17,built environment,subway,surface,,,
SRR28911118,PRJNA732392,SAMN41164844,haib17CEM5106_HCY5HCCXY_SL270914,,metasub,,United Kingdom,Europe,,,,,51.49941708 N 0.13416703 W,,6/21/17,built environment,subway,surface,,,
SRR28910898,PRJNA732392,SAMN41164805,haib17CEM5106_HCY5HCCXY_SL270915,,metasub,,United Kingdom,Europe,,,,,51.50115697 N 0.12479382 W,,6/21/17,built environment,subway,surface,,,
SRR28910899,PRJNA732392,SAMN41164804,haib17CEM5106_HCY5HCCXY_SL270916,,metasub,,United Kingdom,Europe,,,,,51.50731012 N 0.12234060 W,,6/21/17,built environment,subway,surface,,,
SRR28911286,PRJNA732392,SAMN41164596,haib17CEM5106_HCY5HCCXY_SL270917,,metasub,,United Kingdom,Europe,,,,,51.51104185 N 0.11369289 W,,6/21/17,built environment,subway,surface,,,
SRR28911394,PRJNA732392,SAMN41164982,haib17CEM5106_HCY5HCCXY_SL270918,,metasub,,United Kingdom,Europe,,,,,51.51156251 N 0.10359612 W,,6/21/17,built environment,subway,surface,,,
SRR28911276,PRJNA732392,SAMN41164605,haib17CEM5106_HCY5HCCXY_SL270919,,metasub,,United Kingdom,Europe,,,,,51.5120941 N 0.09417167 W,,6/21/17,built environment,subway,surface,,,
SRR28910795,PRJNA732392,SAMN41165221,haib17CEM5106_HCY5HCCXY_SL270920,,metasub,,United Kingdom,Europe,,,,,51.51150584 N 0.09068119 W,,6/21/17,built environment,subway,surface,,,
SRR28911466,PRJNA732392,SAMN41164722,haib17CEM5106_HCY5HCCXY_SL270921,,metasub,,United Kingdom,Europe,,,,,51.51063449 N 0.08616071 W,,6/21/17,built environment,subway,surface,,,
SRR28911104,PRJNA732392,SAMN41164921,haib17CEM5106_HCY5HCCXY_SL270922,,metasub,,United Kingdom,Europe,,,,,51.5101391 N 0.07633557 W,,6/21/17,built environment,subway,surface,,,
SRR28911577,PRJNA732392,SAMN41165027,haib17CEM5106_HCY5HCCXY_SL270923,,metasub,,United Kingdom,Europe,,,,,51.51530072 N 0.07227402 W,,6/21/17,built environment,subway,surface,,,
SRR28910902,PRJNA732392,SAMN41164801,haib17CEM5106_HCY5HCCXY_SL270924,,metasub,,United Kingdom,Europe,,,,,51.51952926 N 0.05996849 W,,6/21/17,built environment,subway,surface,,,
SRR28910960,PRJNA732392,SAMN41164618,haib17CEM5106_HCY5HCCXY_SL270925,,metasub,,United Kingdom,Europe,,,,,51.52197932 N 0.04645525 W,,6/21/17,built environment,subway,surface,,,
SRR28911160,PRJNA732392,SAMN41164434,haib17CEM5106_HCY5HCCXY_SL270926,,metasub,,United Kingdom,Europe,,,,,51.5268669 N 0.02480960 W,,6/21/17,built environment,subway,surface,,,
SRR28910834,PRJNA732392,SAMN41164472,haib17CEM5106_HCY5HCCXY_SL270927,,metasub,,United Kingdom,Europe,,,,,51.52484277 N 0.01165748 W,,6/21/17,built environment,subway,surface,,,
SRR28911402,PRJNA732392,SAMN41164909,haib17CEM5106_HCY5HCCXY_SL270928,,metasub,,United Kingdom,Europe,,,,,51.53128621 N 0.01780796 E,,6/21/17,built environment,subway,surface,,,
SRR28911529,PRJNA732392,SAMN41165201,haib17CEM5106_HCY5HCCXY_SL270929,,metasub,,United Kingdom,Europe,,,,,51.53530067 N 0.03526967 E,,6/21/17,built environment,subway,surface,,,
SRR28911447,PRJNA732392,SAMN41164739,haib17CEM5106_HCY5HCCXY_SL270930,,metasub,,United Kingdom,Europe,,,,,51.5389967 N 0.05146714 E,,6/21/17,built environment,subway,surface,,,
SRR28910904,PRJNA732392,SAMN41164799,haib17CEM5106_HCY5HCCXY_SL270931,,metasub,,United Kingdom,Europe,,,,,51.53952056 N 0.08085574 E,,6/21/17,built environment,subway,surface,,,
SRR28910865,PRJNA732392,SAMN41164964,haib17CEM5106_HCY5HCCXY_SL270932,,metasub,,United Kingdom,Europe,,,,,51.53840422 N 0.10155878 E,,6/21/17,built environment,subway,surface,,,
SRR28911066,PRJNA732392,SAMN41165020,haib17CEM5106_HCY5HCCXY_SL270933,,metasub,,United Kingdom,Europe,,,,,51.46323213 N 0.30171792 W,,6/21/17,built environment,subway,surface,,,
SRR28911112,PRJNA732392,SAMN41164849,haib17CEM5106_HCY5HCCXY_SL270934,,metasub,,United Kingdom,Europe,,,,,51.47709778 N 0.28521291 W,,6/21/17,built environment,subway,surface,,,
SRR28911162,PRJNA732392,SAMN41164675,haib17CEM5106_HCY5HCCXY_SL270935,,metasub,,United Kingdom,Europe,,,,,51.49186736 N 0.27514714 W,,6/21/17,built environment,subway,surface,,,
SRR28910841,PRJNA732392,SAMN41165050,haib17CEM5106_HCY5HCCXY_SL270936,,metasub,,United Kingdom,Europe,,,,,51.42146487 N 0.20635385 W,,6/21/17,built environment,subway,surface,,,
SRR28910985,PRJNA732392,SAMN41164531,haib17CEM5106_HCY5HCCXY_SL270937,,metasub,,United Kingdom,Europe,,,,,51.43453896 N 0.19957203 W,,6/21/17,built environment,subway,surface,,,
SRR28911629,PRJNA732392,SAMN41164851,haib17CEM5106_HCY5HCCXY_SL270938,,metasub,,United Kingdom,Europe,,,,,51.44500591 N 0.20651415 W,,6/21/17,built environment,subway,surface,,,
SRR28911565,PRJNA732392,SAMN41165038,haib17CEM5106_HCY5HCCXY_SL270939,,metasub,,United Kingdom,Europe,,,,,51.45887883 N 0.21097574 W,,6/21/17,built environment,subway,surface,,,
SRR28911632,PRJNA732392,SAMN41164784,haib17CEM5106_HCY5HCCXY_SL270940,,metasub,,United Kingdom,Europe,,,,,51.46797822 N 0.20894832 W,,6/21/17,built environment,subway,surface,,,
SRR28911624,PRJNA732392,SAMN41164856,haib17CEM5106_HCY5HCCXY_SL270941,,metasub,,United Kingdom,Europe,,,,,51.47517266 N 0.20120874 W,,6/21/17,built environment,subway,surface,,,
SRR28911270,PRJNA732392,SAMN41164609,haib17CEM5106_HCY5HCCXY_SL270942,,metasub,,United Kingdom,Europe,,,,,51.48059868 N 0.19493797 W,,6/21/17,built environment,subway,surface,,,
SRR28911350,PRJNA732392,SAMN41164475,haib17CEM5106_HCY5HCCXY_SL270943,,metasub,,United Kingdom,Europe,,,,,51.487287 N 0.195491 E,,6/21/17,built environment,subway,surface,,,
SRR28911417,PRJNA732392,SAMN41164456,haib17CEM5106_HCY5HCCXY_SL270944,,metasub,,United Kingdom,Europe,,,,,51.50074572 N 0.19248069 W,,6/21/17,built environment,subway,surface,,,
SRR28911226,PRJNA732392,SAMN41164508,haib17CEM5106_HCY5HCCXY_SL270945,,metasub,,United Kingdom,Europe,,,,,51.50913507 N 0.19651787 W,,6/21/17,built environment,subway,surface,,,
SRR28910736,PRJNA732392,SAMN41164561,haib17CEM5106_HCY5HCCXY_SL270946,,metasub,,United Kingdom,Europe,,,,,51.51229975 N 0.18800944 W,,6/21/17,built environment,subway,surface,,,
SRR28911564,PRJNA732392,SAMN41165039,haib17CEM5106_HCY5HCCXY_SL270947,,metasub,,United Kingdom,Europe,,,,,51.52025012 N 0.17010672 W,,6/21/17,built environment,subway,surface,,,
SRR28911179,PRJNA732392,SAMN41164659,haib17CEM5106_HCY5HCCXY_SL270948,,metasub,,United Kingdom,Europe,,,,,51.4943711 N 0.26771559 W,,6/21/17,built environment,subway,surface,,,
SRR28911638,PRJNA732392,SAMN41164778,haib17CEM5106_HCY5HCCXY_SL270949,,metasub,,United Kingdom,Europe,,,,,51.49518509 N 0.25450003 W,,6/21/17,built environment,subway,surface,,,
SRR28910878,PRJNA732392,SAMN41164887,haib17CEM5106_HCY5HCCXY_SL270950,,metasub,,United Kingdom,Europe,,,,,51.49486533 N 0.24542189 W,,6/21/17,built environment,subway,surface,,,
SRR28910932,PRJNA732392,SAMN41164708,haib17CEM5106_HCY5HCCXY_SL270951,,metasub,,United Kingdom,Europe,,,,,51.49421127 N 0.23622566 W,,6/21/17,built environment,subway,surface,,,
SRR28911404,PRJNA732392,SAMN41164907,haib17CEM5106_HCY5HCCXY_SL270952,,metasub,,United Kingdom,Europe,,,,,51.49357272 N 0.22489268 W,,6/21/17,built environment,subway,surface,,,
SRR28911422,PRJNA732392,SAMN41164449,haib17CEM5106_HCY5HCCXY_SL270953,,metasub,,United Kingdom,Europe,,,,,51.49022739 N 0.21357660 W,,6/21/17,built environment,subway,surface,,,
SRR28911292,PRJNA732392,SAMN41164505,haib17CEM5106_HCY5HCCXY_SL270954,,metasub,,United Kingdom,Europe,,,,,51.49056563 N 0.20645451 W,,6/21/17,built environment,subway,surface,,,
SRR28910735,PRJNA732392,SAMN41164562,haib17CEM5106_HCY5HCCXY_SL270955,,metasub,,United Kingdom,Europe,,,,,51.49187618 N 0.19352604 W,,6/21/17,built environment,subway,surface,,,
SRR28911472,PRJNA732392,SAMN41164652,haib17CEM5106_HCY5HCCXY_SL270956,,metasub,,United Kingdom,Europe,,,,,51.49431275 N 0.18296068 W,,6/21/17,built environment,subway,surface,,,
SRR28911268,PRJNA732392,SAMN41164611,haib17CEM5106_HCY5HCCXY_SL270957,,metasub,,United Kingdom,Europe,,,,,51.49407225 N 0.17390302 W,,6/21/17,built environment,subway,surface,,,
SRR28911257,PRJNA732392,SAMN41164435,haib17CEM5106_HCY5HCCXY_SL270958,,metasub,,United Kingdom,Europe,,,,,51.49236161 N 0.15647142 W,,6/21/17,built environment,subway,surface,,,
SRR28911156,PRJNA732392,SAMN41164745,haib17CEM5106_HCY5HCCXY_SL270959,,metasub,,United Kingdom,Europe,,,,,51.49641574 N 0.14382851 W,,6/21/17,built environment,subway,surface,,,
SRR28911528,PRJNA732392,SAMN41165202,haib17CEM5106_HCY5HCCXY_SL270960,,metasub,,United Kingdom,Europe,,,,,51.49941708 N 0.13416703 W,,6/21/17,built environment,subway,surface,,,
SRR28911084,PRJNA732392,SAMN41165005,haib17CEM5106_HCY5HCCXY_SL270961,,metasub,,United Kingdom,Europe,,,,,51.50115697 N 0.12479382 W,,6/21/17,built environment,subway,surface,,,
SRR28911210,PRJNA732392,SAMN41164523,haib17CEM5106_HCY5HCCXY_SL270962,,metasub,,United Kingdom,Europe,,,,,51.50731012 N 0.12234060 W,,6/21/17,built environment,subway,surface,,,
SRR28911639,PRJNA732392,SAMN41164777,haib17CEM5106_HCY5HCCXY_SL270963,,metasub,,United Kingdom,Europe,,,,,51.51104185 N 0.11369289 W,,6/21/17,built environment,subway,surface,,,
SRR28911382,PRJNA732392,SAMN41164993,haib17CEM5106_HCY5HCCXY_SL270964,,metasub,,United Kingdom,Europe,,,,,51.51156251 N 0.10359612 W,,6/21/17,built environment,subway,surface,,,
SRR28910914,PRJNA732392,SAMN41164790,haib17CEM5106_HCY5HCCXY_SL270965,,metasub,,United Kingdom,Europe,,,,,51.5120941 N 0.09417167 W,,6/21/17,built environment,subway,surface,,,
SRR28911511,PRJNA732392,SAMN41164488,haib17CEM5106_HCY5HCCXY_SL270966,,metasub,,United Kingdom,Europe,,,,,51.51150584 N 0.09068119 W,,6/21/17,built environment,subway,surface,,,
SRR28911079,PRJNA732392,SAMN41165008,haib17CEM5106_HCY5HCCXY_SL270967,,metasub,,United Kingdom,Europe,,,,,51.51063449 N 0.08616071 W,,6/21/17,built environment,subway,surface,,,
SRR28911088,PRJNA732392,SAMN41164936,haib17CEM5106_HCY5HCCXY_SL270968,,metasub,,United Kingdom,Europe,,,,,51.5101391 N 0.07633557 W,,6/21/17,built environment,subway,surface,,,
SRR28911598,PRJNA732392,SAMN41164944,haib17CEM5106_HCY5HCCXY_SL270969,,metasub,,United Kingdom,Europe,,,,,51.51530072 N 0.07227402 W,,6/21/17,built environment,subway,surface,,,
SRR28910982,PRJNA732392,SAMN41164534,haib17CEM5106_HCY5HCCXY_SL270970,,metasub,,United Kingdom,Europe,,,,,51.51952926 N 0.05996849 W,,6/21/17,built environment,subway,surface,,,
SRR28911576,PRJNA732392,SAMN41165028,haib17CEM5106_HCY5HCCXY_SL270971,,metasub,,United Kingdom,Europe,,,,,51.52197932 N 0.04645525 W,,6/21/17,built environment,subway,surface,,,
SRR28910796,PRJNA732392,SAMN41165220,haib17CEM5106_HCY5HCCXY_SL270972,,metasub,,United Kingdom,Europe,,,,,51.52516227 N 0.03340053 W,,6/21/17,built environment,subway,surface,,,
SRR28911039,PRJNA732392,SAMN41165109,haib17CEM5106_HCY5HCCXY_SL270973,,metasub,,United Kingdom,Europe,,,,,51.5268669 N 0.02480960 W,,6/21/17,built environment,subway,surface,,,
SRR28911637,PRJNA732392,SAMN41164779,haib17CEM5106_HCY5HCCXY_SL270974,,metasub,,United Kingdom,Europe,,,,,51.52484277 N 0.01165748 W,,6/21/17,built environment,subway,surface,,,
SRR28911403,PRJNA732392,SAMN41164908,haib17CEM5106_HCY5HCCXY_SL270975,,metasub,,United Kingdom,Europe,,,,,51.52825723 N 0.00504056 E,,6/21/17,built environment,subway,surface,,,
SRR28911330,PRJNA732392,SAMN41165169,haib17CEM5106_HCY5HCCXY_SL270976,,metasub,,United Kingdom,Europe,,,,,51.53128621 N 0.01780796 E,,6/21/17,built environment,subway,surface,,,
SRR28911293,PRJNA732392,SAMN41164504,haib17CEM5106_HCY5HCCXY_SL270977,,metasub,,United Kingdom,Europe,,,,,51.53530067 N 0.03526967 E,,6/21/17,built environment,subway,surface,,,
SRR28910771,PRJNA732392,SAMN41165307,haib17CEM5106_HCY5HCCXY_SL270978,,metasub,,United Kingdom,Europe,,,,,51.5389967 N 0.05146714 E,,6/21/17,built environment,subway,surface,,,
SRR28910929,PRJNA732392,SAMN41164711,haib17CEM5106_HCY5HCCXY_SL270979,,metasub,,United Kingdom,Europe,,,,,51.53952056 N 0.08085574 E,,6/21/17,built environment,subway,surface,,,
SRR28911413,PRJNA732392,SAMN41164900,haib17CEM5106_HCY5HCCXY_SL270980,,metasub,,United Kingdom,Europe,,,,,51.53840422 N 0.10155878 E,,6/21/17,built environment,subway,surface,,,
SRR28910840,PRJNA732392,SAMN41165051,haib17CEM5106_HCY5HCCXY_SL270981,,metasub,,United Kingdom,Europe,,,,,51.46323213 N 0.30171792 W,,6/21/17,built environment,subway,surface,,,
SRR28910979,PRJNA732392,SAMN41164420,haib17CEM5106_HCY5HCCXY_SL270982,,metasub,,United Kingdom,Europe,,,,,51.47709778 N 0.28521291 W,,6/21/17,built environment,subway,surface,,,
SRR28910797,PRJNA732392,SAMN41165219,haib17CEM5106_HCY5HCCXY_SL270983,,metasub,,United Kingdom,Europe,,,,,51.49186736 N 0.27514714 W,,6/21/17,built environment,subway,surface,,,
SRR28910768,PRJNA732392,SAMN41165310,haib17CEM5106_HCY5HCCXY_SL270984,,metasub,,United Kingdom,Europe,,,,,51.42146487 N 0.20635385 W,,6/21/17,built environment,subway,surface,,,
SRR28911313,PRJNA732392,SAMN41165249,haib17CEM5106_HCY5HCCXY_SL270985,,metasub,,United Kingdom,Europe,,,,,51.43453896 N 0.19957203 W,,6/21/17,built environment,subway,surface,,,
SRR28910856,PRJNA732392,SAMN41164972,haib17CEM5106_HCY5HCCXY_SL270986,,metasub,,United Kingdom,Europe,,,,,51.44500591 N 0.20651415 W,,6/21/17,built environment,subway,surface,,,
SRR28911317,PRJNA732392,SAMN41165246,haib17CEM5106_HCY5HCCXY_SL270987,,metasub,,United Kingdom,Europe,,,,,51.45887883 N 0.21097574 W,,6/21/17,built environment,subway,surface,,,
SRR28911318,PRJNA732392,SAMN41165245,haib17CEM5106_HCY5HCCXY_SL270988,,metasub,,United Kingdom,Europe,,,,,51.46797822 N 0.20894832 W,,6/21/17,built environment,subway,surface,,,
SRR28911190,PRJNA732392,SAMN41164585,haib17CEM5106_HCY5HCCXY_SL270989,,metasub,,United Kingdom,Europe,,,,,51.47517266 N 0.20120874 W,,6/21/17,built environment,subway,surface,,,
SRR28911164,PRJNA732392,SAMN41164673,haib17CEM5106_HCY5HCCXY_SL270990,,metasub,,United Kingdom,Europe,,,,,51.48059868 N 0.19493797 W,,6/21/17,built environment,subway,surface,,,
SRR28911365,PRJNA732392,SAMN41165073,haib17CEM5106_HCY5HCCXY_SL270991,,metasub,,United Kingdom,Europe,,,,,51.487287 N 0.195491 E,,6/21/17,built environment,subway,surface,,,
SRR28911305,PRJNA732392,SAMN41164492,haib17CEM5106_HCY5HCCXY_SL270992,,metasub,,United Kingdom,Europe,,,,,51.50074572 N 0.19248069 W,,6/21/17,built environment,subway,surface,,,
SRR28911027,PRJNA732392,SAMN41165186,haib17CEM5106_HCY5HCCXY_SL270993,,metasub,,United Kingdom,Europe,,,,,51.50913507 N 0.19651787 W,,6/21/17,built environment,subway,surface,,,
SRR28911608,PRJNA732392,SAMN41164870,haib17CEM5106_HCY5HCCXY_SL270994,,metasub,,United Kingdom,Europe,,,,,51.51229975 N 0.18800944 W,,6/21/17,built environment,subway,surface,,,
SRR28911603,PRJNA732392,SAMN41164939,haib17CEM5106_HCY5HCCXY_SL270995,,metasub,,United Kingdom,Europe,,,,,missing,,missing,built environment,subway,surface,,,
SRR28911035,PRJNA732392,SAMN41165178,haib17CEM5106_HCY5HCCXY_SL270996,,metasub,,United Kingdom,Europe,,,,,missing,,missing,built environment,subway,surface,,,
SRR28911192,PRJNA732392,SAMN41164583,haib17CEM5106_HCY5HCCXY_SL270997,,metasub,,United Kingdom,Europe,,,,,missing,,missing,built environment,subway,surface,,,
SRR28910879,PRJNA732392,SAMN41164455,haib17CEM5106_HCY5HCCXY_SL270998,,metasub,,United Kingdom,Europe,,,,,missing,,missing,built environment,subway,surface,,,
SRR28911465,PRJNA732392,SAMN41164723,haib17CEM5106_HCY5HCCXY_SL271095,,metasub,,United Kingdom,Europe,,,,,51.52025012 N 0.17010672 W,,6/21/17,built environment,subway,surface,,,
SRR28911501,PRJNA732392,SAMN41165291,haib17CEM5106_HCY5HCCXY_SL271096,,metasub,,United Kingdom,Europe,,,,,51.4943711 N 0.26771559 W,,6/21/17,built environment,subway,surface,,,
SRR28910817,PRJNA732392,SAMN41164480,haib17CEM5106_HCY5HCCXY_SL271097,,metasub,,United Kingdom,Europe,,,,,51.49518509 N 0.25450003 W,,6/21/17,built environment,subway,surface,,,
SRR28910855,PRJNA732392,SAMN41164973,haib17CEM5106_HCY5HCCXY_SL271098,,metasub,,United Kingdom,Europe,,,,,51.49486533 N 0.24542189 W,,6/21/17,built environment,subway,surface,,,
SRR28911019,PRJNA732392,SAMN41165193,haib17CEM5106_HCY5HCCXY_SL271099,,metasub,,United Kingdom,Europe,,,,,51.49421127 N 0.23622566 W,,6/21/17,built environment,subway,surface,,,
SRR28910974,PRJNA732392,SAMN41164541,haib17CEM5106_HCY5HCCXY_SL271100,,metasub,,United Kingdom,Europe,,,,,51.49357272 N 0.22489268 W,,6/21/17,built environment,subway,surface,,,
SRR28911572,PRJNA732392,SAMN41165032,haib17CEM5106_HCY5HCCXY_SL271101,,metasub,,United Kingdom,Europe,,,,,51.49022739 N 0.21357660 W,,6/21/17,built environment,subway,surface,,,
SRR28911138,PRJNA732392,SAMN41164761,haib17CEM5106_HCY5HCCXY_SL271102,,metasub,,United Kingdom,Europe,,,,,51.49056563 N 0.20645451 W,,6/21/17,built environment,subway,surface,,,
SRR28911193,PRJNA732392,SAMN41164582,haib17CEM5106_HCY5HCCXY_SL271103,,metasub,,United Kingdom,Europe,,,,,51.49187618 N 0.19352604 W,,6/21/17,built environment,subway,surface,,,
SRR28911433,PRJNA732392,SAMN41164448,haib17CEM5106_HCY5HCCXY_SL271104,,metasub,,United Kingdom,Europe,,,,,51.49431275 N 0.18296068 W,,6/21/17,built environment,subway,surface,,,
SRR28911585,PRJNA732392,SAMN41164956,haib17CEM5106_HCY5HCCXY_SL271105,,metasub,,United Kingdom,Europe,,,,,51.49407225 N 0.17390302 W,,6/21/17,built environment,subway,surface,,,
SRR28911119,PRJNA732392,SAMN41164843,haib17CEM5106_HCY5HCCXY_SL271106,,metasub,,United Kingdom,Europe,,,,,51.49236161 N 0.15647142 W,,6/21/17,built environment,subway,surface,,,
SRR28911335,PRJNA732392,SAMN41165165,haib17CEM5106_HCY5HCCXY_SL271107,,metasub,,United Kingdom,Europe,,,,,51.49641574 N 0.14382851 W,,6/21/17,built environment,subway,surface,,,
SRR28911207,PRJNA732392,SAMN41164526,haib17CEM5106_HCY5HCCXY_SL271108,,metasub,,United Kingdom,Europe,,,,,51.49941708 N 0.13416703 W,,6/21/17,built environment,subway,surface,,,
SRR28911540,PRJNA732392,SAMN41165126,haib17CEM5106_HCY5HCCXY_SL271109,,metasub,,United Kingdom,Europe,,,,,51.50115697 N 0.12479382 W,,6/21/17,built environment,subway,surface,,,
SRR28910743,PRJNA732392,SAMN41164555,haib17CEM5106_HCY5HCCXY_SL271110,,metasub,,United Kingdom,Europe,,,,,51.50731012 N 0.12234060 W,,6/21/17,built environment,subway,surface,,,
SRR28911100,PRJNA732392,SAMN41164925,haib17CEM5106_HCY5HCCXY_SL271111,,metasub,,United Kingdom,Europe,,,,,51.51104185 N 0.11369289 W,,6/21/17,built environment,subway,surface,,,
SRR28911358,PRJNA732392,SAMN41165079,haib17CEM5106_HCY5HCCXY_SL271112,,metasub,,United Kingdom,Europe,,,,,51.51156251 N 0.10359612 W,,6/21/17,built environment,subway,surface,,,
SRR28911526,PRJNA732392,SAMN41165204,haib17CEM5106_HCY5HCCXY_SL271113,,metasub,,United Kingdom,Europe,,,,,51.5120941 N 0.09417167 W,,6/21/17,built environment,subway,surface,,,
SRR28911623,PRJNA732392,SAMN41164452,haib17CEM5106_HCY5HCCXY_SL271114,,metasub,,United Kingdom,Europe,,,,,51.51150584 N 0.09068119 W,,6/21/17,built environment,subway,surface,,,
SRR28910755,PRJNA732392,SAMN41165322,haib17CEM5106_HCY5HCCXY_SL271115,,metasub,,United Kingdom,Europe,,,,,51.51063449 N 0.08616071 W,,6/21/17,built environment,subway,surface,,,
SRR28910783,PRJNA732392,SAMN41165232,haib17CEM5106_HCY5HCCXY_SL271116,,metasub,,United Kingdom,Europe,,,,,51.5101391 N 0.07633557 W,,6/21/17,built environment,subway,surface,,,
SRR28910728,PRJNA732392,SAMN41164568,haib17CEM5106_HCY5HCCXY_SL271117,,metasub,,United Kingdom,Europe,,,,,51.51530072 N 0.07227402 W,,6/21/17,built environment,subway,surface,,,
SRR28910956,PRJNA732392,SAMN41164622,haib17CEM5106_HCY5HCCXY_SL271118,,metasub,,United Kingdom,Europe,,,,,51.51952926 N 0.05996849 W,,6/21/17,built environment,subway,surface,,,
SRR28911391,PRJNA732392,SAMN41164985,haib17CEM5106_HCY5HCCXY_SL271119,,metasub,,United Kingdom,Europe,,,,,51.52197932 N 0.04645525 W,,6/21/17,built environment,subway,surface,,,
SRR28911124,PRJNA732392,SAMN41164838,haib17CEM5106_HCY5HCCXY_SL271120,,metasub,,United Kingdom,Europe,,,,,51.52516227 N 0.03340053 W,,6/21/17,built environment,subway,surface,,,
SRR28911177,PRJNA732392,SAMN41164661,haib17CEM5106_HCY5HCCXY_SL271121,,metasub,,United Kingdom,Europe,,,,,51.5268669 N 0.02480960 W,,6/21/17,built environment,subway,surface,,,
SRR28911481,PRJNA732392,SAMN41164644,haib17CEM5106_HCY5HCCXY_SL271122,,metasub,,United Kingdom,Europe,,,,,51.52484277 N 0.01165748 W,,6/21/17,built environment,subway,surface,,,
SRR28911071,PRJNA732392,SAMN41165016,haib17CEM5106_HCY5HCCXY_SL271123,,metasub,,United Kingdom,Europe,,,,,51.52825723 N 0.00504056 E,,6/21/17,built environment,subway,surface,,,
SRR28911180,PRJNA732392,SAMN41164658,haib17CEM5106_HCY5HCCXY_SL271124,,metasub,,United Kingdom,Europe,,,,,51.53128621 N 0.01780796 E,,6/21/17,built environment,subway,surface,,,
SRR28911442,PRJNA732392,SAMN41164808,haib17CEM5106_HCY5HCCXY_SL271125,,metasub,,United Kingdom,Europe,,,,,51.53530067 N 0.03526967 E,,6/21/17,built environment,subway,surface,,,
SRR28911101,PRJNA732392,SAMN41164924,haib17CEM5106_HCY5HCCXY_SL271126,,metasub,,United Kingdom,Europe,,,,,51.5389967 N 0.05146714 E,,6/21/17,built environment,subway,surface,,,
SRR28911597,PRJNA732392,SAMN41164945,haib17CEM5106_HCY5HCCXY_SL271127,,metasub,,United Kingdom,Europe,,,,,51.53952056 N 0.08085574 E,,6/21/17,built environment,subway,surface,,,
SRR28910727,PRJNA732392,SAMN41164569,haib17CEM5106_HCY5HCCXY_SL271128,,metasub,,United Kingdom,Europe,,,,,51.53840422 N 0.10155878 E,,6/21/17,built environment,subway,surface,,,
SRR28911281,PRJNA732392,SAMN41164600,haib17CEM5106_HCY5HCCXY_SL271129,,metasub,,United Kingdom,Europe,,,,,51.46323213 N 0.30171792 W,,6/21/17,built environment,subway,surface,,,
SRR28910848,PRJNA732392,SAMN41164979,haib17CEM5106_HCY5HCCXY_SL271130,,metasub,,United Kingdom,Europe,,,,,51.47709778 N 0.28521291 W,,6/21/17,built environment,subway,surface,,,
SRR28911012,PRJNA732392,SAMN41165264,haib17CEM5106_HCY5HCCXY_SL271131,,metasub,,United Kingdom,Europe,,,,,missing,,missing,built environment,subway,surface,,,
SRR28911230,PRJNA732392,SAMN41164407,haib17CEM5106_HCY5HCCXY_SL271132,,metasub,,United Kingdom,Europe,,,,,missing,,missing,built environment,subway,surface,,,
SRR28910997,PRJNA732392,SAMN41165277,haib17CEM5106_HCY5HCCXY_SL271133,,metasub,,United Kingdom,Europe,,,,,missing,,missing,built environment,subway,surface,,,
SRR28910874,PRJNA732392,SAMN41164891,haib17CEM5106_HCY5HCCXY_SL271134,,metasub,,United Kingdom,Europe,,,,,missing,,missing,built environment,subway,surface,,,
SRR28911618,PRJNA732392,SAMN41164861,haib17CEM5106_HCY5HCCXY_SL271135,,metasub,,United Kingdom,Europe,,,,,51.49186736 N 0.27514714 W,,6/21/17,built environment,subway,surface,,,
SRR28911147,PRJNA732392,SAMN41164753,haib17CEM5106_HCY5HCCXY_SL271136,,metasub,,United Kingdom,Europe,,,,,51.42146487 N 0.20635385 W,,6/21/17,built environment,subway,surface,,,
SRR28911351,PRJNA732392,SAMN41165086,haib17CEM5106_HCY5HCCXY_SL271137,,metasub,,United Kingdom,Europe,,,,,51.43453896 N 0.19957203 W,,6/21/17,built environment,subway,surface,,,
SRR28911409,PRJNA732392,SAMN41164904,haib17CEM5106_HCY5HCCXY_SL271138,,metasub,,United Kingdom,Europe,,,,,51.44500591 N 0.20651415 W,,6/21/17,built environment,subway,surface,,,
SRR28911503,PRJNA732392,SAMN41165289,haib17CEM5106_HCY5HCCXY_SL271139,,metasub,,United Kingdom,Europe,,,,,51.45887883 N 0.21097574 W,,6/21/17,built environment,subway,surface,,,
SRR28911220,PRJNA732392,SAMN41164514,haib17CEM5106_HCY5HCCXY_SL271140,,metasub,,United Kingdom,Europe,,,,,51.46797822 N 0.20894832 W,,6/21/17,built environment,subway,surface,,,
SRR28910759,PRJNA732392,SAMN41165318,haib17CEM5106_HCY5HCCXY_SL271141,,metasub,,United Kingdom,Europe,,,,,51.47517266 N 0.20120874 W,,6/21/17,built environment,subway,surface,,,
SRR28911011,PRJNA732392,SAMN41165265,haib17CEM5106_HCY5HCCXY_SL271142,,metasub,,United Kingdom,Europe,,,,,51.48059868 N 0.19493797 W,,6/21/17,built environment,subway,surface,,,
SRR28910807,PRJNA732392,SAMN41165146,haib17CEM5106_HCY5HCCXY_SL271143,,metasub,,United Kingdom,Europe,,,,,51.487287 N 0.195491 E,,6/21/17,built environment,subway,surface,,,
SRR28911166,PRJNA732392,SAMN41164671,haib17CEM5106_HCY5HCCXY_SL271144,,metasub,,United Kingdom,Europe,,,,,51.50074572 N 0.19248069 W,,6/21/17,built environment,subway,surface,,,
SRR28911427,PRJNA732392,SAMN41164822,haib17CEM5106_HCY5HCCXY_SL271145,,metasub,,United Kingdom,Europe,,,,,51.50913507 N 0.19651787 W,,6/21/17,built environment,subway,surface,,,
SRR28911300,PRJNA732392,SAMN41165261,haib17CEM5106_HCY5HCCXY_SL271146,,metasub,,United Kingdom,Europe,,,,,51.51229975 N 0.18800944 W,,6/21/17,built environment,subway,surface,,,
SRR28911406,PRJNA732392,SAMN41164412,haib17CEM5106_HCY5HCCXY_SL271147,,metasub,,United Kingdom,Europe,,,,,51.52025012 N 0.17010672 W,,6/21/17,built environment,subway,surface,,,
SRR28911388,PRJNA732392,SAMN41164987,haib17CEM5106_HCY5HCCXY_SL271148,,metasub,,United Kingdom,Europe,,,,,51.54236162 N 0.34641202 W,,6/21/17,built environment,subway,surface,,,
SRR28911214,PRJNA732392,SAMN41164519,haib17CEM5106_HCY5HCCXY_SL271149,,metasub,,United Kingdom,Europe,,,,,51.53665913 N 0.32381728 W,,6/21/17,built environment,subway,surface,,,
SRR28911036,PRJNA732392,SAMN41165177,haib17CEM5106_HCY5HCCXY_SL271150,,metasub,,United Kingdom,Europe,,,,,51.53007288 N 0.29297310 W,,6/21/17,built environment,subway,surface,,,
SRR28911364,PRJNA732392,SAMN41165074,haib17CEM5106_HCY5HCCXY_SL271151,,metasub,,United Kingdom,Europe,,,,,51.52343605 N 0.25970031 W,,6/21/17,built environment,subway,surface,,,
SRR28911420,PRJNA732392,SAMN41164828,haib17CEM5106_HCY5HCCXY_SL271152,,metasub,,United Kingdom,Europe,,,,,51.51664829 N 0.24748163 W,,6/21/17,built environment,subway,surface,,,
SRR28910803,PRJNA732392,SAMN41165149,haib17CEM5106_HCY5HCCXY_SL271153,,metasub,,United Kingdom,Europe,,,,,51.51204421 N 0.22422191 W,,6/21/17,built environment,subway,surface,,,
SRR28910945,PRJNA732392,SAMN41164632,haib17CEM5106_HCY5HCCXY_SL271154,,metasub,,United Kingdom,Europe,,,,,51.50452058 N 0.21873932 W,,6/21/17,built environment,subway,surface,,,
SRR28910732,PRJNA732392,SAMN41164565,haib17CEM5106_HCY5HCCXY_SL271155,,metasub,,United Kingdom,Europe,,,,,51.50740459 N 0.20570508 W,,6/21/17,built environment,subway,surface,,,
SRR28911295,PRJNA732392,SAMN41164502,haib17CEM5106_HCY5HCCXY_SL271156,,metasub,,United Kingdom,Europe,,,,,51.51045317 N 0.18740253 W,,6/21/17,built environment,subway,surface,,,
SRR28911484,PRJNA732392,SAMN41164641,haib17CEM5106_HCY5HCCXY_SL271157,,metasub,,United Kingdom,Europe,,,,,51.51361041 N 0.15841503 W,,6/21/17,built environment,subway,surface,,,
SRR28910773,PRJNA732392,SAMN41164416,haib17CEM5106_HCY5HCCXY_SL271158,,metasub,,United Kingdom,Europe,,,,,51.51387906 N 0.14931570 W,,6/21/17,built environment,subway,surface,,,
SRR28911470,PRJNA732392,SAMN41164654,haib17CEM5106_HCY5HCCXY_SL271159,,metasub,,United Kingdom,Europe,,,,,51.51627608 N 0.13085605 W,,6/21/17,built environment,subway,surface,,,
SRR28911457,PRJNA732392,SAMN41164730,haib17CEM5106_HCY5HCCXY_SL271160,,metasub,,United Kingdom,Europe,,,,,51.5175063 N 0.11999544 W,,6/21/17,built environment,subway,surface,,,
SRR28911562,PRJNA732392,SAMN41165041,haib17CEM5106_HCY5HCCXY_SL271161,,metasub,,United Kingdom,Europe,,,,,51.51819437 N 0.11166040 W,,6/21/17,built environment,subway,surface,,,
SRR28911129,PRJNA732392,SAMN41164834,haib17CEM5106_HCY5HCCXY_SL271162,,metasub,,United Kingdom,Europe,,,,,51.51487573 N 0.09755930 W,,6/21/17,built environment,subway,surface,,,
SRR28911492,PRJNA732392,SAMN41165299,haib17CEM5106_HCY5HCCXY_SL271163,,metasub,,United Kingdom,Europe,,,,,51.5133735 N 0.08890672 W,,6/21/17,built environment,subway,surface,,,
SRR28911524,PRJNA732392,SAMN41165206,haib17CEM5106_HCY5HCCXY_SL271164,,metasub,,United Kingdom,Europe,,,,,51.52726755 N 0.05542384 W,,6/21/17,built environment,subway,surface,,,
SRR28911333,PRJNA732392,SAMN41164483,haib17CEM5106_HCY5HCCXY_SL271165,,metasub,,United Kingdom,Europe,,,,,51.52516227 N 0.03340053 W,,6/21/17,built environment,subway,surface,,,
SRR28911059,PRJNA732392,SAMN41165092,haib17CEM5106_HCY5HCCXY_SL271166,,metasub,,United Kingdom,Europe,,,,,51.5565034 N 0.00561874 W,,6/21/17,built environment,subway,surface,,,
SRR28911096,PRJNA732392,SAMN41164928,haib17CEM5106_HCY5HCCXY_SL271167,,metasub,,United Kingdom,Europe,,,,,51.56825428 N 0.00822390 E,,6/21/17,built environment,subway,surface,,,
SRR28911196,PRJNA732392,SAMN41164579,haib17CEM5106_HCY5HCCXY_SL271168,,metasub,,United Kingdom,Europe,,,,,51.58089355 N 0.02149217 E,,6/21/17,built environment,subway,surface,,,
SRR28910825,PRJNA732392,SAMN41165065,haib17CEM5106_HCY5HCCXY_SL271169,,metasub,,United Kingdom,Europe,,,,,51.59179344 N 0.02732177 E,,6/21/17,built environment,subway,surface,,,
SRR28911274,PRJNA732392,SAMN41164409,haib17CEM5106_HCY5HCCXY_SL271170,,metasub,,United Kingdom,Europe,,,,,51.60709356 N 0.03402718 E,,6/21/17,built environment,subway,surface,,,
SRR28911056,PRJNA732392,SAMN41165095,haib17CEM5106_HCY5HCCXY_SL271171,,metasub,,United Kingdom,Europe,,,,,51.5149791 N 0.30147177 W,,6/21/17,built environment,subway,surface,,,
SRR28911640,PRJNA732392,SAMN41164444,haib17CEM5106_HCY5HCCXY_SL271172,,metasub,,United Kingdom,Europe,,,,,51.51792853 N 0.28095981 W,,6/21/17,built environment,subway,surface,,,
SRR28911078,PRJNA732392,SAMN41165009,haib17CEM5106_HCY5HCCXY_SL271173,,metasub,,United Kingdom,Europe,,,,,51.57558605 N 0.02873976 E,,6/21/17,built environment,subway,surface,,,
SRR28911631,PRJNA732392,SAMN41164785,haib17CEM5106_HCY5HCCXY_SL271175,,metasub,,United Kingdom,Europe,,,,,51.5765571 N 0.06610364 E,,6/21/17,built environment,subway,surface,,,
SRR28910806,PRJNA732392,SAMN41164481,haib17CEM5106_HCY5HCCXY_SL271176,,metasub,,United Kingdom,Europe,,,,,51.57563951 N 0.09032965 E,,6/21/17,built environment,subway,surface,,,
SRR28911169,PRJNA732392,SAMN41164668,haib17CEM5106_HCY5HCCXY_SL271177,,metasub,,United Kingdom,Europe,,,,,51.58585544 N 0.08850918 E,,6/21/17,built environment,subway,surface,,,
SRR28911478,PRJNA732392,SAMN41164431,haib17CEM5106_HCY5HCCXY_SL271178,,metasub,,United Kingdom,Europe,,,,,51.59574781 N 0.09092102 E,,6/21/17,built environment,subway,surface,,,
SRR28910847,PRJNA732392,SAMN41164980,haib17CEM5106_HCY5HCCXY_SL271179,,metasub,,United Kingdom,Europe,,,,,51.60379254 N 0.09310599 E,,6/21/17,built environment,subway,surface,,,
SRR28911074,PRJNA732392,SAMN41165013,haib17CEM5106_HCY5HCCXY_SL271181,,metasub,,United Kingdom,Europe,,,,,51.61793168 N 0.07452346 E,,6/21/17,built environment,subway,surface,,,
SRR28911502,PRJNA732392,SAMN41165290,haib17CEM5106_HCY5HCCXY_SL271182,,metasub,,United Kingdom,Europe,,,,,51.61717995 N 0.04385609 E,,6/21/17,built environment,subway,surface,,,
SRR28911587,PRJNA732392,SAMN41164954,haib17CEM5106_HCY5HCCXY_SL271183,,metasub,,United Kingdom,Europe,,,,,51.54236162 N 0.34641202 W,,6/21/17,built environment,subway,surface,,,
SRR28911087,PRJNA732392,SAMN41164460,haib17CEM5106_HCY5HCCXY_SL271184,,metasub,,United Kingdom,Europe,,,,,51.53665913 N 0.32381728 W,,6/21/17,built environment,subway,surface,,,
SRR28911103,PRJNA732392,SAMN41164922,haib17CEM5106_HCY5HCCXY_SL271185,,metasub,,United Kingdom,Europe,,,,,51.53007288 N 0.29297310 W,,6/21/17,built environment,subway,surface,,,
SRR28910765,PRJNA732392,SAMN41165313,haib17CEM5106_HCY5HCCXY_SL271186,,metasub,,United Kingdom,Europe,,,,,51.52343605 N 0.25970031 W,,6/21/17,built environment,subway,surface,,,
SRR28911006,PRJNA732392,SAMN41165269,haib17CEM5106_HCY5HCCXY_SL271187,,metasub,,United Kingdom,Europe,,,,,51.51664829 N 0.24748163 W,,6/21/17,built environment,subway,surface,,,
SRR28911435,PRJNA732392,SAMN41164815,haib17CEM5106_HCY5HCCXY_SL271188,,metasub,,United Kingdom,Europe,,,,,51.51204421 N 0.22422191 W,,6/21/17,built environment,subway,surface,,,
SRR28911322,PRJNA732392,SAMN41165241,haib17CEM5106_HCY5HCCXY_SL271189,,metasub,,United Kingdom,Europe,,,,,51.50452058 N 0.21873932 W,,6/21/17,built environment,subway,surface,,,
SRR28911148,PRJNA732392,SAMN41164752,haib17CEM5106_HCY5HCCXY_SL271190,,metasub,,United Kingdom,Europe,,,,,51.50740459 N 0.20570508 W,,6/21/17,built environment,subway,surface,,,
SRR28910915,PRJNA732392,SAMN41164789,haib17CEM5106_HCY5JCCXY_SL269527,,metasub,,uncalculated,uncalculated,,,,,missing,,missing,built environment,subway,surface,,,
SRR28911060,PRJNA732392,SAMN41165091,haib17CEM5106_HCY5JCCXY_SL269531,,metasub,,uncalculated,uncalculated,,,,,missing,,missing,built environment,subway,surface,,,
SRR28911068,PRJNA732392,SAMN41165018,haib17CEM5106_HCY5JCCXY_SL269532,,metasub,,uncalculated,uncalculated,,,,,missing,,missing,built environment,subway,surface,,,
SRR28911277,PRJNA732392,SAMN41164604,haib17CEM5106_HCY5JCCXY_SL269534,,metasub,,uncalculated,uncalculated,,,,,missing,,missing,built environment,subway,surface,,,
SRR28910951,PRJNA732392,SAMN41164429,haib17CEM5106_HCY5JCCXY_SL269537,,metasub,,uncalculated,uncalculated,,,,,missing,,missing,built environment,subway,surface,,,
SRR28911439,PRJNA732392,SAMN41164811,haib17CEM5106_HCY5JCCXY_SL269538,,metasub,,uncalculated,uncalculated,,,,,missing,,missing,built environment,subway,surface,,,
SRR28911290,PRJNA732392,SAMN41164592,haib17CEM5106_HCY5JCCXY_SL269540,,metasub,,uncalculated,uncalculated,,,,,missing,,missing,built environment,subway,surface,,,
SRR28911510,PRJNA732392,SAMN41165217,haib17CEM5106_HCY5JCCXY_SL269541,,metasub,,uncalculated,uncalculated,,,,,missing,,missing,built environment,subway,surface,,,
SRR28910813,PRJNA732392,SAMN41165140,haib17CEM5106_HCY5JCCXY_SL269543,,metasub,,uncalculated,uncalculated,,,,,missing,,missing,built environment,subway,surface,,,
SRR28911217,PRJNA732392,SAMN41164418,haib17CEM5106_HCY5JCCXY_SL269548,,metasub,,uncalculated,uncalculated,,,,,missing,,missing,built environment,subway,surface,,,
SRR28911395,PRJNA732392,SAMN41164981,haib17CEM5106_HCY5JCCXY_SL269550,,metasub,,uncalculated,uncalculated,,,,,missing,,missing,built environment,subway,surface,,,
SRR28911357,PRJNA732392,SAMN41165080,haib17CEM5106_HCY5JCCXY_SL269554,,metasub,,uncalculated,uncalculated,,,,,missing,,missing,built environment,subway,surface,,,
SRR28911197,PRJNA732392,SAMN41164578,haib17CEM5106_HCY5JCCXY_SL269555,,metasub,,uncalculated,uncalculated,,,,,missing,,missing,built environment,subway,surface,,,
SRR28911601,PRJNA732392,SAMN41164941,haib17CEM5106_HCY5JCCXY_SL269562,,metasub,,uncalculated,uncalculated,,,,,missing,,missing,built environment,subway,surface,,,
SRR28911539,PRJNA732392,SAMN41164479,haib17CEM5106_HCY5JCCXY_SL269563,,metasub,,uncalculated,uncalculated,,,,,missing,,missing,built environment,subway,surface,,,
SRR28910873,PRJNA732392,SAMN41164892,haib17CEM5106_HCY5JCCXY_SL269571,,metasub,,uncalculated,uncalculated,,,,,missing,,missing,built environment,subway,surface,,,
SRR28911256,PRJNA732392,SAMN41164687,haib17CEM5106_HCY5JCCXY_SL269572,,metasub,,uncalculated,uncalculated,,,,,missing,,missing,built environment,subway,surface,,,
SRR28910986,PRJNA732392,SAMN41164530,haib17CEM5106_HCY5JCCXY_SL269573,,metasub,,uncalculated,uncalculated,,,,,missing,,missing,built environment,subway,surface,,,
SRR28910903,PRJNA732392,SAMN41164800,haib17CEM5106_HCY5JCCXY_SL269574,,metasub,,uncalculated,uncalculated,,,,,missing,,missing,built environment,subway,surface,,,
SRR28910910,PRJNA732392,SAMN41164794,haib17CEM5106_HCY5JCCXY_SL269575,,metasub,,uncalculated,uncalculated,,,,,missing,,missing,built environment,subway,surface,,,
SRR28911028,PRJNA732392,SAMN41165185,haib17CEM5106_HCY5JCCXY_SL269576,,metasub,,uncalculated,uncalculated,,,,,missing,,missing,built environment,subway,surface,,,
SRR28911215,PRJNA732392,SAMN41164518,haib17CEM5106_HCY5JCCXY_SL269577,,metasub,,uncalculated,uncalculated,,,,,missing,,missing,built environment,subway,surface,,,
SRR28910894,PRJNA732392,SAMN41164873,haib17CEM5106_HCY5JCCXY_SL269578,,metasub,,uncalculated,uncalculated,,,,,missing,,missing,built environment,subway,surface,,,
SRR28910839,PRJNA732392,SAMN41165052,haib17CEM5106_HCY5JCCXY_SL269582,,metasub,,uncalculated,uncalculated,,,,,missing,,missing,built environment,subway,surface,,,
SRR28910970,PRJNA732392,SAMN41164545,haib17CEM5106_HCY5JCCXY_SL269587,,metasub,,uncalculated,uncalculated,,,,,missing,,missing,built environment,subway,surface,,,
SRR28911001,PRJNA732392,SAMN41165274,haib17CEM5106_HCY5JCCXY_SL269588,,metasub,,uncalculated,uncalculated,,,,,missing,,missing,built environment,subway,surface,,,
SRR28911438,PRJNA732392,SAMN41164812,haib17CEM5106_HCY5JCCXY_SL269589,,metasub,,uncalculated,uncalculated,,,,,missing,,missing,built environment,subway,surface,,,
SRR28911062,PRJNA732392,SAMN41165089,haib17CEM5106_HCY5JCCXY_SL269590,,metasub,,uncalculated,uncalculated,,,,,missing,,missing,built environment,subway,surface,,,
SRR28910973,PRJNA732392,SAMN41164542,haib17CEM5106_HCY5JCCXY_SL269591,,metasub,,uncalculated,uncalculated,,,,,missing,,missing,built environment,subway,surface,,,
SRR28911578,PRJNA732392,SAMN41164469,haib17CEM5106_HCY5JCCXY_SL269593,,metasub,,uncalculated,uncalculated,,,,,missing,,missing,built environment,subway,surface,,,
SRR28911009,PRJNA732392,SAMN41164493,haib17CEM5106_HCY5JCCXY_SL269594,,metasub,,uncalculated,uncalculated,,,,,missing,,missing,built environment,subway,surface,,,
SRR28911408,PRJNA732392,SAMN41164905,haib17CEM5106_HCY5JCCXY_SL269595,,metasub,,uncalculated,uncalculated,,,,,missing,,missing,built environment,subway,surface,,,
SRR28911553,PRJNA732392,SAMN41165114,haib17CEM5106_HCY5JCCXY_SL269597,,metasub,,uncalculated,uncalculated,,,,,missing,,missing,built environment,subway,surface,,,
SRR28911083,PRJNA732392,SAMN41165006,haib17CEM5106_HCY5JCCXY_SL269598,,metasub,,uncalculated,uncalculated,,,,,missing,,missing,built environment,subway,surface,,,
SRR28911134,PRJNA732392,SAMN41164829,haib17CEM5106_HCY5JCCXY_SL269601,,metasub,,uncalculated,uncalculated,,,,,missing,,missing,built environment,subway,surface,,,
SRR28911023,PRJNA732392,SAMN41165189,haib17CEM5106_HCY5JCCXY_SL269603,,metasub,,uncalculated,uncalculated,,,,,missing,,missing,built environment,subway,surface,,,
SRR28910790,PRJNA732392,SAMN41165226,haib17CEM5106_HCY5JCCXY_SL269604,,metasub,,uncalculated,uncalculated,,,,,missing,,missing,built environment,subway,surface,,,
SRR28911315,PRJNA732392,SAMN41165247,haib17CEM5106_HCY5JCCXY_SL269605,,metasub,,uncalculated,uncalculated,,,,,missing,,missing,built environment,subway,surface,,,
SRR28911520,PRJNA732392,SAMN41165208,haib17CEM5106_HCY5JCCXY_SL269607,,metasub,,uncalculated,uncalculated,,,,,missing,,missing,built environment,subway,surface,,,
SRR28911049,PRJNA732392,SAMN41165101,haib17CEM5106_HCY5JCCXY_SL269612,,metasub,,uncalculated,uncalculated,,,,,missing,,missing,built environment,subway,surface,,,
SRR28911073,PRJNA732392,SAMN41165014,haib17CEM5106_HCY5JCCXY_SL269613,,metasub,,uncalculated,uncalculated,,,,,missing,,missing,built environment,subway,surface,,,
SRR28910799,PRJNA732392,SAMN41165153,haib17CEM5106_HCY5JCCXY_SL269614,,metasub,,uncalculated,uncalculated,,,,,missing,,missing,built environment,subway,surface,,,
SRR28910858,PRJNA732392,SAMN41164970,haib17CEM5106_HCY5JCCXY_SL269615,,metasub,,uncalculated,uncalculated,,,,,missing,,missing,built environment,subway,surface,,,
SRR28910976,PRJNA732392,SAMN41164539,haib17CEM5106_HCY5JCCXY_SL269619,,metasub,,uncalculated,uncalculated,,,,,missing,,missing,built environment,subway,surface,,,
SRR28911185,PRJNA732392,SAMN41164589,haib17CEM5241_HMCMJCCXY_SL336186,,metasub,,Poland,Europe,,,,,missing,,6/24/17,built environment,subway,surface,,,
SRR28911489,PRJNA732392,SAMN41165302,haib17CEM5241_HMCMJCCXY_SL336187,,metasub,,Poland,Europe,,,,,missing,,6/23/17,built environment,subway,surface,,,
SRR28911551,PRJNA732392,SAMN41165116,haib17CEM5241_HMCMJCCXY_SL336188,,metasub,,Poland,Europe,,,,,missing,,6/24/17,built environment,subway,surface,,,
SRR28911522,PRJNA732392,SAMN41164487,haib17CEM5241_HMCMJCCXY_SL336189,,metasub,,uncalculated,uncalculated,,,,,missing,,missing,built environment,subway,surface,,,
SRR28911072,PRJNA732392,SAMN41165015,haib17CEM5241_HMCMJCCXY_SL336190,,metasub,,Poland,Europe,,,,,missing,,6/24/17,built environment,subway,surface,,,
SRR28911579,PRJNA732392,SAMN41165026,haib17CEM5241_HMCMJCCXY_SL336191,,metasub,,Poland,Europe,,,,,missing,,6/24/17,built environment,subway,surface,,,
SRR28910877,PRJNA732392,SAMN41164888,haib17CEM5241_HMCMJCCXY_SL336192,,metasub,,Poland,Europe,,,,,missing,,6/24/17,built environment,subway,surface,,,
SRR28911469,PRJNA732392,SAMN41164655,haib17CEM5241_HMCMJCCXY_SL336193,,metasub,,Poland,Europe,,,,,missing,,6/24/17,built environment,subway,surface,,,
SRR28911625,PRJNA732392,SAMN41164855,haib17CEM5241_HMCMJCCXY_SL336194,,metasub,,Poland,Europe,,,,,missing,,6/24/17,built environment,subway,surface,,,
SRR28911474,PRJNA732392,SAMN41164650,haib17CEM5241_HMCMJCCXY_SL336195,,metasub,,Poland,Europe,,,,,missing,,6/24/17,built environment,subway,surface,,,
SRR28910787,PRJNA732392,SAMN41165228,haib17CEM5241_HMCMJCCXY_SL336196,,metasub,,uncalculated,uncalculated,,,,,missing,,missing,built environment,subway,surface,,,
SRR28911554,PRJNA732392,SAMN41165113,haib17CEM5241_HMCMJCCXY_SL336197,,metasub,,Poland,Europe,,,,,missing,,6/24/17,built environment,subway,surface,,,
SRR28911265,PRJNA732392,SAMN41164679,haib17CEM5241_HMCMJCCXY_SL336198,,metasub,,Poland,Europe,,,,,missing,,6/24/17,built environment,subway,surface,,,
SRR28910780,PRJNA732392,SAMN41165235,haib17CEM5241_HMCMJCCXY_SL336199,,metasub,,Poland,Europe,,,,,missing,,6/24/17,built environment,subway,surface,,,
SRR28910794,PRJNA732392,SAMN41165222,haib17CEM5241_HMCMJCCXY_SL336200,,metasub,,Poland,Europe,,,,,missing,,6/24/17,built environment,subway,surface,,,
SRR28911610,PRJNA732392,SAMN41164868,haib17CEM5241_HMCMJCCXY_SL336204,,metasub,,Singapore,Asia,,,,,1.43036 N 103.835367 E,,6/21/17,built environment,subway,surface,,,
SRR28910770,PRJNA732392,SAMN41165308,haib17CEM5241_HMCMJCCXY_SL336208,,metasub,,Singapore,Asia,,,,,1.432157 N 103.773752 E,,6/21/17,built environment,subway,surface,,,
SRR28911266,PRJNA732392,SAMN41164678,haib17CEM5241_HMCMJCCXY_SL336209,,metasub,,Singapore,Asia,,,,,1.430047 N 103.833088 E,,6/21/17,built environment,subway,surface,,,
SRR28911371,PRJNA732392,SAMN41165067,haib17CEM5241_HMCMJCCXY_SL336210,,metasub,,Singapore,Asia,,,,,1.430048 N 103.833071 E,,6/21/17,built environment,subway,surface,,,
SRR28911106,PRJNA732392,SAMN41164919,haib17CEM5241_HMCMJCCXY_SL336211,,metasub,,Singapore,Asia,,,,,1.356366 N 103.961908 E,,6/21/17,built environment,subway,surface,,,
SRR28911476,PRJNA732392,SAMN41164648,haib17CEM5241_HMCMJCCXY_SL336213,,metasub,,Singapore,Asia,,,,,1.384144 N 103.744209 E,,6/21/17,built environment,subway,surface,,,
SRR28910767,PRJNA732392,SAMN41165311,haib17CEM5241_HMGMHCCXY_SL343329,,metasub,,Singapore,Asia,,,,,1.435325 N 103.787327 E,,6/21/17,built environment,subway,surface,,,
SRR28911475,PRJNA732392,SAMN41164649,haib17CEM5241_HMGMHCCXY_SL343330,,metasub,,Singapore,Asia,,,,,1.431931 N 103.774958 E,,6/21/17,built environment,subway,surface,,,
SRR28911443,PRJNA732392,SAMN41164807,haib17CEM5241_HMGMHCCXY_SL343331,,metasub,,Singapore,Asia,,,,,1.431929 N 103.77412 E,,6/21/17,built environment,subway,surface,,,
SRR28910747,PRJNA732392,SAMN41164551,haib17CEM5241_HMGMHCCXY_SL343332,,metasub,,Singapore,Asia,,,,,1.432157 N 103.773752 E,,6/21/17,built environment,subway,surface,,,
SRR28911085,PRJNA732392,SAMN41165004,haib17CEM5241_HMGMHCCXY_SL343333,,metasub,,Singapore,Asia,,,,,1.432157 N 103.773752 E,,6/21/17,built environment,subway,surface,,,
SRR28910753,PRJNA732392,SAMN41165324,haib17CEM5241_HMGMHCCXY_SL343334,,metasub,,Singapore,Asia,,,,,1.432101 N 103.774234 E,,6/21/17,built environment,subway,surface,,,
SRR28910750,PRJNA732392,SAMN41164548,haib17CEM5241_HMGMHCCXY_SL343335,,metasub,,Singapore,Asia,,,,,1.429721 N 103.834916 E,,6/21/17,built environment,subway,surface,,,
SRR28911111,PRJNA732392,SAMN41164850,haib17CEM5241_HMGMHCCXY_SL343336,,metasub,,Singapore,Asia,,,,,1.429414 N 103.831758 E,,6/21/17,built environment,subway,surface,,,
SRR28911082,PRJNA732392,SAMN41164413,haib17CEM5241_HMGMHCCXY_SL343337,,metasub,,Singapore,Asia,,,,,1.429484 N 103.834127 E,,6/21/17,built environment,subway,surface,,,
SRR28910789,PRJNA732392,SAMN41164489,haib17CEM5241_HMGMHCCXY_SL343338,,metasub,,Singapore,Asia,,,,,1.430258 N 103.834551 E,,6/21/17,built environment,subway,surface,,,
SRR28911202,PRJNA732392,SAMN41164574,haib17CEM5241_HMGMHCCXY_SL343339,,metasub,,Singapore,Asia,,,,,1.430203 N 103.833693 E,,6/21/17,built environment,subway,surface,,,
SRR28911261,PRJNA732392,SAMN41164683,haib17CEM5241_HMGMHCCXY_SL343340,,metasub,,Singapore,Asia,,,,,1.432157 N 103.773752 E,,6/21/17,built environment,subway,surface,,,
SRR28911029,PRJNA732392,SAMN41165184,haib17CEM5241_HMGMHCCXY_SL343341,,metasub,,Singapore,Asia,,,,,1.432397 N 103.773897 E,,6/21/17,built environment,subway,surface,,,
SRR28911445,PRJNA732392,SAMN41164741,haib17CEM5241_HMGMHCCXY_SL343342,,metasub,,Singapore,Asia,,,,,1.431098 N 103.77841 E,,6/21/17,built environment,subway,surface,,,
SRR28911353,PRJNA732392,SAMN41165084,haib17CEM5241_HMGMHCCXY_SL343343,,metasub,,Singapore,Asia,,,,,1.437391 N 103.786048 E,,6/21/17,built environment,subway,surface,,,
SRR28911233,PRJNA732392,SAMN41164773,haib17CEM5241_HMGMHCCXY_SL343344,,metasub,,Singapore,Asia,,,,,1.432157 N 103.773752 E,,6/21/17,built environment,subway,surface,,,
SRR28910827,PRJNA732392,SAMN41165063,haib17CEM5241_HMGMHCCXY_SL343345,,metasub,,Singapore,Asia,,,,,1.431885 N 103.774969 E,,6/21/17,built environment,subway,surface,,,
SRR28911426,PRJNA732392,SAMN41164823,haib17CEM5241_HMGMHCCXY_SL343346,,metasub,,Singapore,Asia,,,,,1.437212 N 103.785887 E,,6/21/17,built environment,subway,surface,,,
SRR28911383,PRJNA732392,SAMN41164992,haib17CEM5241_HMGMHCCXY_SL343347,,metasub,,Singapore,Asia,,,,,1.430053 N 103.833097 E,,6/21/17,built environment,subway,surface,,,
SRR28910987,PRJNA732392,SAMN41164529,haib17CEM5241_HMGMHCCXY_SL343348,,metasub,,Singapore,Asia,,,,,1.43036 N 103.835345 E,,6/21/17,built environment,subway,surface,,,
SRR28910754,PRJNA732392,SAMN41165323,haib17CEM5241_HMGMHCCXY_SL343349,,metasub,,Singapore,Asia,,,,,1.429468 N 103.834133 E,,6/21/17,built environment,subway,surface,,,
SRR28910869,PRJNA732392,SAMN41164960,haib17CEM5241_HMGMHCCXY_SL343350,,metasub,,Singapore,Asia,,,,,1.430258 N 103.834551 E,,6/21/17,built environment,subway,surface,,,
SRR28910890,PRJNA732392,SAMN41164454,haib17CEM5241_HMGMHCCXY_SL343351,,metasub,,Singapore,Asia,,,,,1.432193 N 103.774166 E,,6/21/17,built environment,subway,surface,,,
SRR28910977,PRJNA732392,SAMN41164538,haib17CEM5241_HMGMHCCXY_SL343352,,metasub,,Singapore,Asia,,,,,1.431775 N 103.773577 E,,6/21/17,built environment,subway,surface,,,
SRR28911238,PRJNA732392,SAMN41164768,haib17CEM5241_HMGMHCCXY_SL343353,,metasub,,Singapore,Asia,,,,,1.437333 N 103.785823 E,,6/21/17,built environment,subway,surface,,,
SRR28910917,PRJNA732392,SAMN41164787,haib17CEM5241_HMGMHCCXY_SL343354,,metasub,,Singapore,Asia,,,,,1.431359 N 103.774041 E,,6/21/17,built environment,subway,surface,,,
SRR28911251,PRJNA732392,SAMN41164692,haib17CEM5241_HMGMHCCXY_SL343355,,metasub,,Singapore,Asia,,,,,1.432157 N 103.773752 E,,6/21/17,built environment,subway,surface,,,
SRR28910875,PRJNA732392,SAMN41164890,haib17CEM5241_HMGMHCCXY_SL343356,,metasub,,Singapore,Asia,,,,,1.431949 N 103.775094 E,,6/21/17,built environment,subway,surface,,,
SRR28910916,PRJNA732392,SAMN41164788,haib17CEM5241_HMGMHCCXY_SL343357,,metasub,,Singapore,Asia,,,,,1.432157 N 103.773752 E,,6/21/17,built environment,subway,surface,,,
SRR28910801,PRJNA732392,SAMN41165151,haib17CEM5241_HMGMHCCXY_SL343358,,metasub,,Singapore,Asia,,,,,1.429721 N 103.834916 E,,6/21/17,built environment,subway,surface,,,
SRR28911596,PRJNA732392,SAMN41164946,haib17CEM5241_HMGMHCCXY_SL343359,,metasub,,Singapore,Asia,,,,,1.430198 N 103.833677 E,,6/21/17,built environment,subway,surface,,,
SRR28911175,PRJNA732392,SAMN41164663,haib17CEM5241_HMGMHCCXY_SL343360,,metasub,,Singapore,Asia,,,,,1.430338 N 103.832584 E,,6/21/17,built environment,subway,surface,,,
SRR28910749,PRJNA732392,SAMN41164549,haib17CEM5241_HMGMHCCXY_SL343361,,metasub,,Singapore,Asia,,,,,1.432065 N 103.774143 E,,6/21/17,built environment,subway,surface,,,
SRR28910800,PRJNA732392,SAMN41165152,haib17CEM5241_HMGMHCCXY_SL343362,,metasub,,Singapore,Asia,,,,,1.431839 N 103.774981 E,,6/21/17,built environment,subway,surface,,,
SRR28910738,PRJNA732392,SAMN41164559,haib17CEM5241_HMGMHCCXY_SL343363,,metasub,,Singapore,Asia,,,,,1.431277 N 103.773962 E,,6/21/17,built environment,subway,surface,,,
SRR28911533,PRJNA732392,SAMN41165197,haib17CEM5241_HMGMHCCXY_SL343364,,metasub,,Singapore,Asia,,,,,1.432141 N 103.775105 E,,6/21/17,built environment,subway,surface,,,
SRR28911459,PRJNA732392,SAMN41164728,haib17CEM5241_HMGMHCCXY_SL343365,,metasub,,Singapore,Asia,,,,,1.437332 N 103.785936 E,,6/21/17,built environment,subway,surface,,,
SRR28911235,PRJNA732392,SAMN41164771,haib17CEM5241_HMGMHCCXY_SL343366,,metasub,,Singapore,Asia,,,,,1.429695 N 103.834471 E,,6/21/17,built environment,subway,surface,,,
SRR28910769,PRJNA732392,SAMN41165309,haib17CEM5241_HMGMHCCXY_SL343367,,metasub,,Singapore,Asia,,,,,1.429414 N 103.831736 E,,6/21/17,built environment,subway,surface,,,
SRR28911205,PRJNA732392,SAMN41164571,haib17CEM5241_HMGMHCCXY_SL343368,,metasub,,Singapore,Asia,,,,,1.429325 N 103.834943 E,,6/21/17,built environment,subway,surface,,,
SRR28910909,PRJNA732392,SAMN41164795,haib17CEM5241_HMGMHCCXY_SL343369,,metasub,,Singapore,Asia,,,,,1.430037 N 103.833081 E,,6/21/17,built environment,subway,surface,,,
SRR28911208,PRJNA732392,SAMN41164525,haib17CEM5241_HMGMHCCXY_SL343370,,metasub,,Singapore,Asia,,,,,1.430543 N 103.774654 E,,6/21/17,built environment,subway,surface,,,
SRR28911495,PRJNA732392,SAMN41164496,haib17CEM5241_HMGMHCCXY_SL343371,,metasub,,Singapore,Asia,,,,,1.432388 N 103.773901 E,,6/21/17,built environment,subway,surface,,,
SRR28911377,PRJNA732392,SAMN41164997,haib17CEM5241_HMGMHCCXY_SL343372,,metasub,,Singapore,Asia,,,,,1.432147 N 103.775039 E,,6/21/17,built environment,subway,surface,,,
SRR28910798,PRJNA732392,SAMN41165218,haib17CEM5241_HMGMHCCXY_SL343373,,metasub,,Singapore,Asia,,,,,1.43769 N 103.78597 E,,6/21/17,built environment,subway,surface,,,
SRR28911000,PRJNA732392,SAMN41165275,haib17CEM5241_HMGMHCCXY_SL343374,,metasub,,Singapore,Asia,,,,,1.432157 N 103.773752 E,,6/21/17,built environment,subway,surface,,,
SRR28911354,PRJNA732392,SAMN41165083,haib17CEM5241_HMGMHCCXY_SL343375,,metasub,,Singapore,Asia,,,,,1.432157 N 103.773752 E,,6/21/17,built environment,subway,surface,,,
SRR28911209,PRJNA732392,SAMN41164524,haib17CEM5241_HMGMHCCXY_SL343376,,metasub,,Singapore,Asia,,,,,1.384938 N 103.744306 E,,6/21/17,built environment,subway,surface,,,
SRR28910810,PRJNA732392,SAMN41165143,haib17CEM5241_HMGMHCCXY_SL343377,,metasub,,Singapore,Asia,,,,,1.384954 N 103.744289 E,,6/21/17,built environment,subway,surface,,,
SRR28911034,PRJNA732392,SAMN41165179,haib17CEM5241_HMGMHCCXY_SL343378,,metasub,,Singapore,Asia,,,,,1.386107 N 103.744273 E,,6/21/17,built environment,subway,surface,,,
SRR28910761,PRJNA732392,SAMN41164498,haib17CEM5241_HMGMHCCXY_SL343379,,metasub,,Singapore,Asia,,,,,1.386128 N 103.744284 E,,6/21/17,built environment,subway,surface,,,
SRR28911477,PRJNA732392,SAMN41164647,haib17CEM5241_HMGMHCCXY_SL343380,,metasub,,Singapore,Asia,,,,,1.384285 N 103.744644 E,,6/21/17,built environment,subway,surface,,,
SRR28911093,PRJNA732392,SAMN41164931,haib17CEM5241_HMGMHCCXY_SL343381,,metasub,,Singapore,Asia,,,,,1.38429 N 103.744644 E,,6/21/17,built environment,subway,surface,,,
SRR28911527,PRJNA732392,SAMN41165203,haib17CEM5241_HMGMHCCXY_SL343382,,metasub,,Singapore,Asia,,,,,1.384317 N 103.744745 E,,6/21/17,built environment,subway,surface,,,
SRR28911142,PRJNA732392,SAMN41164757,haib17CEM5241_HMGMHCCXY_SL343383,,metasub,,Singapore,Asia,,,,,1.384322 N 103.744745 E,,6/21/17,built environment,subway,surface,,,
SRR28911017,PRJNA732392,SAMN41165195,haib17CEM5241_HMGMHCCXY_SL343384,,metasub,,Singapore,Asia,,,,,1.384285 N 103.744654 E,,6/21/17,built environment,subway,surface,,,
SRR28911304,PRJNA732392,SAMN41165257,haib17CEM5241_HMGMHCCXY_SL343385,,metasub,,Singapore,Asia,,,,,1.384301 N 103.744654 E,,6/21/17,built environment,subway,surface,,,
SRR28910734,PRJNA732392,SAMN41164563,haib17CEM5241_HMGMHCCXY_SL343386,,metasub,,Singapore,Asia,,,,,1.384295 N 103.744638 E,,6/21/17,built environment,subway,surface,,,
SRR28911461,PRJNA732392,SAMN41164439,haib17CEM5241_HMGMHCCXY_SL343387,,metasub,,Singapore,Asia,,,,,1.384306 N 103.744649 E,,6/21/17,built environment,subway,surface,,,
SRR28911201,PRJNA732392,SAMN41164575,haib17CEM5241_HMGMHCCXY_SL343388,,metasub,,Singapore,Asia,,,,,1.354435 N 103.960375 E,,6/21/17,built environment,subway,surface,,,
SRR28910805,PRJNA732392,SAMN41165147,haib17CEM5241_HMGMHCCXY_SL343389,,metasub,,Singapore,Asia,,,,,1.355811 N 103.961042 E,,6/21/17,built environment,subway,surface,,,
SRR28911181,PRJNA732392,SAMN41164657,haib17CEM5241_HMGMHCCXY_SL343390,,metasub,,Singapore,Asia,,,,,1.35438 N 103.960321 E,,6/21/17,built environment,subway,surface,,,
SRR28911523,PRJNA732392,SAMN41164415,haib17CEM5241_HMGMHCCXY_SL343391,,metasub,,Singapore,Asia,,,,,1.384423 N 103.745196 E,,6/21/17,built environment,subway,surface,,,
SRR28911058,PRJNA732392,SAMN41165093,haib17CEM5241_HMGMHCCXY_SL343392,,metasub,,Singapore,Asia,,,,,1.384417 N 103.745185 E,,6/21/17,built environment,subway,surface,,,
SRR28911005,PRJNA732392,SAMN41165270,haib17CEM5241_HMGMHCCXY_SL343393,,metasub,,Singapore,Asia,,,,,1.384305 N 103.744526 E,,6/21/17,built environment,subway,surface,,,
SRR28910775,PRJNA732392,SAMN41165239,haib17CEM5241_HMGMHCCXY_SL343394,,metasub,,Singapore,Asia,,,,,1.384198 N 103.744375 E,,6/21/17,built environment,subway,surface,,,
SRR28911278,PRJNA732392,SAMN41164603,haib17CEM5241_HMGMHCCXY_SL343395,,metasub,,Singapore,Asia,,,,,1.384149 N 103.744225 E,,6/21/17,built environment,subway,surface,,,
SRR28911254,PRJNA732392,SAMN41164689,haib17CEM5241_HMGMHCCXY_SL343396,,metasub,,Singapore,Asia,,,,,1.384144 N 103.744214 E,,6/21/17,built environment,subway,surface,,,
SRR28910833,PRJNA732392,SAMN41165057,haib17CEM5241_HMGMHCCXY_SL343425,,metasub,,Poland,Europe,,,,,missing,,6/24/17,built environment,subway,surface,,,
SRR28911308,PRJNA732392,SAMN41165254,haib17CEM5241_HMGMHCCXY_SL343426,,metasub,,Poland,Europe,,,,,missing,,6/24/17,built environment,subway,surface,,,
SRR28911191,PRJNA732392,SAMN41164584,haib17CEM5241_HMGMHCCXY_SL343427,,metasub,,Poland,Europe,,,,,missing,,6/24/17,built environment,subway,surface,,,
SRR28911451,PRJNA732392,SAMN41164736,haib17CEM5241_HMGMHCCXY_SL343428,,metasub,,Poland,Europe,,,,,missing,,6/24/17,built environment,subway,surface,,,
SRR28911050,PRJNA732392,SAMN41165100,haib17CEM5241_HMGMHCCXY_SL343429,,metasub,,Poland,Europe,,,,,missing,,6/24/17,built environment,subway,surface,,,
SRR28910959,PRJNA732392,SAMN41164619,haib17CEM5241_HMGMHCCXY_SL343430,,metasub,,Poland,Europe,,,,,missing,,6/24/17,built environment,subway,surface,,,
SRR28910843,PRJNA732392,SAMN41165048,haib17CEM5241_HMGMHCCXY_SL343431,,metasub,,uncalculated,uncalculated,,,,,missing,,missing,built environment,subway,surface,,,
SRR28911591,PRJNA732392,SAMN41164950,haib17CEM5241_HMGMHCCXY_SL343432,,metasub,,Poland,Europe,,,,,missing,,6/24/17,built environment,subway,surface,,,
SRR28911519,PRJNA732392,SAMN41165209,haib17CEM5241_HMGMHCCXY_SL343433,,metasub,,Poland,Europe,,,,,missing,,6/24/17,built environment,subway,surface,,,
SRR28911462,PRJNA732392,SAMN41164726,haib17CEM5241_HMGMHCCXY_SL343434,,metasub,,Poland,Europe,,,,,missing,,6/24/17,built environment,subway,surface,,,
SRR28910782,PRJNA732392,SAMN41165233,haib17CEM5241_HMGMHCCXY_SL343435,,metasub,,Poland,Europe,,,,,missing,,6/24/17,built environment,subway,surface,,,
SRR28911341,PRJNA732392,SAMN41165159,haib17CEM5241_HMGMHCCXY_SL343436,,metasub,,Poland,Europe,,,,,missing,,6/24/17,built environment,subway,surface,,,
SRR28911311,PRJNA732392,SAMN41165251,haib17CEM5241_HMGMHCCXY_SL343437,,metasub,,Poland,Europe,,,,,missing,,6/24/17,built environment,subway,surface,,,
SRR28911532,PRJNA732392,SAMN41165198,haib17CEM5241_HMGMHCCXY_SL343438,,metasub,,Poland,Europe,,,,,missing,,6/24/17,built environment,subway,surface,,,
SRR28911316,PRJNA732392,SAMN41164491,haib17CEM5241_HMGMHCCXY_SL343439,,metasub,,Poland,Europe,,,,,missing,,6/24/17,built environment,subway,surface,,,
SRR28910895,PRJNA732392,SAMN41164447,haib17CEM5241_HMGMHCCXY_SL343440,,metasub,,Poland,Europe,,,,,missing,,6/24/17,built environment,subway,surface,,,
SRR28911340,PRJNA732392,SAMN41165160,haib17CEM5241_HMGMHCCXY_SL343441,,metasub,,Poland,Europe,,,,,missing,,6/24/17,built environment,subway,surface,,,
SRR28911320,PRJNA732392,SAMN41165243,haib17CEM5241_HMGMHCCXY_SL343442,,metasub,,Poland,Europe,,,,,missing,,6/24/17,built environment,subway,surface,,,
SRR28910978,PRJNA732392,SAMN41164537,haib17CEM5241_HMGMHCCXY_SL343443,,metasub,,Poland,Europe,,,,,missing,,6/24/17,built environment,subway,surface,,,
SRR28911588,PRJNA732392,SAMN41164953,haib17CEM5241_HMGMHCCXY_SL343444,,metasub,,Poland,Europe,,,,,missing,,6/24/17,built environment,subway,surface,,,
SRR28911110,PRJNA732392,SAMN41164916,haib17CEM5241_HMGMHCCXY_SL343445,,metasub,,uncalculated,uncalculated,,,,,missing,,missing,built environment,subway,surface,,,
SRR28911496,PRJNA732392,SAMN41165296,haib17CEM5241_HMGMHCCXY_SL343446,,metasub,,Poland,Europe,,,,,missing,,6/24/17,built environment,subway,surface,,,
SRR28911283,PRJNA732392,SAMN41164598,haib17CEM5241_HMGMHCCXY_SL343447,,metasub,,Poland,Europe,,,,,missing,,6/24/17,built environment,subway,surface,,,
SRR28910830,PRJNA732392,SAMN41165060,haib17CEM5241_HMGMHCCXY_SL343448,,metasub,,Poland,Europe,,,,,missing,,6/24/17,built environment,subway,surface,,,
SRR28911401,PRJNA732392,SAMN41164910,haib17CEM5241_HMGMHCCXY_SL343449,,metasub,,Poland,Europe,,,,,missing,,6/24/17,built environment,subway,surface,,,
SRR28911482,PRJNA732392,SAMN41164643,haib17CEM5241_HMGMHCCXY_SL343450,,metasub,,Poland,Europe,,,,,missing,,6/24/17,built environment,subway,surface,,,
SRR28911421,PRJNA732392,SAMN41164827,haib17CEM5241_HMGMHCCXY_SL343451,,metasub,,uncalculated,uncalculated,,,,,missing,,missing,built environment,subway,surface,,,
SRR28911410,PRJNA732392,SAMN41164903,haib17CEM5241_HMGMHCCXY_SL343452,,metasub,,Poland,Europe,,,,,missing,,6/24/17,built environment,subway,surface,,,
SRR28911237,PRJNA732392,SAMN41164769,haib17CEM5241_HMGMHCCXY_SL343453,,metasub,,Poland,Europe,,,,,missing,,6/24/17,built environment,subway,surface,,,
SRR28910900,PRJNA732392,SAMN41164803,haib17CEM5241_HMGMHCCXY_SL343454,,metasub,,Poland,Europe,,,,,missing,,6/24/17,built environment,subway,surface,,,
SRR28910969,PRJNA732392,SAMN41164546,haib17CEM5241_HMGMHCCXY_SL343455,,metasub,,Poland,Europe,,,,,missing,,6/24/17,built environment,subway,surface,,,
SRR28911077,PRJNA732392,SAMN41165010,haib17CEM5241_HMGMHCCXY_SL343456,,metasub,,Poland,Europe,,,,,missing,,6/24/17,built environment,subway,surface,,,
SRR28911616,PRJNA732392,SAMN41164863,haib17CEM5241_HMGMHCCXY_SL343457,,metasub,,Poland,Europe,,,,,missing,,6/24/17,built environment,subway,surface,,,
SRR28911091,PRJNA732392,SAMN41164933,haib17CEM5241_HMGMHCCXY_SL343458,,metasub,,Poland,Europe,,,,,missing,,6/24/17,built environment,subway,surface,,,
SRR28910868,PRJNA732392,SAMN41164961,haib17CEM5241_HMGMHCCXY_SL343459,,metasub,,Poland,Europe,,,,,missing,,6/24/17,built environment,subway,surface,,,
SRR28910742,PRJNA732392,SAMN41164556,haib17CEM5241_HMGMHCCXY_SL343460,,metasub,,Poland,Europe,,,,,missing,,6/24/17,built environment,subway,surface,,,
SRR28911107,PRJNA732392,SAMN41164918,haib17CEM5241_HMGMHCCXY_SL343461,,metasub,,Poland,Europe,,,,,missing,,6/24/17,built environment,subway,surface,,,
SRR28911222,PRJNA732392,SAMN41164512,haib17CEM5241_HMGMHCCXY_SL343462,,metasub,,uncalculated,uncalculated,,,,,missing,,missing,built environment,subway,surface,,,
SRR28910919,PRJNA732392,SAMN41164720,haib17CEM5241_HMGMHCCXY_SL343463,,metasub,,Poland,Europe,,,,,missing,,6/24/17,built environment,subway,surface,,,
SRR28911436,PRJNA732392,SAMN41164814,haib17CEM5241_HMGMHCCXY_SL343464,,metasub,,Poland,Europe,,,,,missing,,6/24/17,built environment,subway,surface,,,
SRR28910911,PRJNA732392,SAMN41164793,haib17CEM5241_HMGMHCCXY_SL343465,,metasub,,Poland,Europe,,,,,missing,,6/24/17,built environment,subway,surface,,,
SRR28911473,PRJNA732392,SAMN41164651,haib17CEM5241_HMGMHCCXY_SL343466,,metasub,,uncalculated,uncalculated,,,,,missing,,missing,built environment,subway,surface,,,
SRR28911441,PRJNA732392,SAMN41164809,haib17CEM5241_HMGMHCCXY_SL343467,,metasub,,Poland,Europe,,,,,missing,,6/24/17,built environment,subway,surface,,,
SRR28911360,PRJNA732392,SAMN41165077,haib17CEM5241_HMGMHCCXY_SL343468,,metasub,,Poland,Europe,,,,,missing,,6/24/17,built environment,subway,surface,,,
SRR28911014,PRJNA732392,SAMN41165262,haib17CEM5241_HMGMHCCXY_SL343469,,metasub,,Poland,Europe,,,,,missing,,6/24/17,built environment,subway,surface,,,
SRR28911184,PRJNA732392,SAMN41164590,haib17CEM5241_HMGMHCCXY_SL343470,,metasub,,Poland,Europe,,,,,missing,,6/24/17,built environment,subway,surface,,,
SRR28911271,PRJNA732392,SAMN41164608,haib17CEM5241_HMGMHCCXY_SL343471,,metasub,,Poland,Europe,,,,,missing,,6/24/17,built environment,subway,surface,,,
SRR28911359,PRJNA732392,SAMN41165078,haib17CEM5241_HMGMHCCXY_SL343472,,metasub,,Poland,Europe,,,,,missing,,6/24/17,built environment,subway,surface,,,
SRR28911031,PRJNA732392,SAMN41165182,haib17CEM5241_HMGMHCCXY_SL343473,,metasub,,uncalculated,uncalculated,,,,,missing,,missing,built environment,subway,surface,,,
SRR28910785,PRJNA732392,SAMN41165230,haib17CEM5241_HMGMHCCXY_SL343474,,metasub,,Poland,Europe,,,,,missing,,6/24/17,built environment,subway,surface,,,
SRR28911211,PRJNA732392,SAMN41164522,haib17CEM5241_HMGMHCCXY_SL343475,,metasub,,Poland,Europe,,,,,missing,,6/24/17,built environment,subway,surface,,,
SRR28911108,PRJNA732392,SAMN41164917,haib17CEM5241_HMGMHCCXY_SL343476,,metasub,,Poland,Europe,,,,,missing,,6/24/17,built environment,subway,surface,,,
SRR28911518,PRJNA732392,SAMN41165210,haib17CEM5241_HMGMHCCXY_SL343477,,metasub,,Poland,Europe,,,,,missing,,6/24/17,built environment,subway,surface,,,
SRR28911245,PRJNA732392,SAMN41164697,haib17CEM5241_HMGMHCCXY_SL343478,,metasub,,Poland,Europe,,,,,missing,,6/24/17,built environment,subway,surface,,,
SRR28910762,PRJNA732392,SAMN41165316,haib17CEM5241_HMGMHCCXY_SL343479,,metasub,,Poland,Europe,,,,,missing,,6/24/17,built environment,subway,surface,,,
SRR28910991,PRJNA732392,SAMN41165283,haib17CEM5241_HMGMHCCXY_SL343480,,metasub,,Poland,Europe,,,,,missing,,6/24/17,built environment,subway,surface,,,
SRR28911094,PRJNA732392,SAMN41164930,haib17CEM5241_HMGMHCCXY_SL343481,,metasub,,Poland,Europe,,,,,missing,,6/24/17,built environment,subway,surface,,,
SRR28910889,PRJNA732392,SAMN41164877,haib17CEM5241_HMGMHCCXY_SL343482,,metasub,,Poland,Europe,,,,,missing,,6/24/17,built environment,subway,surface,,,
SRR28910758,PRJNA732392,SAMN41165319,haib17CEM5241_HMGMHCCXY_SL343483,,metasub,,Poland,Europe,,,,,missing,,6/24/17,built environment,subway,surface,,,
SRR28911385,PRJNA732392,SAMN41164990,haib17CEM5241_HMGMHCCXY_SL343484,,metasub,,Poland,Europe,,,,,missing,,6/24/17,built environment,subway,surface,,,
SRR28911213,PRJNA732392,SAMN41164520,haib17CEM5241_HMGMHCCXY_SL343485,,metasub,,Poland,Europe,,,,,missing,,6/24/17,built environment,subway,surface,,,
SRR28910784,PRJNA732392,SAMN41165231,haib17CEM5241_HMGMHCCXY_SL343486,,metasub,,Poland,Europe,,,,,missing,,6/24/17,built environment,subway,surface,,,
SRR28911047,PRJNA732392,SAMN41165103,haib17CEM5241_HMGMHCCXY_SL343487,,metasub,,Poland,Europe,,,,,missing,,6/24/17,built environment,subway,surface,,,
SRR28911102,PRJNA732392,SAMN41164923,haib17CEM5241_HMGMHCCXY_SL343488,,metasub,,Poland,Europe,,,,,missing,,6/24/17,built environment,subway,surface,,,
SRR28911089,PRJNA732392,SAMN41164935,haib17CEM5241_HMGMHCCXY_SL343489,,metasub,,Poland,Europe,,,,,missing,,6/24/17,built environment,subway,surface,,,
SRR28911479,PRJNA732392,SAMN41164646,haib17CEM5241_HMGMHCCXY_SL343490,,metasub,,Poland,Europe,,,,,missing,,6/24/17,built environment,subway,surface,,,
SRR28911407,PRJNA732392,SAMN41164906,haib17CEM5241_HMGMHCCXY_SL343491,,metasub,,uncalculated,uncalculated,,,,,missing,,missing,built environment,subway,surface,,,
SRR28910993,PRJNA732392,SAMN41165281,haib17CEM5241_HMGMHCCXY_SL343492,,metasub,,Poland,Europe,,,,,missing,,6/24/17,built environment,subway,surface,,,
SRR28910726,PRJNA732392,SAMN41164635,haib17CEM5241_HMGMHCCXY_SL343493,,metasub,,Poland,Europe,,,,,missing,,6/24/17,built environment,subway,surface,,,
SRR28911289,PRJNA732392,SAMN41164593,haib17CEM5241_HMGMHCCXY_SL343494,,metasub,,Poland,Europe,,,,,missing,,6/24/17,built environment,subway,surface,,,
SRR28910935,PRJNA732392,SAMN41164410,haib17CEM5241_HMGMHCCXY_SL343495,,metasub,,Poland,Europe,,,,,missing,,6/24/17,built environment,subway,surface,,,
SRR28911275,PRJNA732392,SAMN41164606,haib17CEM5241_HMGMHCCXY_SL343496,,metasub,,Poland,Europe,,,,,missing,,6/24/17,built environment,subway,surface,,,
SRR28911137,PRJNA732392,SAMN41164762,haib17CEM5241_HMGMHCCXY_SL343497,,metasub,,Poland,Europe,,,,,missing,,6/24/17,built environment,subway,surface,,,
SRR28910947,PRJNA732392,SAMN41164630,haib17CEM5241_HMGMHCCXY_SL343498,,metasub,,Poland,Europe,,,,,missing,,6/24/17,built environment,subway,surface,,,
SRR28911146,PRJNA732392,SAMN41164754,haib17CEM5241_HMGMHCCXY_SL343499,,metasub,,Poland,Europe,,,,,missing,,6/24/17,built environment,subway,surface,,,
SRR28911486,PRJNA732392,SAMN41165305,haib17CEM5241_HMGMHCCXY_SL343500,,metasub,,uncalculated,uncalculated,,,,,missing,,missing,built environment,subway,surface,,,
SRR28911297,PRJNA732392,SAMN41164500,haib17CEM5241_HMGMHCCXY_SL343501,,metasub,,Poland,Europe,,,,,missing,,6/24/17,built environment,subway,surface,,,
SRR28911535,PRJNA732392,SAMN41165130,haib17CEM5241_HMGMHCCXY_SL343502,,metasub,,Singapore,Asia,,,,,1.430048 N 103.833081 E,,6/21/17,built environment,subway,surface,,,
SRR28911434,PRJNA732392,SAMN41164816,haib17CEM5241_HMGMHCCXY_SL343503,,metasub,,Singapore,Asia,,,,,1.429403 N 103.831747 E,,6/21/17,built environment,subway,surface,,,
SRR28911378,PRJNA732392,SAMN41164466,haib17CEM5241_HMGMHCCXY_SL343504,,metasub,,Singapore,Asia,,,,,1.429458 N 103.834111 E,,6/21/17,built environment,subway,surface,,,
SRR28911038,PRJNA732392,SAMN41165176,haib17CEM5241_HMGMHCCXY_SL343505,,metasub,,Singapore,Asia,,,,,1.429435 N 103.831715 E,,6/21/17,built environment,subway,surface,,,
SRR28911013,PRJNA732392,SAMN41165263,haib17CEM5241_HMGMHCCXY_SL343506,,metasub,,Singapore,Asia,,,,,1.437203 N 103.786117 E,,6/21/17,built environment,subway,surface,,,
SRR28910730,PRJNA732392,SAMN41164423,haib17CEM5241_HMGMHCCXY_SL343507,,metasub,,Singapore,Asia,,,,,1.432157 N 103.773752 E,,6/21/17,built environment,subway,surface,,,
SRR28910972,PRJNA732392,SAMN41164543,haib17CEM5241_HMGMHCCXY_SL343508,,metasub,,Singapore,Asia,,,,,1.431875 N 103.775139 E,,6/21/17,built environment,subway,surface,,,
SRR28910999,PRJNA732392,SAMN41165276,haib17CEM5241_HMGMHCCXY_SL343509,,metasub,,Singapore,Asia,,,,,1.431775 N 103.773577 E,,6/21/17,built environment,subway,surface,,,
SRR28911151,PRJNA732392,SAMN41164749,haib17CEM5241_HMGMHCCXY_SL343510,,metasub,,Singapore,Asia,,,,,1.431387 N 103.77403 E,,6/21/17,built environment,subway,surface,,,
SRR28910854,PRJNA732392,SAMN41164974,haib17CEM5241_HMGMHCCXY_SL343511,,metasub,,Singapore,Asia,,,,,1.431449 N 103.774245 E,,6/21/17,built environment,subway,surface,,,
SRR28911622,PRJNA732392,SAMN41164857,haib17CEM5241_HMGMHCCXY_SL343512,,metasub,,Singapore,Asia,,,,,1.431889 N 103.774939 E,,6/21/17,built environment,subway,surface,,,
SRR28911090,PRJNA732392,SAMN41164934,haib17CEM5241_HMGMHCCXY_SL343513,,metasub,,Singapore,Asia,,,,,1.429695 N 103.834455 E,,6/21/17,built environment,subway,surface,,,
SRR28911139,PRJNA732392,SAMN41164760,haib17CEM5241_HMGMHCCXY_SL343514,,metasub,,Singapore,Asia,,,,,1.430058 N 103.833092 E,,6/21/17,built environment,subway,surface,,,
SRR28910741,PRJNA732392,SAMN41164422,haib17CEM5241_HMGMHCCXY_SL343515,,metasub,,Singapore,Asia,,,,,1.429474 N 103.834138 E,,6/21/17,built environment,subway,surface,,,
SRR28911583,PRJNA732392,SAMN41164957,haib17CEM5241_HMGMHCCXY_SL343516,,metasub,,Singapore,Asia,,,,,1.430197 N 103.833657 E,,6/21/17,built environment,subway,surface,,,
SRR28911070,PRJNA732392,SAMN41164468,haib17CEM5241_HMGMHCCXY_SL343517,,metasub,,uncalculated,uncalculated,,,,,missing,,missing,built environment,subway,surface,,,
SRR28910791,PRJNA732392,SAMN41165225,haib17CEM5241_HMGTJCCXY_SL342592,,metasub,,Poland,Europe,,,,,missing,,6/24/17,built environment,subway,surface,,,
SRR28911398,PRJNA732392,SAMN41164913,haib17CEM5241_HMGTJCCXY_SL342593,,metasub,,Poland,Europe,,,,,missing,,6/24/17,built environment,subway,surface,,,
SRR28911219,PRJNA732392,SAMN41164515,haib17CEM5241_HMGW3CCXY_SL342592,,metasub,,Poland,Europe,,,,,missing,,6/24/17,built environment,subway,surface,,,
SRR28910995,PRJNA732392,SAMN41165279,haib17CEM5241_HMGW3CCXY_SL342593,,metasub,,Poland,Europe,,,,,missing,,6/24/17,built environment,subway,surface,,,
SRR28910941,PRJNA732392,SAMN41164701,haib17DB4959_H3MGVCCXY_SL259824,,metasub,,USA,North America,,,,,40.707482 N 73.799114 W,,6/21/17,built environment,subway,surface,,,
SRR28911372,PRJNA732392,SAMN41165002,haib17DB4959_H3MGVCCXY_SL259825,,metasub,,USA,North America,,,,,40.681511 N 73.879607 W,,6/21/17,built environment,subway,surface,,,
SRR28910964,PRJNA732392,SAMN41164615,haib17DB4959_H3MGVCCXY_SL259826,,metasub,,USA,North America,,,,,40.683377 N 73.873421 W,,6/21/17,built environment,subway,surface,,,
SRR28911145,PRJNA732392,SAMN41164755,haib17DB4959_H3MGVCCXY_SL259827,,metasub,,USA,North America,,,,,40.697034 N 73.837067 W,,6/21/17,built environment,subway,surface,,,
SRR28911003,PRJNA732392,SAMN41165272,haib17DB4959_H3MGVCCXY_SL259828,,metasub,,uncalculated,uncalculated,,,,,missing,,missing,built environment,subway,surface,,,
SRR28911172,PRJNA732392,SAMN41164666,haib17DB4959_H3MGVCCXY_SL259829,,metasub,,uncalculated,uncalculated,,,,,missing,,missing,built environment,subway,surface,,,
SRR28911263,PRJNA732392,SAMN41164681,haib17DB4959_H3MGVCCXY_SL259830,,metasub,,uncalculated,uncalculated,,,,,missing,,missing,built environment,subway,surface,,,
SRR28911604,PRJNA732392,SAMN41164938,haib17DB4959_H3MGVCCXY_SL259831,,metasub,,USA,North America,,,,,40.759851 N 73.829086 W,,6/21/17,built environment,subway,surface,,,
SRR28911133,PRJNA732392,SAMN41164830,haib17DB4959_H3MGVCCXY_SL259832,,metasub,,USA,North America,,,,,40.745242 N 73.949073 W,,6/21/17,built environment,subway,surface,,,
SRR28910994,PRJNA732392,SAMN41165280,haib17DB4959_H3MGVCCXY_SL259833,,metasub,,USA,North America,,,,,40.749024 N 73.869365 W,,6/21/17,built environment,subway,surface,,,
SRR28911537,PRJNA732392,SAMN41165128,haib17DB4959_H3MGVCCXY_SL259834,,metasub,,USA,North America,,,,,40.750675 N 73.940154 W,,6/21/17,built environment,subway,surface,,,
SRR28911224,PRJNA732392,SAMN41164510,haib17DB4959_H3MGVCCXY_SL259835,,metasub,,USA,North America,,,,,40.674373 N 73.896511 W,,6/21/17,built environment,subway,surface,,,
SRR28911595,PRJNA732392,SAMN41164461,haib17DB4959_H3MGVCCXY_SL259836,,metasub,,USA,North America,,,,,40.702677 N 73.799824 W,,6/21/17,built environment,subway,surface,,,
SRR28911264,PRJNA732392,SAMN41164680,haib17DB4959_H3MGVCCXY_SL259837,,metasub,,USA,North America,,,,,40.70037 N 73.807688 W,,6/21/17,built environment,subway,surface,,,
SRR28911573,PRJNA732392,SAMN41165031,haib17DB4959_H3MGVCCXY_SL259838,,metasub,,USA,North America,,,,,40.68332 N 73.873467 W,,6/21/17,built environment,subway,surface,,,
SRR28910826,PRJNA732392,SAMN41165064,haib17DB4959_H3MGVCCXY_SL259839,,metasub,,USA,North America,,,,,40.69109 N 73.867957 W,,6/21/17,built environment,subway,surface,,,
SRR28911229,PRJNA732392,SAMN41164408,haib17DB4959_H3MGVCCXY_SL259840,,metasub,,uncalculated,uncalculated,,,,,missing,,missing,built environment,subway,surface,,,
SRR28911154,PRJNA732392,SAMN41164441,haib17DB4959_H3MGVCCXY_SL259841,,metasub,,uncalculated,uncalculated,,,,,missing,,missing,built environment,subway,surface,,,
SRR28911600,PRJNA732392,SAMN41164942,haib17DB4959_H3MGVCCXY_SL259842,,metasub,,uncalculated,uncalculated,,,,,missing,,missing,built environment,subway,surface,,,
SRR28911449,PRJNA732392,SAMN41164737,haib17DB4959_H3MGVCCXY_SL259843,,metasub,,USA,North America,,,,,40.754737 N 74.000555 W,,6/21/17,built environment,subway,surface,,,
SRR28911284,PRJNA732392,SAMN41164597,haib17DB4959_H3MGVCCXY_SL259844,,metasub,,USA,North America,,,,,40.754714 N 74.000648 W,,6/21/17,built environment,subway,surface,,,
SRR28911065,PRJNA732392,SAMN41165021,haib17DB4959_H3MGVCCXY_SL259845,,metasub,,USA,North America,,,,,40.759711 N 73.829503 W,,6/21/17,built environment,subway,surface,,,
SRR28911021,PRJNA732392,SAMN41165191,haib17DB4959_H3MGVCCXY_SL259846,,metasub,,USA,North America,,,,,40.754936 N 74.0007 W,,6/21/17,built environment,subway,surface,,,
SRR28911432,PRJNA732392,SAMN41164817,haib17DB4959_H3MGVCCXY_SL259847,,metasub,,USA,North America,,,,,40.678661 N 73.903162 W,,6/21/17,built environment,subway,surface,,,
SRR28911167,PRJNA732392,SAMN41164670,haib17DB4959_H3MGVCCXY_SL259848,,metasub,,USA,North America,,,,,40.702668 N 73.799864 W,,6/21/17,built environment,subway,surface,,,
SRR28911343,PRJNA732392,SAMN41165157,haib17DB4959_H3MGVCCXY_SL259849,,metasub,,USA,North America,,,,,40.700385 N 73.807742 W,,6/21/17,built environment,subway,surface,,,
SRR28911319,PRJNA732392,SAMN41165244,haib17DB4959_H3MGVCCXY_SL259851,,metasub,,USA,North America,,,,,40.681693 N 73.879266 W,,6/21/17,built environment,subway,surface,,,
SRR28911299,PRJNA732392,SAMN41164499,haib17DB4959_H3MGVCCXY_SL259852,,metasub,,uncalculated,uncalculated,,,,,missing,,missing,built environment,subway,surface,,,
SRR28911225,PRJNA732392,SAMN41164509,haib17DB4959_H3MGVCCXY_SL259853,,metasub,,uncalculated,uncalculated,,,,,missing,,missing,built environment,subway,surface,,,
SRR28911561,PRJNA732392,SAMN41165042,haib17DB4959_H3MGVCCXY_SL259854,,metasub,,uncalculated,uncalculated,,,,,missing,,missing,built environment,subway,surface,,,
SRR28911114,PRJNA732392,SAMN41164847,haib17DB4959_H3MGVCCXY_SL259855,,metasub,,USA,North America,,,,,40.749271 N 73.937667 W,,6/21/17,built environment,subway,surface,,,
SRR28911008,PRJNA732392,SAMN41165267,haib17DB4959_H3MGVCCXY_SL259856,,metasub,,USA,North America,,,,,40.755363 N 73.845943 W,,6/21/17,built environment,subway,surface,,,
SRR28911390,PRJNA732392,SAMN41164986,haib17DB4959_H3MGVCCXY_SL259857,,metasub,,USA,North America,,,,,40.749051 N 73.869285 W,,6/21/17,built environment,subway,surface,,,
SRR28911617,PRJNA732392,SAMN41164862,haib17DB4959_H3MGVCCXY_SL259858,,metasub,,USA,North America,,,,,40.756827 N 73.838549 W,,6/21/17,built environment,subway,surface,,,
SRR28910850,PRJNA732392,SAMN41164977,haib17DB4959_H3MGVCCXY_SL259859,,metasub,,USA,North America,,,,,40.674194 N 73.896618 W,,6/21/17,built environment,subway,surface,,,
SRR28910745,PRJNA732392,SAMN41164553,haib17DB4959_H3MGVCCXY_SL259860,,metasub,,USA,North America,,,,,40.700362 N 73.807683 W,,6/21/17,built environment,subway,surface,,,
SRR28910962,PRJNA732392,SAMN41164428,haib17DB4959_H3MGVCCXY_SL259861,,metasub,,USA,North America,,,,,40.676907 N 73.899561 W,,6/21/17,built environment,subway,surface,,,
SRR28910740,PRJNA732392,SAMN41164557,haib17DB4959_H3MGVCCXY_SL259862,,metasub,,USA,North America,,,,,40.679619 N 73.885561 W,,6/21/17,built environment,subway,surface,,,
SRR28911337,PRJNA732392,SAMN41165163,haib17DB4959_H3MGVCCXY_SL259863,,metasub,,uncalculated,uncalculated,,,,,missing,,missing,built environment,subway,surface,,,
SRR28910943,PRJNA732392,SAMN41164634,haib17DB4959_H3MGVCCXY_SL259864,,metasub,,uncalculated,uncalculated,,,,,missing,,missing,built environment,subway,surface,,,
SRR28911613,PRJNA732392,SAMN41164866,haib17DB4959_H3MGVCCXY_SL259865,,metasub,,uncalculated,uncalculated,,,,,missing,,missing,built environment,subway,surface,,,
SRR28911602,PRJNA732392,SAMN41164940,haib17DB4959_H3MGVCCXY_SL259866,,metasub,,uncalculated,uncalculated,,,,,missing,,missing,built environment,subway,surface,,,
SRR28911152,PRJNA732392,SAMN41164748,haib17DB4959_H3MGVCCXY_SL259867,,metasub,,USA,North America,,,,,40.75493 N 74.000701 W,,6/21/17,built environment,subway,surface,,,
SRR28911105,PRJNA732392,SAMN41164920,haib17DB4959_H3MGVCCXY_SL259868,,metasub,,USA,North America,,,,,40.752889 N 73.977727 W,,6/21/17,built environment,subway,surface,,,
SRR28911241,PRJNA732392,SAMN41164766,haib17DB4959_H3MGVCCXY_SL259869,,metasub,,USA,North America,,,,,40.742762 N 73.954023 W,,6/21/17,built environment,subway,surface,,,
SRR28910814,PRJNA732392,SAMN41165139,haib17DB4959_H3MGVCCXY_SL259870,,metasub,,USA,North America,,,,,40.745623 N 73.948391 W,,6/21/17,built environment,subway,surface,,,
SRR28911227,PRJNA732392,SAMN41164507,haib17DB4959_H3MGVCCXY_SL259871,,metasub,,USA,North America,,,,,40.674389 N 73.896495 W,,6/21/17,built environment,subway,surface,,,
SRR28911558,PRJNA732392,SAMN41165045,haib17DB4959_H3MGVCCXY_SL259872,,metasub,,USA,North America,,,,,40.697634 N 73.835993 W,,6/21/17,built environment,subway,surface,,,
SRR28911567,PRJNA732392,SAMN41164470,haib17DB4959_H3MGVCCXY_SL259873,,metasub,,USA,North America,,,,,40.676753 N 73.899534 W,,6/21/17,built environment,subway,surface,,,
SRR28911430,PRJNA732392,SAMN41164819,haib17DB4959_H3MGVCCXY_SL259874,,metasub,,USA,North America,,,,,40.691322 N 73.866799 W,,6/21/17,built environment,subway,surface,,,
SRR28911026,PRJNA732392,SAMN41164485,haib17DB4959_H3MGVCCXY_SL259875,,metasub,,uncalculated,uncalculated,,,,,missing,,missing,built environment,subway,surface,,,
SRR28910923,PRJNA732392,SAMN41164438,haib17DB4959_H3MGVCCXY_SL259876,,metasub,,uncalculated,uncalculated,,,,,missing,,missing,built environment,subway,surface,,,
SRR28911113,PRJNA732392,SAMN41164848,haib17DB4959_H3MGVCCXY_SL259877,,metasub,,uncalculated,uncalculated,,,,,missing,,missing,built environment,subway,surface,,,
SRR28910998,PRJNA732392,SAMN41164494,haib17DB4959_H3MGVCCXY_SL259878,,metasub,,uncalculated,uncalculated,,,,,missing,,missing,built environment,subway,surface,,,
SRR28910824,PRJNA732392,SAMN41165066,haib17DB4959_H3MGVCCXY_SL259879,,metasub,,USA,North America,,,,,40.755972 N 73.985953 W,,6/21/17,built environment,subway,surface,,,
SRR28910871,PRJNA732392,SAMN41164894,haib17DB4959_H3MGVCCXY_SL259880,,metasub,,USA,North America,,,,,40.745001 N 73.907602 W,,6/21/17,built environment,subway,surface,,,
SRR28911609,PRJNA732392,SAMN41164869,haib17DB4959_H3MGVCCXY_SL259881,,metasub,,USA,North America,,,,,40.745618 N 73.948413 W,,6/21/17,built environment,subway,surface,,,
SRR28911556,PRJNA732392,SAMN41165111,haib17DB4959_H3MGVCCXY_SL259882,,metasub,,USA,North America,,,,,40.759968 N 73.828767 W,,6/21/17,built environment,subway,surface,,,
SRR28910925,PRJNA732392,SAMN41164715,haib17DB4959_H3MGVCCXY_SL259883,,metasub,,USA,North America,,,,,40.678661 N 73.90313 W,,6/21/17,built environment,subway,surface,,,
SRR28910934,PRJNA732392,SAMN41164437,haib17DB4959_H3MGVCCXY_SL259884,,metasub,,USA,North America,,,,,40.696997 N 73.837147 W,,6/21/17,built environment,subway,surface,,,
SRR28911223,PRJNA732392,SAMN41164511,haib17DB4959_H3MGVCCXY_SL259885,,metasub,,USA,North America,,,,,40.676888 N 73.899504 W,,6/21/17,built environment,subway,surface,,,
SRR28911048,PRJNA732392,SAMN41165102,haib17DB4959_H3MGVCCXY_SL259886,,metasub,,USA,North America,,,,,40.691052 N 73.866441 W,,6/21/17,built environment,subway,surface,,,
SRR28911044,PRJNA732392,SAMN41165106,haib17DB4959_H3MGVCCXY_SL259887,,metasub,,uncalculated,uncalculated,,,,,missing,,missing,built environment,subway,surface,,,
SRR28911437,PRJNA732392,SAMN41164813,haib17DB4959_H3MGVCCXY_SL259888,,metasub,,uncalculated,uncalculated,,,,,missing,,missing,built environment,subway,surface,,,
SRR28911386,PRJNA732392,SAMN41164989,haib17DB4959_H3MGVCCXY_SL259889,,metasub,,uncalculated,uncalculated,,,,,missing,,missing,built environment,subway,surface,,,
SRR28911455,PRJNA732392,SAMN41164732,haib17DB4959_H3MGVCCXY_SL259890,,metasub,,uncalculated,uncalculated,,,,,missing,,missing,built environment,subway,surface,,,
SRR28910884,PRJNA732392,SAMN41164882,haib17DB4959_H3MGVCCXY_SL259891,,metasub,,USA,North America,,,,,40.754669 N 73.846873 W,,6/21/17,built environment,subway,surface,,,
SRR28911267,PRJNA732392,SAMN41164612,haib17DB4959_H3MGVCCXY_SL259892,,metasub,,USA,North America,,,,,40.754901 N 73.999871 W,,6/21/17,built environment,subway,surface,,,
SRR28911170,PRJNA732392,SAMN41164667,haib17DB4959_H3MGVCCXY_SL259893,,metasub,,USA,North America,,,,,40.74334 N 73.927805 W,,6/21/17,built environment,subway,surface,,,
SRR28911239,PRJNA732392,SAMN41164767,haib17DB4959_H3MGVCCXY_SL259894,,metasub,,USA,North America,,,,,40.75475 N 74.000656 W,,6/21/17,built environment,subway,surface,,,
SRR28910809,PRJNA732392,SAMN41165144,haib17DB4959_H3MGVCCXY_SL259895,,metasub,,USA,North America,,,,,40.678706 N 73.903162 W,,6/21/17,built environment,subway,surface,,,
SRR28911497,PRJNA732392,SAMN41165295,haib17DB4959_H3MGVCCXY_SL259896,,metasub,,USA,North America,,,,,40.677954 N 73.891602 W,,6/21/17,built environment,subway,surface,,,
SRR28911453,PRJNA732392,SAMN41164734,haib17DB4959_H3MGVCCXY_SL259897,,metasub,,USA,North America,,,,,40.677626 N 73.892481 W,,6/21/17,built environment,subway,surface,,,
SRR28911389,PRJNA732392,SAMN41164465,haib17DB4959_H3MGVCCXY_SL259898,,metasub,,USA,North America,,,,,40.681699 N 73.879314 W,,6/21/17,built environment,subway,surface,,,
SRR28910939,PRJNA732392,SAMN41164703,haib17DB4959_H3MGVCCXY_SL259899,,metasub,,uncalculated,uncalculated,,,,,missing,,missing,built environment,subway,surface,,,
SRR28911195,PRJNA732392,SAMN41164580,haib17DB4959_H3MGVCCXY_SL259900,,metasub,,uncalculated,uncalculated,,,,,missing,,missing,built environment,subway,surface,,,
SRR28911545,PRJNA732392,SAMN41165121,haib17DB4959_H3MGVCCXY_SL259901,,metasub,,uncalculated,uncalculated,,,,,missing,,missing,built environment,subway,surface,,,
SRR28910722,PRJNA732392,SAMN41164638,haib17DB4959_H3MGVCCXY_SL259902,,metasub,,uncalculated,uncalculated,,,,,missing,,missing,built environment,subway,surface,,,
SRR28911560,PRJNA732392,SAMN41165043,haib17DB4959_H3MGVCCXY_SL259903,,metasub,,USA,North America,,,,,40.745618 N 73.948413 W,,6/21/17,built environment,subway,surface,,,
SRR28911252,PRJNA732392,SAMN41164691,haib17DB4959_H3MGVCCXY_SL259904,,metasub,,USA,North America,,,,,40.745616 N 73.902897 W,,6/21/17,built environment,subway,surface,,,
SRR28911325,PRJNA732392,SAMN41165174,haib17DB4959_H3MGVCCXY_SL259905,,metasub,,USA,North America,,,,,40.742766 N 73.954032 W,,6/21/17,built environment,subway,surface,,,
SRR28911306,PRJNA732392,SAMN41165256,haib17DB4959_H3MGVCCXY_SL259906,,metasub,,USA,North America,,,,,40.67264 N 73.890288 W,,6/21/17,built environment,subway,surface,,,
SRR28911173,PRJNA732392,SAMN41164665,haib17DB4959_H3MGVCCXY_SL259907,,metasub,,USA,North America,,,,,40.678067 N 73.910694 W,,6/21/17,built environment,subway,surface,,,
SRR28910845,PRJNA732392,SAMN41164471,haib17DB4959_H3MGVCCXY_SL259908,,metasub,,USA,North America,,,,,40.683417 N 73.872867 W,,6/21/17,built environment,subway,surface,,,
SRR28911507,PRJNA732392,SAMN41165286,haib17DB4959_H3MGVCCXY_SL259909,,metasub,,USA,North America,,,,,40.677882 N 73.892086 W,,6/21/17,built environment,subway,surface,,,
SRR28910931,PRJNA732392,SAMN41164709,haib17DB4959_H3MGVCCXY_SL259910,,metasub,,USA,North America,,,,,40.680199 N 73.884083 W,,6/21/17,built environment,subway,surface,,,
SRR28911004,PRJNA732392,SAMN41165271,haib17DB4959_H3MGVCCXY_SL259911,,metasub,,uncalculated,uncalculated,,,,,missing,,missing,built environment,subway,surface,,,
SRR28910760,PRJNA732392,SAMN41165317,haib17DB4959_H3MGVCCXY_SL259912,,metasub,,uncalculated,uncalculated,,,,,missing,,missing,built environment,subway,surface,,,
SRR28910882,PRJNA732392,SAMN41164884,haib17DB4959_H3MGVCCXY_SL259913,,metasub,,uncalculated,uncalculated,,,,,missing,,missing,built environment,subway,surface,,,
SRR28911374,PRJNA732392,SAMN41165000,haib17DB4959_H3MGVCCXY_SL259914,,metasub,,USA,North America,,,,,40.756007 N 73.985906 W,,6/21/17,built environment,subway,surface,,,
SRR28911030,PRJNA732392,SAMN41165183,haib17DB4959_H3MGVCCXY_SL259915,,metasub,,USA,North America,,,,,40.748864 N 73.871342 W,,6/21/17,built environment,subway,surface,,,
SRR28911183,PRJNA732392,SAMN41164591,haib17DB4959_H3MGVCCXY_SL259916,,metasub,,USA,North America,,,,,40.742733 N 73.953652 W,,6/21/17,built environment,subway,surface,,,
SRR28911493,PRJNA732392,SAMN41165298,haib17DB4959_H3MGVCCXY_SL259917,,metasub,,USA,North America,,,,,40.756644 N 73.838546 W,,6/21/17,built environment,subway,surface,,,
SRR28911355,PRJNA732392,SAMN41165082,haib17DB4959_H3MGVCCXY_SL259918,,metasub,,USA,North America,,,,,40.678099 N 73.910651 W,,6/21/17,built environment,subway,surface,,,
SRR28911053,PRJNA732392,SAMN41165097,haib17DB4959_H3MGVCCXY_SL259919,,metasub,,USA,North America,,,,,40.678165 N 73.91078 W,,6/21/17,built environment,subway,surface,,,
SRR28910955,PRJNA732392,SAMN41164623,haib17DB4959_H3MGVCCXY_SL259922,,metasub,,Colombia,South America,,,,,4.64977048 N 74.05672378 W,,6/23/17,built environment,subway,surface,,,
SRR28911411,PRJNA732392,SAMN41164902,haib17DB4959_H3MGVCCXY_SL259923,,metasub,,Brazil,South America,,,,,23.563373 S 46.636725 W,,6/23/17,built environment,subway,surface,,,
SRR28910837,PRJNA732392,SAMN41165054,haib17DB4959_H3MGVCCXY_SL259924,,metasub,,Japan,Asia,,,,,33.609935 N 130.419812 E,,6/21/17,built environment,subway,surface,,,
SRR28911331,PRJNA732392,SAMN41165168,haib17DB4959_H3MGVCCXY_SL259925,,metasub,,uncalculated,uncalculated,,,,,missing,,missing,built environment,subway,surface,,,
SRR28910952,PRJNA732392,SAMN41164626,haib17DB4959_H3MGVCCXY_SL259926,,metasub,,uncalculated,uncalculated,,,,,missing,,missing,built environment,subway,surface,,,
SRR28911557,PRJNA732392,SAMN41165110,haib17DB4959_H3MGVCCXY_SL259927,,metasub,,uncalculated,uncalculated,,,,,missing,,missing,built environment,subway,surface,,,
SRR28910921,PRJNA732392,SAMN41164718,haib17DB4959_H3MGVCCXY_SL259928,,metasub,,uncalculated,uncalculated,,,,,missing,,missing,built environment,subway,surface,,,
SRR28911452,PRJNA732392,SAMN41164735,haib17DB4959_H3MGVCCXY_SL259930,,metasub,,USA,North America,,,,,37.783558 N 122.392488 W,,6/22/17,built environment,subway,surface,,,
SRR28911615,PRJNA732392,SAMN41164864,haib17DB4959_H3MGVCCXY_SL259931,,metasub,,Colombia,South America,,,,,4.6311528 N 74.1468538 W,,6/21/17,built environment,subway,surface,,,
SRR28910872,PRJNA732392,SAMN41164893,haib17DB4959_H3MGVCCXY_SL259932,,metasub,,uncalculated,uncalculated,,,,,missing,,missing,built environment,subway,surface,,,
SRR28910983,PRJNA732392,SAMN41164533,haib17DB4959_H3MGVCCXY_SL259933,,metasub,,Japan,Asia,,,,,33.609962 N 130.419844 E,,6/21/17,built environment,subway,surface,,,
SRR28911612,PRJNA732392,SAMN41164453,haib17DB4959_H3MGVCCXY_SL259934,,metasub,,uncalculated,uncalculated,,,,,missing,,missing,built environment,subway,surface,,,
SRR28911509,PRJNA732392,SAMN41165284,haib17DB4959_H3MGVCCXY_SL259935,,metasub,,uncalculated,uncalculated,,,,,missing,,missing,built environment,subway,surface,,,
SRR28910808,PRJNA732392,SAMN41165145,haib17DB4959_H3MGVCCXY_SL259936,,metasub,,uncalculated,uncalculated,,,,,missing,,missing,built environment,subway,surface,,,
SRR28911373,PRJNA732392,SAMN41165001,haib17DB4959_H3MGVCCXY_SL259937,,metasub,,uncalculated,uncalculated,,,,,missing,,missing,built environment,subway,surface,,,
SRR28910938,PRJNA732392,SAMN41164704,haib17DB4959_H3MGVCCXY_SL259938,,metasub,,USA,North America,,,,,39.847573 N 104.673867 W,,6/22/17,built environment,subway,surface,,,
SRR28911463,PRJNA732392,SAMN41164725,haib17DB4959_H3MGVCCXY_SL259939,,metasub,,Taiwan,Asia,,,,,25.046368 N 121.517407 E,,6/29/17,built environment,subway,surface,,,
SRR28910849,PRJNA732392,SAMN41164978,haib17DB4959_H3MGVCCXY_SL259940,,metasub,,Colombia,South America,,,,,4.68597995 N 74.08053989 W,,6/21/17,built environment,subway,surface,,,
SRR28911076,PRJNA732392,SAMN41165011,haib17DB4959_H3MGVCCXY_SL259942,,metasub,,Japan,Asia,,,,,35.668267 N 139.717876 E,,6/21/17,built environment,subway,surface,,,
SRR28911599,PRJNA732392,SAMN41164943,haib17DB4959_H3MGVCCXY_SL259943,,metasub,,uncalculated,uncalculated,,,,,missing,,missing,built environment,subway,surface,,,
SRR28911541,PRJNA732392,SAMN41165125,haib17DB4959_H3MGVCCXY_SL259944,,metasub,,uncalculated,uncalculated,,,,,missing,,missing,built environment,subway,surface,,,
SRR28911456,PRJNA732392,SAMN41164731,haib17DB4959_H3MGVCCXY_SL259945,,metasub,,uncalculated,uncalculated,,,,,missing,,missing,built environment,subway,surface,,,
SRR28910930,PRJNA732392,SAMN41164710,haib17DB4959_H3MGVCCXY_SL259946,,metasub,,uncalculated,uncalculated,,,,,missing,,missing,built environment,subway,surface,,,
SRR28910777,PRJNA732392,SAMN41165237,haib17DB4959_H3MGVCCXY_SL259948,,metasub,,Taiwan,Asia,,,,,25.04816 N 121.517522 E,,6/22/17,built environment,subway,surface,,,
SRR28911464,PRJNA732392,SAMN41164724,haib17DB4959_H3MGVCCXY_SL259949,,metasub,,uncalculated,uncalculated,,,,,missing,,missing,built environment,subway,surface,,,
SRR28911052,PRJNA732392,SAMN41165098,haib17DB4959_H3MGVCCXY_SL259951,,metasub,,Japan,Asia,,,,,35.636288 N 139.883839 E,,6/24/17,built environment,subway,surface,,,
SRR28910766,PRJNA732392,SAMN41165312,haib17DB4959_H3MGVCCXY_SL259952,,metasub,,uncalculated,uncalculated,,,,,missing,,missing,built environment,subway,surface,,,
SRR28910842,PRJNA732392,SAMN41165049,haib17DB4959_H3MGVCCXY_SL259956,,metasub,,uncalculated,uncalculated,,,,,missing,,missing,built environment,subway,surface,,,
SRR28910836,PRJNA732392,SAMN41165055,haib17DB4959_H3MGVCCXY_SL259957,,metasub,,Taiwan,Asia,,,,,25.044555 N 121.524188 E,,6/22/17,built environment,subway,surface,,,
SRR28911581,PRJNA732392,SAMN41165024,haib17DB4959_H3MGVCCXY_SL259958,,metasub,,Japan,Asia,,,,,35.658674 N 139.699521 E,,7/1/17,built environment,subway,surface,,,
SRR28911302,PRJNA732392,SAMN41165259,haib17DB4959_H3MGVCCXY_SL259959,,metasub,,Japan,Asia,,,,,34.16530121 N 131.4576812 E,,6/22/17,built environment,subway,surface,,,
SRR28911198,PRJNA732392,SAMN41164577,haib17DB4959_H3MGVCCXY_SL259960,,metasub,,Japan,Asia,,,,,35.388377 N 139.426947 E,,6/23/17,built environment,subway,surface,,,
SRR28911095,PRJNA732392,SAMN41164929,haib17DB4959_H3MGVCCXY_SL259966,,metasub,,USA,North America,,,,,44.982562 N 93.275823 W,,6/21/17,built environment,subway,surface,,,
SRR28911334,PRJNA732392,SAMN41165166,haib17DB4959_H3MGVCCXY_SL259967,,metasub,,Japan,Asia,,,,,35.658743 N 139.699563 E,,7/1/17,built environment,subway,surface,,,
SRR28911508,PRJNA732392,SAMN41165285,haib17DB4959_H3MGVCCXY_SL259968,,metasub,,Japan,Asia,,,,,34.16899061 N 131.4672801 E,,6/22/17,built environment,subway,surface,,,
SRR28911611,PRJNA732392,SAMN41164867,haib17DB4959_H3MGVCCXY_SL259974,,metasub,,uncalculated,uncalculated,,,,,missing,,missing,built environment,subway,surface,,,
SRR28911485,PRJNA732392,SAMN41164640,haib17DB4959_H3MGVCCXY_SL259975,,metasub,,USA,North America,,,,,44.955637 N 93.105183 W,,6/21/17,built environment,subway,surface,,,
SRR28911307,PRJNA732392,SAMN41165255,haib17DB4959_H3MGVCCXY_SL259976,,metasub,,Brazil,South America,,,,,23.56342 S 46.636705 W,,6/23/17,built environment,subway,surface,,,
SRR28910751,PRJNA732392,SAMN41165326,haib17DB4959_H3MGVCCXY_SL259977,,metasub,,Japan,Asia,,,,,34.09334054 N 131.3966392 E,,6/20/17,built environment,subway,surface,,,
SRR28910887,PRJNA732392,SAMN41164879,haib17DB4959_H3MGVCCXY_SL259984,,metasub,,USA,North America,,,,,44.902772 N 93.202171 W,,6/21/17,built environment,subway,surface,,,
SRR28911236,PRJNA732392,SAMN41164770,haib17DB4959_H3MGVCCXY_SL259985,,metasub,,Brazil,South America,,,,,23.563476 S 46.636693 W,,6/23/17,built environment,subway,surface,,,
SRR28911120,PRJNA732392,SAMN41164842,haib17DB4959_H3MGVCCXY_SL259986,,metasub,,Japan,Asia,,,,,33.609935 N 130.41981 E,,6/21/17,built environment,subway,surface,,,
SRR28910990,PRJNA732392,SAMN41164419,haib17DB4959_H3MGVCCXY_SL259987,,metasub,,uncalculated,uncalculated,,,,,missing,,missing,built environment,subway,surface,,,
SRR28911491,PRJNA732392,SAMN41165300,haib17DB4959_HMCMJCCXY_SL336155,,metasub,,USA,North America,,,,,39.302161 N 76.62422 W,,6/29/17,built environment,subway,surface,,,
SRR28911346,PRJNA732392,SAMN41165155,haib17DB4959_HMCMJCCXY_SL336156,,metasub,,USA,North America,,,,,39.302143 N 76.624183 W,,6/29/17,built environment,subway,surface,,,
SRR28911566,PRJNA732392,SAMN41165037,haib17DB4959_HMCMJCCXY_SL336157,,metasub,,USA,North America,,,,,39.292761 N 76.621243 W,,6/29/17,built environment,subway,surface,,,
SRR28910928,PRJNA732392,SAMN41164712,haib17DB4959_HMCMJCCXY_SL336158,,metasub,,Australia,Oceania,,,,,27.456011 S 153.033923 E,,6/21/17,built environment,subway,surface,,,
SRR28911188,PRJNA732392,SAMN41164425,haib17DB4959_HMCMJCCXY_SL336159,,metasub,,USA,North America,,,,,39.292727 N 76.621246 W,,6/29/17,built environment,subway,surface,,,
SRR28911171,PRJNA732392,SAMN41164433,haib17DB4959_HMCMJCCXY_SL336160,,metasub,,USA,North America,,,,,39.289507 N 76.613877 W,,6/29/17,built environment,subway,surface,,,
SRR28911174,PRJNA732392,SAMN41164664,haib17DB4959_HMCMJCCXY_SL336161,,metasub,,USA,North America,,,,,39.289531 N 76.61394 W,,6/29/17,built environment,subway,surface,,,
SRR28911607,PRJNA732392,SAMN41164871,haib17DB4959_HMCMJCCXY_SL336162,,metasub,,USA,North America,,,,,39.289523 N 76.613904 W,,6/29/17,built environment,subway,surface,,,
SRR28911247,PRJNA732392,SAMN41164696,haib17DB4959_HMCMJCCXY_SL336163,,metasub,,USA,North America,,,,,39.289474 N 76.61392 W,,6/29/17,built environment,subway,surface,,,
SRR28910815,PRJNA732392,SAMN41165138,haib17DB4959_HMCMJCCXY_SL336164,,metasub,,USA,North America,,,,,39.289473 N 76.606502 W,,6/29/17,built environment,subway,surface,,,
SRR28911216,PRJNA732392,SAMN41164517,haib17DB4959_HMCMJCCXY_SL336165,,metasub,,USA,North America,,,,,39.289456 N 76.60648 W,,6/29/17,built environment,subway,surface,,,
SRR28911415,PRJNA732392,SAMN41164898,haib17DB4959_HMCMJCCXY_SL336166,,metasub,,USA,North America,,,,,39.289456 N 76.60648 W,,6/29/17,built environment,subway,surface,,,
SRR28911370,PRJNA732392,SAMN41165068,haib17DB4959_HMCMJCCXY_SL336167,,metasub,,USA,North America,,,,,39.289473 N 76.606502 W,,6/29/17,built environment,subway,surface,,,
SRR28910942,PRJNA732392,SAMN41164700,haib17DB4959_HMCMJCCXY_SL336169,,metasub,,Australia,Oceania,,,,,27.420399 S 152.992471 E,,6/21/17,built environment,subway,surface,,,
SRR28911468,PRJNA732392,SAMN41164656,haib17DB4959_HMCMJCCXY_SL336170,,metasub,,USA,North America,,,,,39.298573 N 76.594614 W,,6/29/17,built environment,subway,surface,,,
SRR28911324,PRJNA732392,SAMN41165175,haib17DB4959_HMCMJCCXY_SL336171,,metasub,,uncalculated,uncalculated,,,,,missing,,missing,built environment,subway,surface,,,
SRR28911574,PRJNA732392,SAMN41165030,haib17DB4959_HMCMJCCXY_SL336172,,metasub,,Japan,Asia,,,,,35.38689 N 139.428794 E,,6/29/17,built environment,subway,surface,,,
SRR28911568,PRJNA732392,SAMN41165036,haib17DB4959_HMCMJCCXY_SL336174,,metasub,,Japan,Asia,,,,,35.65946 N 139.700593 E,,6/25/17,built environment,subway,surface,,,
SRR28910756,PRJNA732392,SAMN41165321,haib17DB4959_HMCMJCCXY_SL336175,,metasub,,Japan,Asia,,,,,35.658743 N 139.699478 E,,6/29/17,built environment,subway,surface,,,
SRR28911099,PRJNA732392,SAMN41164926,haib17DB4959_HMCMJCCXY_SL336176,,metasub,,Japan,Asia,,,,,35.658708 N 139.699606 E,,6/30/17,built environment,subway,surface,,,
SRR28911157,PRJNA732392,SAMN41164744,haib17DB4959_HMCMJCCXY_SL336177,,metasub,,Japan,Asia,,,,,34.169339 N 131.467213 E,,6/21/17,built environment,subway,surface,,,
SRR28911488,PRJNA732392,SAMN41165303,haib17DB4959_HMCMJCCXY_SL336178,,metasub,,Japan,Asia,,,,,35.627243 N 139.888977 E,,6/24/17,built environment,subway,surface,,,
SRR28911262,PRJNA732392,SAMN41164682,haib17DB4959_HMCMJCCXY_SL336181,,metasub,,Japan,Asia,,,,,35.658639 N 139.699606 E,,7/1/17,built environment,subway,surface,,,
SRR28911312,PRJNA732392,SAMN41165250,haib17DB4959_HMCMJCCXY_SL336182,,metasub,,Japan,Asia,,,,,35.658743 N 139.699563 E,,7/1/17,built environment,subway,surface,,,
SRR28911405,PRJNA732392,SAMN41164457,haib17DB4959_HMCMJCCXY_SL336184,,metasub,,Japan,Asia,,,,,35.635904 N 139.884013 E,,6/24/17,built environment,subway,surface,,,
SRR28910757,PRJNA732392,SAMN41165320,haib17DB4959_HMCMJCCXY_SL336185,,metasub,,Japan,Asia,,,,,35.635908 N 139.884033 E,,6/24/17,built environment,subway,surface,,,
SRR28911418,PRJNA732392,SAMN41164896,haib17DB4959_HMGTJCCXY_SL342555,,metasub,,USA,North America,,,,,40.025495 N 105.251112 W,,6/22/17,built environment,subway,surface,,,
SRR28911125,PRJNA732392,SAMN41164837,haib17DB4959_HMGTJCCXY_SL342556,,metasub,,USA,North America,,,,,39.847683 N 104.673866 W,,6/22/17,built environment,subway,surface,,,
SRR28910963,PRJNA732392,SAMN41164616,haib17DB4959_HMGTJCCXY_SL342557,,metasub,,USA,North America,,,,,39.837701 N 104.676081 W,,6/22/17,built environment,subway,surface,,,
SRR28911127,PRJNA732392,SAMN41164836,haib17DB4959_HMGTJCCXY_SL342558,,metasub,,USA,North America,,,,,39.75313 N 105.000999 W,,6/22/17,built environment,subway,surface,,,
SRR28910831,PRJNA732392,SAMN41165059,haib17DB4959_HMGTJCCXY_SL342559,,metasub,,USA,North America,,,,,39.753384 N 105.000923 W,,6/22/17,built environment,subway,surface,,,
SRR28911041,PRJNA732392,SAMN41165107,haib17DB4959_HMGTJCCXY_SL342560,,metasub,,USA,North America,,,,,39.753384 N 105.000923 W,,6/22/17,built environment,subway,surface,,,
SRR28911189,PRJNA732392,SAMN41164586,haib17DB4959_HMGTJCCXY_SL342561,,metasub,,USA,North America,,,,,39.753384 N 105.000923 W,,6/23/17,built environment,subway,surface,,,
SRR28911571,PRJNA732392,SAMN41165033,haib17DB4959_HMGTJCCXY_SL342562,,metasub,,USA,North America,,,,,37.7672 N 122.4446 W,,6/23/17,built environment,subway,surface,,,
SRR28911187,PRJNA732392,SAMN41164587,haib17DB4959_HMGTJCCXY_SL342563,,metasub,,USA,North America,,,,,37.7666 N 122.4481 W,,6/23/17,built environment,subway,surface,,,
SRR28911549,PRJNA732392,SAMN41165117,haib17DB4959_HMGTJCCXY_SL342564,,metasub,,USA,North America,,,,,37.7672 N 122.4465 W,,6/23/17,built environment,subway,surface,,,
SRR28910764,PRJNA732392,SAMN41165314,haib17DB4959_HMGTJCCXY_SL342565,,metasub,,USA,North America,,,,,37.78214 N 122.394087 W,,6/21/17,built environment,subway,surface,,,
SRR28911291,PRJNA732392,SAMN41164506,haib17DB4959_HMGTJCCXY_SL342567,,metasub,,USA,North America,,,,,37.781271 N 122.395266 W,,6/21/17,built environment,subway,surface,,,
SRR28911250,PRJNA732392,SAMN41164693,haib17DB4959_HMGTJCCXY_SL342568,,metasub,,USA,North America,,,,,37.789466 N 122.401169 W,,6/21/17,built environment,subway,surface,,,
SRR28911362,PRJNA732392,SAMN41165076,haib17DB4959_HMGTJCCXY_SL342569,,metasub,,USA,North America,,,,,37.781518 N 122.396724 W,,6/21/17,built environment,subway,surface,,,
SRR28911040,PRJNA732392,SAMN41165108,haib17DB4959_HMGTJCCXY_SL342571,,metasub,,USA,North America,,,,,37.783556 N 122.392474 W,,6/22/17,built environment,subway,surface,,,
SRR28911228,PRJNA732392,SAMN41164417,haib17DB4959_HMGTJCCXY_SL342572,,metasub,,USA,North America,,,,,37.789489 N 122.401202 W,,6/21/17,built environment,subway,surface,,,
SRR28911116,PRJNA732392,SAMN41164846,haib17DB4959_HMGTJCCXY_SL342573,,metasub,,USA,North America,,,,,37.783568 N 122.392479 W,,6/22/17,built environment,subway,surface,,,
SRR28911425,PRJNA732392,SAMN41164824,haib17DB4959_HMGTJCCXY_SL342574,,metasub,,USA,North America,,,,,37.789489 N 122.401245 W,,6/21/17,built environment,subway,surface,,,
SRR28910906,PRJNA732392,SAMN41164797,haib17DB4959_HMGTJCCXY_SL342575,,metasub,,USA,North America,,,,,37.781845 N 122.393615 W,,6/21/17,built environment,subway,surface,,,
SRR9330144,PRJNA549802,SAMN12097874,DK15S,Habor Lake,mongolia sodalakes,Habor Lake,China,Asia,,,,,39.4161 N 108.6803 E,,,water,soda lake,sediment/soil,,,
SRR9330153,PRJNA549802,SAMN12097865,DK15W,Habor Lake,mongolia sodalakes,Habor Lake,China,Asia,,,,,39.4161 N 108.6803 E,,,water,soda lake,water,,,
SRR9330143,PRJNA549802,SAMN12097875,DK20S,Habor Lake,mongolia sodalakes,Habor Lake,China,Asia,,,,,39.4217 N 108.6808 E,,,water,soda lake,sediment/soil,,,
SRR9330152,PRJNA549802,SAMN12097866,DK20W,Habor Lake,mongolia sodalakes,Habor Lake,China,Asia,,,,,39.4217 N 108.6808 E,,,water,soda lake,water,,,
SRR9330146,PRJNA549802,SAMN12097876,DK27S,Habor Lake,mongolia sodalakes,Habor Lake,China,Asia,,,,,39.4214 N 108.6811 E,,,water,soda lake,sediment/soil,,,
SRR9330151,PRJNA549802,SAMN12097867,DK27W,Habor Lake,mongolia sodalakes,Habor Lake,China,Asia,,,,,39.4214 N 108.6811 E,,,water,soda lake,water,,,
SRR9330145,PRJNA549802,SAMN12097877,DK32S,Habor Lake,mongolia sodalakes,Habor Lake,China,Asia,,,,,39.4211 N 108.6817 E,,,water,soda lake,sediment/soil,,,
SRR9330156,PRJNA549802,SAMN12097868,DK32W,Habor Lake,mongolia sodalakes,Habor Lake,China,Asia,,,,,39.4211 N 108.6817 E,,,water,soda lake,water,,,
SRR9330140,PRJNA549802,SAMN12097870,HC17S,Hutong Qagan Lake,mongolia sodalakes,Hutong Qagan Lake,China,Asia,,,,,39.1825 N 109.0019 E,,,water,soda lake,sediment/soil,,,
SRR9330149,PRJNA549802,SAMN12097861,HC17W,Hutong Qagan Lake,mongolia sodalakes,Hutong Qagan Lake,China,Asia,,,,,39.1825 N 109.0019 E,,,water,soda lake,water,,,
SRR9330139,PRJNA549802,SAMN12097871,HC22S,Hutong Qagan Lake,mongolia sodalakes,Hutong Qagan Lake,China,Asia,,,,,39.1833 N 109.0042 E,,,water,soda lake,sediment/soil,,,
SRR9330148,PRJNA549802,SAMN12097862,HC22W,Hutong Qagan Lake,mongolia sodalakes,Hutong Qagan Lake,China,Asia,,,,,39.1833 N 109.0042 E,,,water,soda lake,water,,,
SRR9330142,PRJNA549802,SAMN12097872,HC26S,Hutong Qagan Lake,mongolia sodalakes,Hutong Qagan Lake,China,Asia,,,,,39.2039 N 109.0022 E,,,water,soda lake,sediment/soil,,,
SRR9330147,PRJNA549802,SAMN12097863,HC26W,Hutong Qagan Lake,mongolia sodalakes,Hutong Qagan Lake,China,Asia,,,,,39.2039 N 109.0022 E,,,water,soda lake,water,,,
SRR9330141,PRJNA549802,SAMN12097873,HC27S,Hutong Qagan Lake,mongolia sodalakes,Hutong Qagan Lake,China,Asia,,,,,39.2056 N 109.0044 E,,,water,soda lake,sediment/soil,,,
SRR9330154,PRJNA549802,SAMN12097864,HC27W,Hutong Qagan Lake,mongolia sodalakes,Hutong Qagan Lake,China,Asia,,,,,39.2056 N 109.0044 E,,,water,soda lake,water,,,
SRR9330155,PRJNA549802,SAMN12097869,HC5S,Hutong Qagan Lake,mongolia sodalakes,Hutong Qagan Lake,China,Asia,,,,,39.1903 N 108.9983 E,,,water,soda lake,sediment/soil,,,
SRR9330150,PRJNA549802,SAMN12097860,HC5W,Hutong Qagan Lake,mongolia sodalakes,Hutong Qagan Lake,China,Asia,,,,,39.1903 N 108.9983 E,,,water,soda lake,water,,,
,,,BC-0247284138,,monumentome,Gettysburg,United States,,,marble,39.819801,77.231198,,,8/27/18,built environment,monument,surface,,,
,,,BC-0247288797,,monumentome,Gettysburg,United States,,,marble,39.819801,77.231198,,,8/27/18,built environment,monument,surface,,,
,,,BC-0247288828,,monumentome,Gettysburg,United States,,,marble,39.819801,77.231198,,,8/27/18,built environment,monument,surface,,,
,,,BC-0247288835,,monumentome,Gettysburg,United States,,,marble,39.819801,77.231198,,,8/27/18,built environment,monument,surface,,,
,,,BC-0247288861,,monumentome,Gettysburg,United States,,,marble,39.819801,77.231198,,,8/27/18,built environment,monument,surface,,,
,,,BC-0247288869,,monumentome,Gettysburg,United States,,,marble,39.819801,77.231198,,,8/27/18,built environment,monument,surface,,,
,,,BC-0247289621,,monumentome,Gettysburg,United States,,,marble,39.819801,77.231198,,,8/27/18,built environment,monument,surface,,,
,,,BC-0247289632,,monumentome,Gettysburg,United States,,,marble,39.819801,77.231198,,,8/27/18,built environment,monument,surface,,,
,,,BC-0247289640,,monumentome,Gettysburg,United States,,,marble,39.819801,77.231198,,,8/27/18,built environment,monument,surface,,,
,,,BC-0247290138,,monumentome,Gettysburg,United States,,,marble,39.819801,77.231198,,,8/27/18,built environment,monument,surface,,,
,,,BC-0247290140,,monumentome,Gettysburg,United States,,,marble,39.819801,77.231198,,,8/27/18,built environment,monument,surface,,,
,,,BC-0247290151,,monumentome,Gettysburg,United States,,,marble,39.819801,77.231198,,,8/27/18,built environment,monument,surface,,,
,,,BC-0247290166,,monumentome,Gettysburg,United States,,,marble,39.819801,77.231198,,,8/27/18,built environment,monument,surface,,,
,,,BC-0247290214,,monumentome,Gettysburg,United States,,,marble,39.819801,77.231198,,,8/27/18,built environment,monument,surface,,,
,,,BC-0247290416,,monumentome,Gettysburg,United States,,,marble,39.819801,77.231198,,,8/27/18,built environment,monument,surface,,,
,,,BC-0247290434,,monumentome,Gettysburg,United States,,,marble,39.819801,77.231198,,,8/27/18,built environment,monument,surface,,,
,,,BC-0247290454,,monumentome,Gettysburg,United States,,,marble,39.819801,77.231198,,,8/27/18,built environment,monument,surface,,,
,,,BC-0247290462,,monumentome,Gettysburg,United States,,,marble,39.819801,77.231198,,,8/27/18,built environment,monument,surface,,,
,,,BC-0247290469,,monumentome,Gettysburg,United States,,,marble,39.819801,77.231198,,,8/27/18,built environment,monument,surface,,,
,,,BC-0247290473,,monumentome,Gettysburg,United States,,,marble,39.819801,77.231198,,,8/27/18,built environment,monument,surface,,,
,,,BC-0247290485,,monumentome,Gettysburg,United States,,,marble,39.819801,77.231198,,,8/27/18,built environment,monument,surface,,,
,,,BC-0247290488,,monumentome,Gettysburg,United States,,,marble,39.819801,77.231198,,,8/27/18,built environment,monument,surface,,,
,,,BC-0247290492,,monumentome,Gettysburg,United States,,,marble,39.819801,77.231198,,,8/27/18,built environment,monument,surface,,,
,,,BC-0247292050,,monumentome,Gettysburg,United States,,,marble,39.819801,77.231198,,,8/27/18,built environment,monument,surface,,,
,,,BC-0247292126,,monumentome,Gettysburg,United States,,,marble,39.819801,77.231198,,,8/27/18,built environment,monument,surface,,,
,,,BC-0247292771,,monumentome,Gettysburg,United States,,,marble,39.819801,77.231198,,,8/27/18,built environment,monument,surface,,,
,,,BC-0247292781,,monumentome,Gettysburg,United States,,,marble,39.819801,77.231198,,,8/27/18,built environment,monument,surface,,,
,,,BC-0247292791,,monumentome,Gettysburg,United States,,,marble,39.819801,77.231198,,,8/27/18,built environment,monument,surface,,,
,,,BC-0247292795,,monumentome,Gettysburg,United States,,,marble,39.819801,77.231198,,,8/27/18,built environment,monument,surface,,,
,,,BC-0247292803,,monumentome,Gettysburg,United States,,,marble,39.819801,77.231198,,,8/27/18,built environment,monument,surface,,,
,,,BC-0247292804,,monumentome,Gettysburg,United States,,,marble,39.819801,77.231198,,,8/27/18,built environment,monument,surface,,,
,,,BC-0247293025,,monumentome,New York City,United States,,,marble,40.714132,-74.005777,,,7/19/18,built environment,monument,surface,,,
,,,BC-0247293055,,monumentome,Brumadinho,Brazil,,,others,20.08806,43.99278,,,9/3/19,built environment,monument,surface,,,
,,,BC-0247293363,,monumentome,Seoul,South Korea,,,metal,37.5512,126.9882,,,9/6/18,built environment,monument,surface,,,
,,,BC-0247293585,,monumentome,Seoul,South Korea,,,metal,37.5512,126.9882,,,9/6/18,built environment,monument,surface,,,
,,,BC-0247295156,,monumentome,Seoul,South Korea,,,others,37.5512,126.9882,,,9/6/18,built environment,monument,surface,,,
,,,BC-0302362936,,monumentome,Ulaanbaatar,Mongolia,,,others,NaN,NaN,,,9/3/18,built environment,monument,surface,,,
,,,BC-0302362972,,monumentome,Dalanzadgad,Mongolia,,,others,43.5734755,104.429132,,,9/5/18,built environment,monument,surface,,,
,,,BC-0302362978,,monumentome,Ulaanbaatar,Mongolia,,,granite,NaN,NaN,,,9/3/18,built environment,monument,surface,,,
,,,BC-0302362983,,monumentome,Ulaanbaatar,Mongolia,,,others,NaN,NaN,,,9/3/18,built environment,monument,surface,,,
,,,BC-0302363048,,monumentome,Ulaanbaatar,Mongolia,,,others,NaN,NaN,,,9/3/18,built environment,monument,surface,,,
,,,BC-0302363051,,monumentome,Ulaanbaatar,Mongolia,,,metal,NaN,NaN,,,9/3/18,built environment,monument,surface,,,
,,,BC-0302366869,,monumentome,Baltimore,United States,,,marble,39.264178,-76.58214,,,8/6/18,built environment,monument,surface,,,
,,,BC-0302366870,,monumentome,Baltimore,United States,,,marble,39.264178,-76.58214,,,8/6/18,built environment,monument,surface,,,
,,,BC-0302366874,,monumentome,Baltimore,United States,,,marble,39.264178,-76.58214,,,8/6/18,built environment,monument,surface,,,
,,,BC-0302366876,,monumentome,Baltimore,United States,,,marble,39.264178,-76.58214,,,8/6/18,built environment,monument,surface,,,
,,,BC-0302366878,,monumentome,Baltimore,United States,,,marble,39.264178,-76.58214,,,8/6/18,built environment,monument,surface,,,
,,,BC-0302366899,,monumentome,Baltimore,United States,,,marble,39.264178,-76.58214,,,8/6/18,built environment,monument,surface,,,
,,,BC-0302366903,,monumentome,Baltimore,United States,,,marble,39.264178,-76.58214,,,8/6/18,built environment,monument,surface,,,
,,,BC-0302366907,,monumentome,Baltimore,United States,,,marble,39.264178,-76.58214,,,8/6/18,built environment,monument,surface,,,
,,,BC-0302366908,,monumentome,Baltimore,United States,,,marble,39.264178,-76.58214,,,8/6/18,built environment,monument,surface,,,
,,,BC-0302366910,,monumentome,Baltimore,United States,,,marble,39.264178,-76.58214,,,8/6/18,built environment,monument,surface,,,
,,,BC-0302366920,,monumentome,Baltimore,United States,,,marble,39.264178,-76.58214,,,8/6/18,built environment,monument,surface,,,
,,,BC-0302366924,,monumentome,Baltimore,United States,,,marble,39.264178,-76.58214,,,8/6/18,built environment,monument,surface,,,
,,,BC-0302366932,,monumentome,Baltimore,United States,,,others,NaN,NaN,,,NaN,built environment,monument,surface,,,
,,,BC-0302366937,,monumentome,Baltimore,United States,,,marble,39.264178,-76.58214,,,8/6/18,built environment,monument,surface,,,
,,,BC-0302366939,,monumentome,Baltimore,United States,,,marble,39.264178,-76.58214,,,8/6/18,built environment,monument,surface,,,
,,,BC-0302366943,,monumentome,Baltimore,United States,,,marble,39.264178,-76.58214,,,8/6/18,built environment,monument,surface,,,
,,,BC-0302366944,,monumentome,Baltimore,United States,,,marble,39.264178,-76.58214,,,8/6/18,built environment,monument,surface,,,
,,,BC-0302366947,,monumentome,Baltimore,United States,,,marble,39.264178,-76.58214,,,8/6/18,built environment,monument,surface,,,
,,,BC-0302366949,,monumentome,Baltimore,United States,,,marble,39.264178,-76.58214,,,8/6/18,built environment,monument,surface,,,
,,,BC-0302367738,,monumentome,Baltimore,United States,,,marble,39.264178,-76.58214,,,8/6/18,built environment,monument,surface,,,
,,,BC-0302367740,,monumentome,Baltimore,United States,,,marble,39.264178,-76.58214,,,8/6/18,built environment,monument,surface,,,
,,,BC-0302367746,,monumentome,Baltimore,United States,,,marble,39.264178,-76.58214,,,8/6/18,built environment,monument,surface,,,
,,,BC-0302367748,,monumentome,Baltimore,United States,,,marble,39.264178,-76.58214,,,8/6/18,built environment,monument,surface,,,
,,,BC-0302367769,,monumentome,Baltimore,United States,,,marble,39.264178,-76.58214,,,8/6/18,built environment,monument,surface,,,
,,,BC-0302367804,,monumentome,Baltimore,United States,,,marble,39.264178,-76.58214,,,8/6/18,built environment,monument,surface,,,
,,,BC-0302367812,,monumentome,Baltimore,United States,,,marble,39.264178,-76.58214,,,8/6/18,built environment,monument,surface,,,
,,,BC-0302367919,,monumentome,Tokyo,Japan,,,others,35.604144,139.684179,,,6/22/18,built environment,monument,surface,,,
,,,BC-0302368007,,monumentome,Tokyo,Japan,,,metal,35.604144,139.684179,,,6/22/18,built environment,monument,surface,,,
,,,BC-0302370151,,monumentome,Ulaanbaatar,Mongolia,,,others,NaN,NaN,,,9/3/18,built environment,monument,surface,,,
,,,BC-0302370165,,monumentome,Dalanzadgad,Mongolia,,,others,43.5734755,104.429132,,,9/5/18,built environment,monument,surface,,,
,,,BC-0302370175,,monumentome,Dalanzadgad,Mongolia,,,others,43.5734755,104.429132,,,9/5/18,built environment,monument,surface,,,
,,,BC-0302370816,,monumentome,Seoul,South Korea,,,others,NaN,NaN,,,9/6/18,built environment,monument,surface,,,
,,,BC-0302370817,,monumentome,Dalanzadgad,Mongolia,,,others,43.5734755,104.429132,,,9/5/18,built environment,monument,surface,,,
,,,BC-0302370846,,monumentome,Ulaanbaatar,Mongolia,,,others,NaN,NaN,,,9/3/18,built environment,monument,surface,,,
,,,BC-0302370857,,monumentome,Ulaanbaatar,Mongolia,,,others,NaN,NaN,,,9/3/18,built environment,monument,surface,,,
,,,BC-0302370863,,monumentome,Ulaanbaatar,Mongolia,,,metal,NaN,NaN,,,9/3/18,built environment,monument,surface,,,
,,,BC-0302370873,,monumentome,Ulaanbaatar,Mongolia,,,others,NaN,NaN,,,9/3/18,built environment,monument,surface,,,
,,,BC-0302372544,,monumentome,Seoul,South Korea,,,metal,37.5512,126.9882,,,9/6/18,built environment,monument,surface,,,
,,,BC-0302374672,,monumentome,Seoul,South Korea,,,air,NaN,NaN,,,9/6/18,built environment,monument,surface,,,
,,,BC-0302374690,,monumentome,Tel Megiddo,Israel,,,rock,NaN,NaN,,,7/18/18,built environment,monument,surface,,,
,,,BC-0302374696,,monumentome,Seoul,South Korea,,,others,37.5512,126.9882,,,9/6/18,built environment,monument,surface,,,
,,,BC-0302374943,,monumentome,Tel Megiddo,Israel,,,others,NaN,NaN,,,7/18/18,built environment,monument,surface,,,
,,,BC-0302374998,,monumentome,Tel Megiddo,Israel,,,stone,NaN,NaN,,,7/18/18,built environment,monument,surface,,,
,,,BC-0302375014,,monumentome,Tel Megiddo,Israel,,,rock,NaN,NaN,,,7/18/18,built environment,monument,surface,,,
,,,BC-0302375019,,monumentome,Tel Megiddo,Israel,,,stone,NaN,NaN,,,7/18/18,built environment,monument,surface,,,
,,,BC-0302377231,,monumentome,Tel Megiddo,Israel,,,others,NaN,NaN,,,7/18/18,built environment,monument,surface,,,
,,,BC-0302377235,,monumentome,Tel Megiddo,Israel,,,rock,NaN,NaN,,,7/18/18,built environment,monument,surface,,,
,,,BC-0302377239,,monumentome,Tel Megiddo,Israel,,,rock,NaN,NaN,,,7/18/18,built environment,monument,surface,,,
,,,BC-0302377248,,monumentome,Tel Megiddo,Israel,,,rock,NaN,NaN,,,7/18/18,built environment,monument,surface,,,
,,,BC-0302377249,,monumentome,Tel Megiddo,Israel,,,rock,NaN,NaN,,,7/18/18,built environment,monument,surface,,,
,,,BC-0302377253,,monumentome,Tel Megiddo,Israel,,,others,NaN,NaN,,,7/18/18,built environment,monument,surface,,,
,,,BC-0302377255,,monumentome,Tel Megiddo,Israel,,,others,NaN,NaN,,,7/18/18,built environment,monument,surface,,,
,,,BC-0302377269,,monumentome,Tel Megiddo,Israel,,,others,NaN,NaN,,,7/18/18,built environment,monument,surface,,,
,,,BC-0302377271,,monumentome,Tel Megiddo,Israel,,,rock,NaN,NaN,,,7/18/18,built environment,monument,surface,,,
,,,BC-0302377272,,monumentome,Tel Megiddo,Israel,,,stone,NaN,NaN,,,7/18/18,built environment,monument,surface,,,
,,,BC-0302377273,,monumentome,Tel Megiddo,Israel,,,rock,NaN,NaN,,,7/18/18,built environment,monument,surface,,,
,,,BC-0302377274,,monumentome,Tel Megiddo,Israel,,,rock,NaN,NaN,,,7/18/18,built environment,monument,surface,,,
,,,BC-0302377280,,monumentome,Tel Megiddo,Israel,,,others,NaN,NaN,,,7/18/18,built environment,monument,surface,,,
,,,BC-0302377285,,monumentome,Tel Megiddo,Israel,,,stone,NaN,NaN,,,7/18/18,built environment,monument,surface,,,
,,,BC-0302377628,,monumentome,Tokyo,Japan,,,metal,35.604144,139.684179,,,6/22/18,built environment,monument,surface,,,
,,,BC-0302377674,,monumentome,Tokyo,Japan,,,stone,35.604144,139.684179,,,6/22/18,built environment,monument,surface,,,
,,,BC-0302378577,,monumentome,New York City,United States,,,metal,40.714132,-74.005777,,,6/25/18,built environment,monument,surface,,,
,,,BC-0302378772,,monumentome,New York City,United States,,,metal,40.714132,-74.005777,,,6/22/18,built environment,monument,surface,,,
,,,BC-0302378774,,monumentome,New York City,United States,,,metal,40.714132,-74.005777,,,6/24/18,built environment,monument,surface,,,
,,,BC-0302378790,,monumentome,New York City,United States,,,metal,40.714132,-74.005777,,,6/25/18,built environment,monument,surface,,,
,,,BC-0302378812,,monumentome,New York City,United States,,,metal,40.714132,-74.005777,,,6/23/18,built environment,monument,surface,,,
,,,BC-0302378848,,monumentome,New York City,United States,,,metal,40.714132,-74.005777,,,6/22/18,built environment,monument,surface,,,
,,,BC-0302379730,,monumentome,New York City,United States,,,metal,40.714132,-74.005777,,,6/24/18,built environment,monument,surface,,,
,,,BC-0302379745,,monumentome,New York City,United States,,,metal,40.714132,-74.005777,,,6/23/18,built environment,monument,surface,,,
,,,BC-0302379799,,monumentome,New York City,United States,,,metal,40.714132,-74.005777,,,6/24/18,built environment,monument,surface,,,
,,,BC-0302379819,,monumentome,New York City,United States,,,metal,40.714132,-74.005777,,,6/23/18,built environment,monument,surface,,,
,,,BC-0302380137,,monumentome,Seoul,South Korea,,,metal,37.5512,126.9882,,,9/6/18,built environment,monument,surface,,,
,,,BC-0302380699,,monumentome,Tel Megiddo,Israel,,,rock,NaN,NaN,,,7/18/18,built environment,monument,surface,,,
,,,BC-0302380719,,monumentome,Tel Megiddo,Israel,,,rock,NaN,NaN,,,7/18/18,built environment,monument,surface,,,
,,,BC-0302380880,,monumentome,New York City,United States,,,metal,40.714132,-74.005777,,,6/24/18,built environment,monument,surface,,,
,,,BC-0302380920,,monumentome,New York City,United States,,,metal,40.714132,-74.005777,,,6/22/18,built environment,monument,surface,,,
,,,BC-0302380921,,monumentome,New York City,United States,,,metal,40.714132,-74.005777,,,6/23/18,built environment,monument,surface,,,
,,,BC-0302380929,,monumentome,New York City,United States,,,metal,40.714132,-74.005777,,,6/23/18,built environment,monument,surface,,,
,,,BC-0302380938,,monumentome,New York City,United States,,,metal,40.714132,-74.005777,,,6/22/18,built environment,monument,surface,,,
,,,BC-0302380959,,monumentome,New York City,United States,,,metal,40.714132,-74.005777,,,6/25/18,built environment,monument,surface,,,
,,,BC-0302381940,,monumentome,New York City,United States,,,metal,40.714132,-74.005777,,,6/24/18,built environment,monument,surface,,,
,,,BC-0302381954,,monumentome,New York City,United States,,,metal,40.714132,-74.005777,,,6/24/18,built environment,monument,surface,,,
,,,BC-0302381956,,monumentome,New York City,United States,,,metal,40.714132,-74.005777,,,6/22/18,built environment,monument,surface,,,
,,,BC-0302381963,,monumentome,New York City,United States,,,metal,40.714132,-74.005777,,,6/25/18,built environment,monument,surface,,,
,,,BC-0302381978,,monumentome,New York City,United States,,,metal,40.714132,-74.005777,,,6/22/18,built environment,monument,surface,,,
,,,BC-0302381979,,monumentome,New York City,United States,,,metal,40.714132,-74.005777,,,6/24/18,built environment,monument,surface,,,
,,,BC-0302381986,,monumentome,New York City,United States,,,metal,40.714132,-74.005777,,,6/22/18,built environment,monument,surface,,,
,,,BC-0302381987,,monumentome,New York City,United States,,,metal,40.714132,-74.005777,,,6/24/18,built environment,monument,surface,,,
,,,BC-0302381989,,monumentome,New York City,United States,,,metal,40.714132,-74.005777,,,6/24/18,built environment,monument,surface,,,
,,,BC-0302382019,,monumentome,Seoul,South Korea,,,others,37.5512,126.9882,,,9/6/18,built environment,monument,surface,,,
,,,BC-0302382120,,monumentome,New York City,United States,,,metal,40.714132,-74.005777,,,6/25/18,built environment,monument,surface,,,
,,,BC-0302382204,,monumentome,New York City,United States,,,metal,40.714132,-74.005777,,,6/23/18,built environment,monument,surface,,,
,,,BC-0302382395,,monumentome,Seoul,South Korea,,,others,37.5512,126.9882,,,9/6/18,built environment,monument,surface,,,
,,,BC-0302382605,,monumentome,New York City,United States,,,metal,40.714132,-74.005777,,,6/22/18,built environment,monument,surface,,,
,,,BC-0302382610,,monumentome,New York City,United States,,,metal,40.714132,-74.005777,,,6/24/18,built environment,monument,surface,,,
,,,BC-0302382624,,monumentome,New York City,United States,,,metal,40.714132,-74.005777,,,6/25/18,built environment,monument,surface,,,
,,,BC-0302382628,,monumentome,New York City,United States,,,metal,40.714132,-74.005777,,,6/24/18,built environment,monument,surface,,,
,,,BC-0302382633,,monumentome,New York City,United States,,,metal,40.714132,-74.005777,,,6/22/18,built environment,monument,surface,,,
,,,BC-0302382675,,monumentome,New York City,United States,,,metal,40.714132,-74.005777,,,6/24/18,built environment,monument,surface,,,
,,,BC-0302382697,,monumentome,New York City,United States,,,metal,40.714132,-74.005777,,,6/22/18,built environment,monument,surface,,,
,,,BC-0302382707,,monumentome,New York City,United States,,,metal,40.714132,-74.005777,,,6/22/18,built environment,monument,surface,,,
,,,BC-0302382710,,monumentome,New York City,United States,,,metal,40.714132,-74.005777,,,6/22/18,built environment,monument,surface,,,
,,,BC-0302382713,,monumentome,New York City,United States,,,metal,40.714132,-74.005777,,,6/24/18,built environment,monument,surface,,,
,,,BC-0302382767,,monumentome,New York City,United States,,,metal,40.714132,-74.005777,,,6/22/18,built environment,monument,surface,,,
,,,BC-0302382779,,monumentome,New York City,United States,,,metal,40.714132,-74.005777,,,6/24/18,built environment,monument,surface,,,
,,,BC-0302382786,,monumentome,New York City,United States,,,metal,40.714132,-74.005777,,,6/24/18,built environment,monument,surface,,,
,,,BC-0302382801,,monumentome,New York City,United States,,,metal,40.714132,-74.005777,,,6/25/18,built environment,monument,surface,,,
,,,BC-0302382875,,monumentome,New York City,United States,,,metal,40.714132,-74.005777,,,6/22/18,built environment,monument,surface,,,
,,,BC-0302382882,,monumentome,New York City,United States,,,metal,40.714132,-74.005777,,,6/22/18,built environment,monument,surface,,,
,,,BC-0302383661,,monumentome,Tel Megiddo,Israel,,,others,NaN,NaN,,,7/18/18,built environment,monument,surface,,,
,,,BC-0302383724,,monumentome,Tel Megiddo,Israel,,,others,NaN,NaN,,,7/18/18,built environment,monument,surface,,,
,,,BC-0302383758,,monumentome,New York City,United States,,,metal,40.714132,-74.005777,,,6/22/18,built environment,monument,surface,,,
,,,BC-0302383968,,monumentome,Tel Megiddo,Israel,,,rock,NaN,NaN,,,7/18/18,built environment,monument,surface,,,
,,,BC-0302383977,,monumentome,Tel Megiddo,Israel,,,others,NaN,NaN,,,7/18/18,built environment,monument,surface,,,
,,,BC-0302383990,,monumentome,Tel Megiddo,Israel,,,others,NaN,NaN,,,7/18/18,built environment,monument,surface,,,
,,,BC-0302384005,,monumentome,Tel Megiddo,Israel,,,stone,NaN,NaN,,,7/18/18,built environment,monument,surface,,,
,,,BC-0302384013,,monumentome,Tel Megiddo,Israel,,,others,NaN,NaN,,,7/18/18,built environment,monument,surface,,,
,,,BC-0302384028,,monumentome,Tel Megiddo,Israel,,,stone,NaN,NaN,,,7/18/18,built environment,monument,surface,,,
,,,BC-0302384029,,monumentome,Tel Megiddo,Israel,,,rock,NaN,NaN,,,7/18/18,built environment,monument,surface,,,
,,,BC-0302384030,,monumentome,Tel Megiddo,Israel,,,others,NaN,NaN,,,7/18/18,built environment,monument,surface,,,
,,,BC-0302384041,,monumentome,Tel Megiddo,Israel,,,others,NaN,NaN,,,7/18/18,built environment,monument,surface,,,
,,,BC-0302385027,,monumentome,New York City,United States,,,metal,40.714132,-74.005777,,,6/23/18,built environment,monument,surface,,,
,,,BC-0302385735,,monumentome,New York City,United States,,,metal,40.714132,-74.005777,,,6/24/18,built environment,monument,surface,,,
,,,BC-0302386355,,monumentome,New York City,United States,,,metal,40.714132,-74.005777,,,6/25/18,built environment,monument,surface,,,
,,,BC-0302386362,,monumentome,New York City,United States,,,metal,40.714132,-74.005777,,,6/25/18,built environment,monument,surface,,,
,,,BC-0302386426,,monumentome,New York City,United States,,,metal,40.714132,-74.005777,,,6/24/18,built environment,monument,surface,,,
,,,BC-0302386434,,monumentome,New York City,United States,,,metal,40.714132,-74.005777,,,6/25/18,built environment,monument,surface,,,
,,,BC-0302386753,,monumentome,Tel Megiddo,Israel,,,others,NaN,NaN,,,7/18/18,built environment,monument,surface,,,
,,,BC-0302387323,,monumentome,New York City,United States,,,metal,40.714132,-74.005777,,,6/24/18,built environment,monument,surface,,,
,,,BC-0302387347,,monumentome,New York City,United States,,,metal,40.714132,-74.005777,,,6/22/18,built environment,monument,surface,,,
,,,BC-0302387673,,monumentome,Tel Megiddo,Israel,,,others,NaN,NaN,,,7/18/18,built environment,monument,surface,,,
,,,BC-0302387681,,monumentome,Tel Megiddo,Israel,,,rock,NaN,NaN,,,7/18/18,built environment,monument,surface,,,
,,,BC-0302387683,,monumentome,Tel Megiddo,Israel,,,others,NaN,NaN,,,7/18/18,built environment,monument,surface,,,
,,,BC-0302388181,,monumentome,Tel Megiddo,Israel,,,rock,NaN,NaN,,,7/18/18,built environment,monument,surface,,,
,,,BC-0302388193,,monumentome,Tel Megiddo,Israel,,,others,NaN,NaN,,,7/18/18,built environment,monument,surface,,,
,,,BC-0302388197,,monumentome,Tel Megiddo,Israel,,,stone,NaN,NaN,,,7/18/18,built environment,monument,surface,,,
,,,BC-0302388213,,monumentome,Tel Megiddo,Israel,,,rock,NaN,NaN,,,7/18/18,built environment,monument,surface,,,
,,,BC-0302388221,,monumentome,Tel Megiddo,Israel,,,rock,NaN,NaN,,,7/18/18,built environment,monument,surface,,,
,,,BC-0302388229,,monumentome,Tel Megiddo,Israel,,,rock,NaN,NaN,,,7/18/18,built environment,monument,surface,,,
,,,BC-0302388234,,monumentome,Tel Megiddo,Israel,,,rock,NaN,NaN,,,7/18/18,built environment,monument,surface,,,
,,,BC-0302388243,,monumentome,Tel Megiddo,Israel,,,rock,NaN,NaN,,,7/18/18,built environment,monument,surface,,,
,,,BC-0302388251,,monumentome,Tel Megiddo,Israel,,,stone,NaN,NaN,,,7/18/18,built environment,monument,surface,,,
,,,BC-0302388593,,monumentome,Tel Megiddo,Israel,,,others,NaN,NaN,,,7/18/18,built environment,monument,surface,,,
,,,BC-0302388746,,monumentome,Tel Megiddo,Israel,,,stone,NaN,NaN,,,7/18/18,built environment,monument,surface,,,
,,,BC-0302389147,,monumentome,New York City,United States,,,metal,40.714132,-74.005777,,,6/22/18,built environment,monument,surface,,,
,,,BC-0302389164,,monumentome,Seoul,South Korea,,,metal,37.5512,126.9882,,,9/6/18,built environment,monument,surface,,,
,,,BC-0302395401,,monumentome,Ulaanbaatar,Mongolia,,,metal,NaN,NaN,,,9/3/18,built environment,monument,surface,,,
,,,BC-0302399681,,monumentome,Ulaanbaatar,Mongolia,,,granite,NaN,NaN,,,9/3/18,built environment,monument,surface,,,
,,,BC-0306551414,,monumentome,Sao Paulo,Brazil,,,granite,-23.5801,-46.6607,,,8/30/18,built environment,monument,surface,,,
,,,BC-0306551422,,monumentome,Sao Paulo,Brazil,,,granite,-23.5801,-46.6607,,,8/30/18,built environment,monument,surface,,,
,,,BC-0306551482,,monumentome,Brumadinho,Brazil,,,stone,20.08806,43.99278,,,9/3/19,built environment,monument,surface,,,
,,,BC-0306551497,,monumentome,Sao Paulo,Brazil,,,granite,-23.5801,-46.6607,,,8/30/18,built environment,monument,surface,,,
,,,BC-0306555651,,monumentome,New York City,United States,,,marble,40.714132,-74.005777,,,7/19/18,built environment,monument,surface,,,
,,,BC-0306555695,,monumentome,Brumadinho,Brazil,,,others,20.08806,43.99278,,,9/3/19,built environment,monument,surface,,,
,,,BC-0306555704,,monumentome,Sao Paulo,Brazil,,,granite,-23.5801,-46.6607,,,8/30/18,built environment,monument,surface,,,
,,,BC-0306555714,,monumentome,Pitangui,Brazil,,,metal,-19.682316,-44.890147,,,11/18/18,built environment,monument,surface,,,
,,,BC-0306555720,,monumentome,Sao Paulo,Brazil,,,granite,-23.5801,-46.6607,,,8/30/18,built environment,monument,surface,,,
,,,BC-0306555723,,monumentome,Sao Paulo,Brazil,,,granite,-23.5801,-46.6607,,,8/30/18,built environment,monument,surface,,,
,,,BC-0306556528,,monumentome,Brumadinho,Brazil,,,others,20.08806,43.99278,,,9/3/19,built environment,monument,surface,,,
,,,BC-0306556535,,monumentome,Sao Paulo,Brazil,,,granite,-23.5801,-46.6607,,,8/30/18,built environment,monument,surface,,,
,,,BC-0306556555,,monumentome,Sao Paulo,Brazil,,,granite,-23.5801,-46.6607,,,8/30/18,built environment,monument,surface,,,
,,,BC-0306556563,,monumentome,Sao Paulo,Brazil,,,granite,-23.5801,-46.6607,,,8/30/18,built environment,monument,surface,,,
,,,BC-0306556882,,monumentome,Sao Paulo,Brazil,,,granite,-23.5801,-46.6607,,,8/30/18,built environment,monument,surface,,,
,,,BC-0306556904,,monumentome,Sao Paulo,Brazil,,,granite,-23.5801,-46.6607,,,8/30/18,built environment,monument,surface,,,
,,,BC-0306556926,,monumentome,Sao Paulo,Brazil,,,granite,-23.5801,-46.6607,,,8/30/18,built environment,monument,surface,,,
,,,BC-0306556937,,monumentome,Pitangui,Brazil,,,granite,-19.682316,-44.890147,,,11/18/18,built environment,monument,surface,,,
,,,BC-0306556966,,monumentome,Sao Paulo,Brazil,,,granite,-23.5801,-46.6607,,,8/30/18,built environment,monument,surface,,,
,,,BC-0306556980,,monumentome,New York City,United States,,,others,40.714132,-74.005777,,,7/19/18,built environment,monument,surface,,,
,,,BC-0306557106,,monumentome,New York City,United States,,,stone,40.714132,-74.005777,,,7/19/18,built environment,monument,surface,,,
,,,BC-0306557115,,monumentome,Sao Paulo,Brazil,,,granite,-23.5801,-46.6607,,,8/30/18,built environment,monument,surface,,,
,,,BC-0306557119,,monumentome,Sao Paulo,Brazil,,,granite,-23.5801,-46.6607,,,8/30/18,built environment,monument,surface,,,
,,,BC-0306557365,,monumentome,Sao Paulo,Brazil,,,granite,-23.5801,-46.6607,,,8/30/18,built environment,monument,surface,,,
,,,BC-0306557371,,monumentome,Pitangui,Brazil,,,granite,-19.682316,-44.890147,,,11/18/18,built environment,monument,surface,,,
,,,BC-0306557372,,monumentome,Pitangui,Brazil,,,granite,-19.682316,-44.890147,,,11/18/18,built environment,monument,surface,,,
,,,BC-0306557380,,monumentome,New York City,United States,,,marble,40.714132,-74.005777,,,7/19/18,built environment,monument,surface,,,
,,,BC-0306557386,,monumentome,Sao Paulo,Brazil,,,granite,-23.5801,-46.6607,,,8/30/18,built environment,monument,surface,,,
,,,BC-0306557398,,monumentome,Sao Paulo,Brazil,,,granite,-23.5801,-46.6607,,,8/30/18,built environment,monument,surface,,,
,,,BC-0306557399,,monumentome,Sao Paulo,Brazil,,,granite,-23.5801,-46.6607,,,8/30/18,built environment,monument,surface,,,
,,,BC-0306557424,,monumentome,Sao Paulo,Brazil,,,granite,-23.5801,-46.6607,,,8/30/18,built environment,monument,surface,,,
,,,BC-0306557436,,monumentome,Brumadinho,Brazil,,,others,20.08806,43.99278,,,9/3/19,built environment,monument,surface,,,
,,,BC-0332567921,,monumentome,Thessaloniki,Greece,,,marble,40.638705,22.94818,,,7/4/19,built environment,monument,surface,,,
,,,BC-0332570145,,monumentome,Thessaloniki,Greece,,,air,40.638705,22.94818,,,7/4/19,built environment,monument,surface,,,
,,,BC-0332571067,,monumentome,Thessaloniki,Greece,,,air,40.62637,22.94841,,,7/4/19,built environment,monument,surface,,,
,,,BC-0332571178,,monumentome,Thessaloniki,Greece,,,air,40.62637,22.94841,,,7/4/19,built environment,monument,surface,,,
,,,BC-0332571411,,monumentome,Thessaloniki,Greece,,,marble,40.638705,22.94818,,,7/4/19,built environment,monument,surface,,,
,,,BC-0332608736,,monumentome,Thessaloniki,Greece,,,rock,40.626413,22.948443,,,7/4/19,built environment,monument,surface,,,
,,,BC-0332613883,,monumentome,Thessaloniki,Greece,,,air,40.638705,22.94818,,,7/4/19,built environment,monument,surface,,,
,,,BC-0332759786,,monumentome,Thessaloniki,Greece,,,rock,40.626413,22.948443,,,7/4/19,built environment,monument,surface,,,
,,,BC-0332766430,,monumentome,Thessaloniki,Greece,,,marble,40.638705,22.94818,,,7/4/19,built environment,monument,surface,,,
,,,BC-0332771064,,monumentome,Thessaloniki,Greece,,,air,40.638705,22.94818,,,7/4/19,built environment,monument,surface,,,
,,,BC-0332772676,,monumentome,Thessaloniki,Greece,,,marble,40.638705,22.94818,,,7/4/19,built environment,monument,surface,,,
,,,BC-0338276168,,monumentome,Thessaloniki,Greece,,,rock,40.62635,22.94829,,,7/4/19,built environment,monument,surface,,,
,,,BC-0338277840,,monumentome,Thessaloniki,Greece,,,air,40.62637,22.94841,,,7/4/19,built environment,monument,surface,,,
,,,BC-0338319310,,monumentome,Thessaloniki,Greece,,,rock,40.62637,22.94841,,,7/4/19,built environment,monument,surface,,,
SRR10857620,PRJNA592367,SAMN13423131,,,namib desert,Namib,Namibia,Africa,,,,,23.14 S 16.08 E,,,soil,hot desert soil,soil/sediment,,,
SRR10857621,PRJNA592367,SAMN13423130,,,namib desert,Namib,Namibia,Africa,,,,,23.20 S 15.55 E,,,soil,hot desert soil,soil/sediment,,,
SRR10857622,PRJNA592367,SAMN13423129,,,namib desert,Namib,Namibia,Africa,,,,,23.19 S 15.37 E,,,soil,hot desert soil,soil/sediment,,,
SRR10857623,PRJNA592367,SAMN13423128,,,namib desert,Namib,Namibia,Africa,,,,,23.11 S 15.16 E,,,soil,hot desert soil,soil/sediment,,,
SRR12805749,PRJNA592367,SAMN16409517,,,namib desert,Namib,Namibia,Africa,,,,,23.11 S 15.26 E,,,soil,hot desert soil,soil/sediment,,,
SRR12805750,PRJNA592367,SAMN16409516,,,namib desert,Namib,Namibia,Africa,,,,,23.11 S 15.16 E,,,soil,hot desert soil,soil/sediment,,,
SRR12805751,PRJNA592367,SAMN16409515,,,namib desert,Namib,Namibia,Africa,,,,,23.14 S 16.08 E,,,soil,hot desert soil,soil/sediment,,,
SRR12805752,PRJNA592367,SAMN16409514,,,namib desert,Namib,Namibia,Africa,,,,,23.20 S 15.55 E,,,soil,hot desert soil,soil/sediment,,,
SRR12805753,PRJNA592367,SAMN16409513,,,namib desert,Namib,Namibia,Africa,,,,,23.19 S 15.42 E,,,soil,hot desert soil,soil/sediment,,,
SRR12805754,PRJNA592367,SAMN16409512,,,namib desert,Namib,Namibia,Africa,,,,,23.19 S 15.37 E,,,soil,hot desert soil,soil/sediment,,,
SRR12805755,PRJNA592367,SAMN16409511,,,namib desert,Namib,Namibia,Africa,,,,,23.11 S 15.26 E,,,soil,hot desert soil,soil/sediment,,,
SRR12805756,PRJNA592367,SAMN16409510,,,namib desert,Namib,Namibia,Africa,,,,,23.11 S 15.16 E,,,soil,hot desert soil,soil/sediment,,,
SRR12805757,PRJNA592367,SAMN16409521,,,namib desert,Namib,Namibia,Africa,,,,,23.14 S 16.08 E,,,soil,hot desert soil,soil/sediment,,,
SRR12805758,PRJNA592367,SAMN16409520,,,namib desert,Namib,Namibia,Africa,,,,,23.20 S 15.55 E,,,soil,hot desert soil,soil/sediment,,,
SRR12805759,PRJNA592367,SAMN16409519,,,namib desert,Namib,Namibia,Africa,,,,,23.19 S 15.42 E,,,soil,hot desert soil,soil/sediment,,,
SRR12805760,PRJNA592367,SAMN16409518,,,namib desert,Namib,Namibia,Africa,,,,,23.19 S 15.37 E,,,soil,hot desert soil,soil/sediment,,,
SRR12805761,PRJNA592367,SAMN16409509,,,namib desert,Namib,Namibia,Africa,,,,,23.19 S 15.42 E,,,soil,hot desert soil,soil/sediment,,,
SRR12805762,PRJNA592367,SAMN16409508,,,namib desert,Namib,Namibia,Africa,,,,,23.11 S 15.26 E,,,soil,hot desert soil,soil/sediment,,,
SRR24416858,PRJNA942317,SAMN34536574,1500A,,nanahala national forest,Nanahala National Forest,USA,North America,,,,,35.33124 N 83.59198 W,,,soil,forest soil,soil/sediment,,,
SRR24416857,PRJNA942317,SAMN34536575,1500B,,nanahala national forest,Nanahala National Forest,USA,North America,,,,,35.33124 N 83.59198 W,,,soil,forest soil,soil/sediment,,,
SRR24416854,PRJNA942317,SAMN34536576,1500C,,nanahala national forest,Nanahala National Forest,USA,North America,,,,,35.33124 N 83.59198 W,,,soil,forest soil,soil/sediment,,,
SRR24416853,PRJNA942317,SAMN34536577,2500A,,nanahala national forest,Nanahala National Forest,USA,North America,,,,,35.3414 N 83.60723 W,,,soil,forest soil,soil/sediment,,,
SRR24416852,PRJNA942317,SAMN34536578,2500B,,nanahala national forest,Nanahala National Forest,USA,North America,,,,,35.3414 N 83.60723 W,,,soil,forest soil,soil/sediment,,,
SRR24416851,PRJNA942317,SAMN34536579,2500C,,nanahala national forest,Nanahala National Forest,USA,North America,,,,,35.3414 N 83.60723 W,,,soil,forest soil,soil/sediment,,,
SRR24416850,PRJNA942317,SAMN34536580,3500A,,nanahala national forest,Nanahala National Forest,USA,North America,,,,,35.34096 N 83.63767 W,,,soil,forest soil,soil/sediment,,,
SRR24416849,PRJNA942317,SAMN34536581,3500B,,nanahala national forest,Nanahala National Forest,USA,North America,,,,,35.34096 N 83.63767 W,,,soil,forest soil,soil/sediment,,,
SRR24416848,PRJNA942317,SAMN34536582,3500C,,nanahala national forest,Nanahala National Forest,USA,North America,,,,,35.34096 N 83.63767 W,,,soil,forest soil,soil/sediment,,,
SRR24416847,PRJNA942317,SAMN34536583,4500A,,nanahala national forest,Nanahala National Forest,USA,North America,,,,,35.3358 N 83.65728 W,,,soil,forest soil,soil/sediment,,,
SRR24416856,PRJNA942317,SAMN34536584,4500B,,nanahala national forest,Nanahala National Forest,USA,North America,,,,,35.3358 N 83.65728 W,,,soil,forest soil,soil/sediment,,,
SRR24416855,PRJNA942317,SAMN34536585,4500C,,nanahala national forest,Nanahala National Forest,USA,North America,,,,,35.3358 N 83.65728 W,,,soil,forest soil,soil/sediment,,,
SRR30681563,PRJNA1149319,SAMN43778686,,Coldfoot,permafrost - kim,USA: Alaska,USA,North America,,,,,67.18 N 150.30 W,,,soil,permafrost,soil/sediment,,,
SRR30681564,PRJNA1149319,SAMN43778686,,Coldfoot,permafrost - kim,USA: Alaska,USA,North America,,,,,67.18 N 150.30 W,,,soil,permafrost,soil/sediment,,,
SRR30681565,PRJNA1149319,SAMN43778686,,Coldfoot,permafrost - kim,USA: Alaska,USA,North America,,,,,67.18 N 150.30 W,,,soil,permafrost,soil/sediment,,,
SRR30681566,PRJNA1149319,SAMN43778686,,Coldfoot,permafrost - kim,USA: Alaska,USA,North America,,,,,67.18 N 150.30 W,,,soil,permafrost,soil/sediment,,,
SRR30681567,PRJNA1149319,SAMN43778686,,Coldfoot,permafrost - kim,USA: Alaska,USA,North America,,,,,67.18 N 150.30 W,,,soil,permafrost,soil/sediment,,,
SRR30681568,PRJNA1149319,SAMN43778686,,Coldfoot,permafrost - kim,USA: Alaska,USA,North America,,,,,67.18 N 150.30 W,,,soil,permafrost,soil/sediment,,,
SRR30681569,PRJNA1149319,SAMN43778685,,Frost Mound,permafrost - kim,USA: Alaska,USA,North America,,,,,67.59 N 149.78 W,,,soil,permafrost,soil/sediment,,,
SRR30681570,PRJNA1149319,SAMN43778685,,Frost Mound,permafrost - kim,USA: Alaska,USA,North America,,,,,67.59 N 149.78 W,,,soil,permafrost,soil/sediment,,,
SRR30681571,PRJNA1149319,SAMN43778685,,Frost Mound,permafrost - kim,USA: Alaska,USA,North America,,,,,67.59 N 149.78 W,,,soil,permafrost,soil/sediment,,,
SRR30681572,PRJNA1149319,SAMN43778685,,Frost Mound,permafrost - kim,USA: Alaska,USA,North America,,,,,67.59 N 149.78 W,,,soil,permafrost,soil/sediment,,,
SRR30681573,PRJNA1149319,SAMN43778680,,Deadhorse,permafrost - kim,USA: Alaska,USA,North America,,,,,70.16 N 148.46 W,,,soil,permafrost,soil/sediment,,,
SRR30681574,PRJNA1149319,SAMN43778685,,Frost Mound,permafrost - kim,USA: Alaska,USA,North America,,,,,67.59 N 149.78 W,,,soil,permafrost,soil/sediment,,,
SRR30681575,PRJNA1149319,SAMN43778685,,Frost Mound,permafrost - kim,USA: Alaska,USA,North America,,,,,67.59 N 149.78 W,,,soil,permafrost,soil/sediment,,,
SRR30681576,PRJNA1149319,SAMN43778685,,Frost Mound,permafrost - kim,USA: Alaska,USA,North America,,,,,67.59 N 149.78 W,,,soil,permafrost,soil/sediment,,,
SRR30681577,PRJNA1149319,SAMN43778685,,Frost Mound,permafrost - kim,USA: Alaska,USA,North America,,,,,67.59 N 149.78 W,,,soil,permafrost,soil/sediment,,,
SRR30681578,PRJNA1149319,SAMN43778685,,Frost Mound,permafrost - kim,USA: Alaska,USA,North America,,,,,67.59 N 149.78 W,,,soil,permafrost,soil/sediment,,,
SRR30681579,PRJNA1149319,SAMN43778685,,Frost Mound,permafrost - kim,USA: Alaska,USA,North America,,,,,67.59 N 149.78 W,,,soil,permafrost,soil/sediment,,,
SRR30681580,PRJNA1149319,SAMN43778685,,Frost Mound,permafrost - kim,USA: Alaska,USA,North America,,,,,67.59 N 149.78 W,,,soil,permafrost,soil/sediment,,,
SRR30681581,PRJNA1149319,SAMN43778685,,Frost Mound,permafrost - kim,USA: Alaska,USA,North America,,,,,67.59 N 149.78 W,,,soil,permafrost,soil/sediment,,,
SRR30681582,PRJNA1149319,SAMN43778685,,Frost Mound,permafrost - kim,USA: Alaska,USA,North America,,,,,67.59 N 149.78 W,,,soil,permafrost,soil/sediment,,,
SRR30681583,PRJNA1149319,SAMN43778685,,Frost Mound,permafrost - kim,USA: Alaska,USA,North America,,,,,67.59 N 149.78 W,,,soil,permafrost,soil/sediment,,,
SRR30681584,PRJNA1149319,SAMN43778680,,Deadhorse,permafrost - kim,USA: Alaska,USA,North America,,,,,70.16 N 148.46 W,,,soil,permafrost,soil/sediment,,,
SRR30681585,PRJNA1149319,SAMN43778685,,Frost Mound,permafrost - kim,USA: Alaska,USA,North America,,,,,67.59 N 149.78 W,,,soil,permafrost,soil/sediment,,,
SRR30681586,PRJNA1149319,SAMN43778684,,Galbraith Lake,permafrost - kim,USA: Alaska,USA,North America,,,,,68.47 N 149.49 W,,,soil,permafrost,soil/sediment,,,
SRR30681587,PRJNA1149319,SAMN43778684,,Galbraith Lake,permafrost - kim,USA: Alaska,USA,North America,,,,,68.47 N 149.49 W,,,soil,permafrost,soil/sediment,,,
SRR30681588,PRJNA1149319,SAMN43778684,,Galbraith Lake,permafrost - kim,USA: Alaska,USA,North America,,,,,68.47 N 149.49 W,,,soil,permafrost,soil/sediment,,,
SRR30681589,PRJNA1149319,SAMN43778684,,Galbraith Lake,permafrost - kim,USA: Alaska,USA,North America,,,,,68.47 N 149.49 W,,,soil,permafrost,soil/sediment,,,
SRR30681590,PRJNA1149319,SAMN43778684,,Galbraith Lake,permafrost - kim,USA: Alaska,USA,North America,,,,,68.47 N 149.49 W,,,soil,permafrost,soil/sediment,,,
SRR30681591,PRJNA1149319,SAMN43778684,,Galbraith Lake,permafrost - kim,USA: Alaska,USA,North America,,,,,68.47 N 149.49 W,,,soil,permafrost,soil/sediment,,,
SRR30681592,PRJNA1149319,SAMN43778684,,Galbraith Lake,permafrost - kim,USA: Alaska,USA,North America,,,,,68.47 N 149.49 W,,,soil,permafrost,soil/sediment,,,
SRR30681593,PRJNA1149319,SAMN43778684,,Galbraith Lake,permafrost - kim,USA: Alaska,USA,North America,,,,,68.47 N 149.49 W,,,soil,permafrost,soil/sediment,,,
SRR30681594,PRJNA1149319,SAMN43778684,,Galbraith Lake,permafrost - kim,USA: Alaska,USA,North America,,,,,68.47 N 149.49 W,,,soil,permafrost,soil/sediment,,,
SRR30681595,PRJNA1149319,SAMN43778680,,Deadhorse,permafrost - kim,USA: Alaska,USA,North America,,,,,70.16 N 148.46 W,,,soil,permafrost,soil/sediment,,,
SRR30681596,PRJNA1149319,SAMN43778684,,Galbraith Lake,permafrost - kim,USA: Alaska,USA,North America,,,,,68.47 N 149.49 W,,,soil,permafrost,soil/sediment,,,
SRR30681597,PRJNA1149319,SAMN43778684,,Galbraith Lake,permafrost - kim,USA: Alaska,USA,North America,,,,,68.47 N 149.49 W,,,soil,permafrost,soil/sediment,,,
SRR30681598,PRJNA1149319,SAMN43778684,,Galbraith Lake,permafrost - kim,USA: Alaska,USA,North America,,,,,68.47 N 149.49 W,,,soil,permafrost,soil/sediment,,,
SRR30681599,PRJNA1149319,SAMN43778684,,Galbraith Lake,permafrost - kim,USA: Alaska,USA,North America,,,,,68.47 N 149.49 W,,,soil,permafrost,soil/sediment,,,
SRR30681600,PRJNA1149319,SAMN43778684,,Galbraith Lake,permafrost - kim,USA: Alaska,USA,North America,,,,,68.47 N 149.49 W,,,soil,permafrost,soil/sediment,,,
SRR30681601,PRJNA1149319,SAMN43778684,,Galbraith Lake,permafrost - kim,USA: Alaska,USA,North America,,,,,68.47 N 149.49 W,,,soil,permafrost,soil/sediment,,,
SRR30681602,PRJNA1149319,SAMN43778684,,Galbraith Lake,permafrost - kim,USA: Alaska,USA,North America,,,,,68.47 N 149.49 W,,,soil,permafrost,soil/sediment,,,
SRR30681603,PRJNA1149319,SAMN43778684,,Galbraith Lake,permafrost - kim,USA: Alaska,USA,North America,,,,,68.47 N 149.49 W,,,soil,permafrost,soil/sediment,,,
SRR30681604,PRJNA1149319,SAMN43778683,,Happy Valley,permafrost - kim,USA: Alaska,USA,North America,,,,,69.14 N 148.84 W,,,soil,permafrost,soil/sediment,,,
SRR30681605,PRJNA1149319,SAMN43778683,,Happy Valley,permafrost - kim,USA: Alaska,USA,North America,,,,,69.14 N 148.84 W,,,soil,permafrost,soil/sediment,,,
SRR30681606,PRJNA1149319,SAMN43778680,,Deadhorse,permafrost - kim,USA: Alaska,USA,North America,,,,,70.16 N 148.46 W,,,soil,permafrost,soil/sediment,,,
SRR30681607,PRJNA1149319,SAMN43778683,,Happy Valley,permafrost - kim,USA: Alaska,USA,North America,,,,,69.14 N 148.84 W,,,soil,permafrost,soil/sediment,,,
SRR30681608,PRJNA1149319,SAMN43778683,,Happy Valley,permafrost - kim,USA: Alaska,USA,North America,,,,,69.14 N 148.84 W,,,soil,permafrost,soil/sediment,,,
SRR30681609,PRJNA1149319,SAMN43778683,,Happy Valley,permafrost - kim,USA: Alaska,USA,North America,,,,,69.14 N 148.84 W,,,soil,permafrost,soil/sediment,,,
SRR30681610,PRJNA1149319,SAMN43778683,,Happy Valley,permafrost - kim,USA: Alaska,USA,North America,,,,,69.14 N 148.84 W,,,soil,permafrost,soil/sediment,,,
SRR30681611,PRJNA1149319,SAMN43778683,,Happy Valley,permafrost - kim,USA: Alaska,USA,North America,,,,,69.14 N 148.84 W,,,soil,permafrost,soil/sediment,,,
SRR30681612,PRJNA1149319,SAMN43778683,,Happy Valley,permafrost - kim,USA: Alaska,USA,North America,,,,,69.14 N 148.84 W,,,soil,permafrost,soil/sediment,,,
SRR30681613,PRJNA1149319,SAMN43778683,,Happy Valley,permafrost - kim,USA: Alaska,USA,North America,,,,,69.14 N 148.84 W,,,soil,permafrost,soil/sediment,,,
SRR30681614,PRJNA1149319,SAMN43778683,,Happy Valley,permafrost - kim,USA: Alaska,USA,North America,,,,,69.14 N 148.84 W,,,soil,permafrost,soil/sediment,,,
SRR30681615,PRJNA1149319,SAMN43778683,,Happy Valley,permafrost - kim,USA: Alaska,USA,North America,,,,,69.14 N 148.84 W,,,soil,permafrost,soil/sediment,,,
SRR30681616,PRJNA1149319,SAMN43778683,,Happy Valley,permafrost - kim,USA: Alaska,USA,North America,,,,,69.14 N 148.84 W,,,soil,permafrost,soil/sediment,,,
SRR30681617,PRJNA1149319,SAMN43778680,,Deadhorse,permafrost - kim,USA: Alaska,USA,North America,,,,,70.16 N 148.46 W,,,soil,permafrost,soil/sediment,,,
SRR30681618,PRJNA1149319,SAMN43778683,,Happy Valley,permafrost - kim,USA: Alaska,USA,North America,,,,,69.14 N 148.84 W,,,soil,permafrost,soil/sediment,,,
SRR30681619,PRJNA1149319,SAMN43778683,,Happy Valley,permafrost - kim,USA: Alaska,USA,North America,,,,,69.14 N 148.84 W,,,soil,permafrost,soil/sediment,,,
SRR30681620,PRJNA1149319,SAMN43778682,,Franklin Bluffs,permafrost - kim,USA: Alaska,USA,North America,,,,,69.67 N 148.71 W,,,soil,permafrost,soil/sediment,,,
SRR30681621,PRJNA1149319,SAMN43778682,,Franklin Bluffs,permafrost - kim,USA: Alaska,USA,North America,,,,,69.67 N 148.71 W,,,soil,permafrost,soil/sediment,,,
SRR30681622,PRJNA1149319,SAMN43778682,,Franklin Bluffs,permafrost - kim,USA: Alaska,USA,North America,,,,,69.67 N 148.71 W,,,soil,permafrost,soil/sediment,,,
SRR30681623,PRJNA1149319,SAMN43778682,,Franklin Bluffs,permafrost - kim,USA: Alaska,USA,North America,,,,,69.67 N 148.71 W,,,soil,permafrost,soil/sediment,,,
SRR30681624,PRJNA1149319,SAMN43778682,,Franklin Bluffs,permafrost - kim,USA: Alaska,USA,North America,,,,,69.67 N 148.71 W,,,soil,permafrost,soil/sediment,,,
SRR30681625,PRJNA1149319,SAMN43778682,,Franklin Bluffs,permafrost - kim,USA: Alaska,USA,North America,,,,,69.67 N 148.71 W,,,soil,permafrost,soil/sediment,,,
SRR30681626,PRJNA1149319,SAMN43778682,,Franklin Bluffs,permafrost - kim,USA: Alaska,USA,North America,,,,,69.67 N 148.71 W,,,soil,permafrost,soil/sediment,,,
SRR30681627,PRJNA1149319,SAMN43778682,,Franklin Bluffs,permafrost - kim,USA: Alaska,USA,North America,,,,,69.67 N 148.71 W,,,soil,permafrost,soil/sediment,,,
SRR30681628,PRJNA1149319,SAMN43778680,,Deadhorse,permafrost - kim,USA: Alaska,USA,North America,,,,,70.16 N 148.46 W,,,soil,permafrost,soil/sediment,,,
SRR30681629,PRJNA1149319,SAMN43778682,,Franklin Bluffs,permafrost - kim,USA: Alaska,USA,North America,,,,,69.67 N 148.71 W,,,soil,permafrost,soil/sediment,,,
SRR30681630,PRJNA1149319,SAMN43778682,,Franklin Bluffs,permafrost - kim,USA: Alaska,USA,North America,,,,,69.67 N 148.71 W,,,soil,permafrost,soil/sediment,,,
SRR30681631,PRJNA1149319,SAMN43778682,,Franklin Bluffs,permafrost - kim,USA: Alaska,USA,North America,,,,,69.67 N 148.71 W,,,soil,permafrost,soil/sediment,,,
SRR30681632,PRJNA1149319,SAMN43778682,,Franklin Bluffs,permafrost - kim,USA: Alaska,USA,North America,,,,,69.67 N 148.71 W,,,soil,permafrost,soil/sediment,,,
SRR30681633,PRJNA1149319,SAMN43778682,,Franklin Bluffs,permafrost - kim,USA: Alaska,USA,North America,,,,,69.67 N 148.71 W,,,soil,permafrost,soil/sediment,,,
SRR30681634,PRJNA1149319,SAMN43778682,,Franklin Bluffs,permafrost - kim,USA: Alaska,USA,North America,,,,,69.67 N 148.71 W,,,soil,permafrost,soil/sediment,,,
SRR30681635,PRJNA1149319,SAMN43778682,,Franklin Bluffs,permafrost - kim,USA: Alaska,USA,North America,,,,,69.67 N 148.71 W,,,soil,permafrost,soil/sediment,,,
SRR30681636,PRJNA1149319,SAMN43778682,,Franklin Bluffs,permafrost - kim,USA: Alaska,USA,North America,,,,,69.67 N 148.71 W,,,soil,permafrost,soil/sediment,,,
SRR30681637,PRJNA1149319,SAMN43778681,,Caren Pond,permafrost - kim,USA: Alaska,USA,North America,,,,,69.96 N 148.73 W,,,soil,permafrost,soil/sediment,,,
SRR30681638,PRJNA1149319,SAMN43778681,,Caren Pond,permafrost - kim,USA: Alaska,USA,North America,,,,,69.96 N 148.73 W,,,soil,permafrost,soil/sediment,,,
SRR30681639,PRJNA1149319,SAMN43778680,,Deadhorse,permafrost - kim,USA: Alaska,USA,North America,,,,,70.16 N 148.46 W,,,soil,permafrost,soil/sediment,,,
SRR30681640,PRJNA1149319,SAMN43778681,,Caren Pond,permafrost - kim,USA: Alaska,USA,North America,,,,,69.96 N 148.73 W,,,soil,permafrost,soil/sediment,,,
SRR30681641,PRJNA1149319,SAMN43778681,,Caren Pond,permafrost - kim,USA: Alaska,USA,North America,,,,,69.96 N 148.73 W,,,soil,permafrost,soil/sediment,,,
SRR30681642,PRJNA1149319,SAMN43778681,,Caren Pond,permafrost - kim,USA: Alaska,USA,North America,,,,,69.96 N 148.73 W,,,soil,permafrost,soil/sediment,,,
SRR30681643,PRJNA1149319,SAMN43778681,,Caren Pond,permafrost - kim,USA: Alaska,USA,North America,,,,,69.96 N 148.73 W,,,soil,permafrost,soil/sediment,,,
SRR30681644,PRJNA1149319,SAMN43778681,,Caren Pond,permafrost - kim,USA: Alaska,USA,North America,,,,,69.96 N 148.73 W,,,soil,permafrost,soil/sediment,,,
SRR30681645,PRJNA1149319,SAMN43778681,,Caren Pond,permafrost - kim,USA: Alaska,USA,North America,,,,,69.96 N 148.73 W,,,soil,permafrost,soil/sediment,,,
SRR30681646,PRJNA1149319,SAMN43778681,,Caren Pond,permafrost - kim,USA: Alaska,USA,North America,,,,,69.96 N 148.73 W,,,soil,permafrost,soil/sediment,,,
SRR30681647,PRJNA1149319,SAMN43778681,,Caren Pond,permafrost - kim,USA: Alaska,USA,North America,,,,,69.96 N 148.73 W,,,soil,permafrost,soil/sediment,,,
SRR30681648,PRJNA1149319,SAMN43778681,,Caren Pond,permafrost - kim,USA: Alaska,USA,North America,,,,,69.96 N 148.73 W,,,soil,permafrost,soil/sediment,,,
SRR30681649,PRJNA1149319,SAMN43778681,,Caren Pond,permafrost - kim,USA: Alaska,USA,North America,,,,,69.96 N 148.73 W,,,soil,permafrost,soil/sediment,,,
SRR30681650,PRJNA1149319,SAMN43778680,,Deadhorse,permafrost - kim,USA: Alaska,USA,North America,,,,,70.16 N 148.46 W,,,soil,permafrost,soil/sediment,,,
SRR30681651,PRJNA1149319,SAMN43778681,,Caren Pond,permafrost - kim,USA: Alaska,USA,North America,,,,,69.96 N 148.73 W,,,soil,permafrost,soil/sediment,,,
SRR30681652,PRJNA1149319,SAMN43778681,,Caren Pond,permafrost - kim,USA: Alaska,USA,North America,,,,,69.96 N 148.73 W,,,soil,permafrost,soil/sediment,,,
SRR30681653,PRJNA1149319,SAMN43778681,,Caren Pond,permafrost - kim,USA: Alaska,USA,North America,,,,,69.96 N 148.73 W,,,soil,permafrost,soil/sediment,,,
SRR30681654,PRJNA1149319,SAMN43778680,,Deadhorse,permafrost - kim,USA: Alaska,USA,North America,,,,,70.16 N 148.46 W,,,soil,permafrost,soil/sediment,,,
SRR30681655,PRJNA1149319,SAMN43778690,,Healy,permafrost - kim,USA: Alaska,USA,North America,,,,,63.88 N 149.18 W,,,soil,permafrost,soil/sediment,,,
SRR30681656,PRJNA1149319,SAMN43778690,,Healy,permafrost - kim,USA: Alaska,USA,North America,,,,,63.88 N 149.18 W,,,soil,permafrost,soil/sediment,,,
SRR30681657,PRJNA1149319,SAMN43778690,,Healy,permafrost - kim,USA: Alaska,USA,North America,,,,,63.88 N 149.18 W,,,soil,permafrost,soil/sediment,,,
SRR30681658,PRJNA1149319,SAMN43778690,,Healy,permafrost - kim,USA: Alaska,USA,North America,,,,,63.88 N 149.18 W,,,soil,permafrost,soil/sediment,,,
SRR30681659,PRJNA1149319,SAMN43778690,,Healy,permafrost - kim,USA: Alaska,USA,North America,,,,,63.88 N 149.18 W,,,soil,permafrost,soil/sediment,,,
SRR30681660,PRJNA1149319,SAMN43778690,,Healy,permafrost - kim,USA: Alaska,USA,North America,,,,,63.88 N 149.18 W,,,soil,permafrost,soil/sediment,,,
SRR30681661,PRJNA1149319,SAMN43778690,,Healy,permafrost - kim,USA: Alaska,USA,North America,,,,,63.88 N 149.18 W,,,soil,permafrost,soil/sediment,,,
SRR30681662,PRJNA1149319,SAMN43778680,,Deadhorse,permafrost - kim,USA: Alaska,USA,North America,,,,,70.16 N 148.46 W,,,soil,permafrost,soil/sediment,,,
SRR30681663,PRJNA1149319,SAMN43778690,,Healy,permafrost - kim,USA: Alaska,USA,North America,,,,,63.88 N 149.18 W,,,soil,permafrost,soil/sediment,,,
SRR30681664,PRJNA1149319,SAMN43778690,,Healy,permafrost - kim,USA: Alaska,USA,North America,,,,,63.88 N 149.18 W,,,soil,permafrost,soil/sediment,,,
SRR30681665,PRJNA1149319,SAMN43778690,,Healy,permafrost - kim,USA: Alaska,USA,North America,,,,,63.88 N 149.18 W,,,soil,permafrost,soil/sediment,,,
SRR30681666,PRJNA1149319,SAMN43778690,,Healy,permafrost - kim,USA: Alaska,USA,North America,,,,,63.88 N 149.18 W,,,soil,permafrost,soil/sediment,,,
SRR30681667,PRJNA1149319,SAMN43778690,,Healy,permafrost - kim,USA: Alaska,USA,North America,,,,,63.88 N 149.18 W,,,soil,permafrost,soil/sediment,,,
SRR30681668,PRJNA1149319,SAMN43778689,,Poker Flat Research Range,permafrost - kim,USA: Alaska,USA,North America,,,,,65.12 N 147.48 W,,,soil,permafrost,soil/sediment,,,
SRR30681669,PRJNA1149319,SAMN43778689,,Poker Flat Research Range,permafrost - kim,USA: Alaska,USA,North America,,,,,65.12 N 147.48 W,,,soil,permafrost,soil/sediment,,,
SRR30681670,PRJNA1149319,SAMN43778689,,Poker Flat Research Range,permafrost - kim,USA: Alaska,USA,North America,,,,,65.12 N 147.48 W,,,soil,permafrost,soil/sediment,,,
SRR30681671,PRJNA1149319,SAMN43778689,,Poker Flat Research Range,permafrost - kim,USA: Alaska,USA,North America,,,,,65.12 N 147.48 W,,,soil,permafrost,soil/sediment,,,
SRR30681672,PRJNA1149319,SAMN43778689,,Poker Flat Research Range,permafrost - kim,USA: Alaska,USA,North America,,,,,65.12 N 147.48 W,,,soil,permafrost,soil/sediment,,,
SRR30681673,PRJNA1149319,SAMN43778680,,Deadhorse,permafrost - kim,USA: Alaska,USA,North America,,,,,70.16 N 148.46 W,,,soil,permafrost,soil/sediment,,,
SRR30681674,PRJNA1149319,SAMN43778689,,Poker Flat Research Range,permafrost - kim,USA: Alaska,USA,North America,,,,,65.12 N 147.48 W,,,soil,permafrost,soil/sediment,,,
SRR30681675,PRJNA1149319,SAMN43778689,,Poker Flat Research Range,permafrost - kim,USA: Alaska,USA,North America,,,,,65.12 N 147.48 W,,,soil,permafrost,soil/sediment,,,
SRR30681676,PRJNA1149319,SAMN43778689,,Poker Flat Research Range,permafrost - kim,USA: Alaska,USA,North America,,,,,65.12 N 147.48 W,,,soil,permafrost,soil/sediment,,,
SRR30681677,PRJNA1149319,SAMN43778689,,Poker Flat Research Range,permafrost - kim,USA: Alaska,USA,North America,,,,,65.12 N 147.48 W,,,soil,permafrost,soil/sediment,,,
SRR30681678,PRJNA1149319,SAMN43778689,,Poker Flat Research Range,permafrost - kim,USA: Alaska,USA,North America,,,,,65.12 N 147.48 W,,,soil,permafrost,soil/sediment,,,
SRR30681679,PRJNA1149319,SAMN43778689,,Poker Flat Research Range,permafrost - kim,USA: Alaska,USA,North America,,,,,65.12 N 147.48 W,,,soil,permafrost,soil/sediment,,,
SRR30681680,PRJNA1149319,SAMN43778689,,Poker Flat Research Range,permafrost - kim,USA: Alaska,USA,North America,,,,,65.12 N 147.48 W,,,soil,permafrost,soil/sediment,,,
SRR30681681,PRJNA1149319,SAMN43778689,,Poker Flat Research Range,permafrost - kim,USA: Alaska,USA,North America,,,,,65.12 N 147.48 W,,,soil,permafrost,soil/sediment,,,
SRR30681682,PRJNA1149319,SAMN43778689,,Poker Flat Research Range,permafrost - kim,USA: Alaska,USA,North America,,,,,65.12 N 147.48 W,,,soil,permafrost,soil/sediment,,,
SRR30681683,PRJNA1149319,SAMN43778688,,Yukon South,permafrost - kim,USA: Alaska,USA,North America,,,,,65.84 N 149.64 W,,,soil,permafrost,soil/sediment,,,
SRR30681684,PRJNA1149319,SAMN43778680,,Deadhorse,permafrost - kim,USA: Alaska,USA,North America,,,,,70.16 N 148.46 W,,,soil,permafrost,soil/sediment,,,
SRR30681685,PRJNA1149319,SAMN43778688,,Yukon South,permafrost - kim,USA: Alaska,USA,North America,,,,,65.84 N 149.64 W,,,soil,permafrost,soil/sediment,,,
SRR30681686,PRJNA1149319,SAMN43778688,,Yukon South,permafrost - kim,USA: Alaska,USA,North America,,,,,65.84 N 149.64 W,,,soil,permafrost,soil/sediment,,,
SRR30681687,PRJNA1149319,SAMN43778688,,Yukon South,permafrost - kim,USA: Alaska,USA,North America,,,,,65.84 N 149.64 W,,,soil,permafrost,soil/sediment,,,
SRR30681688,PRJNA1149319,SAMN43778688,,Yukon South,permafrost - kim,USA: Alaska,USA,North America,,,,,65.84 N 149.64 W,,,soil,permafrost,soil/sediment,,,
SRR30681689,PRJNA1149319,SAMN43778688,,Yukon South,permafrost - kim,USA: Alaska,USA,North America,,,,,65.84 N 149.64 W,,,soil,permafrost,soil/sediment,,,
SRR30681690,PRJNA1149319,SAMN43778688,,Yukon South,permafrost - kim,USA: Alaska,USA,North America,,,,,65.84 N 149.64 W,,,soil,permafrost,soil/sediment,,,
SRR30681691,PRJNA1149319,SAMN43778688,,Yukon South,permafrost - kim,USA: Alaska,USA,North America,,,,,65.84 N 149.64 W,,,soil,permafrost,soil/sediment,,,
SRR30681692,PRJNA1149319,SAMN43778688,,Yukon South,permafrost - kim,USA: Alaska,USA,North America,,,,,65.84 N 149.64 W,,,soil,permafrost,soil/sediment,,,
SRR30681693,PRJNA1149319,SAMN43778688,,Yukon South,permafrost - kim,USA: Alaska,USA,North America,,,,,65.84 N 149.64 W,,,soil,permafrost,soil/sediment,,,
SRR30681694,PRJNA1149319,SAMN43778688,,Yukon South,permafrost - kim,USA: Alaska,USA,North America,,,,,65.84 N 149.64 W,,,soil,permafrost,soil/sediment,,,
SRR30681695,PRJNA1149319,SAMN43778680,,Deadhorse,permafrost - kim,USA: Alaska,USA,North America,,,,,70.16 N 148.46 W,,,soil,permafrost,soil/sediment,,,
SRR30681696,PRJNA1149319,SAMN43778687,,Yukon North,permafrost - kim,USA: Alaska,USA,North America,,,,,66.18 N 150.16 W,,,soil,permafrost,soil/sediment,,,
SRR30681697,PRJNA1149319,SAMN43778687,,Yukon North,permafrost - kim,USA: Alaska,USA,North America,,,,,66.18 N 150.16 W,,,soil,permafrost,soil/sediment,,,
SRR30681698,PRJNA1149319,SAMN43778687,,Yukon North,permafrost - kim,USA: Alaska,USA,North America,,,,,66.18 N 150.16 W,,,soil,permafrost,soil/sediment,,,
SRR30681699,PRJNA1149319,SAMN43778687,,Yukon North,permafrost - kim,USA: Alaska,USA,North America,,,,,66.18 N 150.16 W,,,soil,permafrost,soil/sediment,,,
SRR30681700,PRJNA1149319,SAMN43778687,,Yukon North,permafrost - kim,USA: Alaska,USA,North America,,,,,66.18 N 150.16 W,,,soil,permafrost,soil/sediment,,,
SRR30681701,PRJNA1149319,SAMN43778687,,Yukon North,permafrost - kim,USA: Alaska,USA,North America,,,,,66.18 N 150.16 W,,,soil,permafrost,soil/sediment,,,
SRR30681702,PRJNA1149319,SAMN43778687,,Yukon North,permafrost - kim,USA: Alaska,USA,North America,,,,,66.18 N 150.16 W,,,soil,permafrost,soil/sediment,,,
SRR30681703,PRJNA1149319,SAMN43778687,,Yukon North,permafrost - kim,USA: Alaska,USA,North America,,,,,66.18 N 150.16 W,,,soil,permafrost,soil/sediment,,,
SRR30681704,PRJNA1149319,SAMN43778687,,Yukon North,permafrost - kim,USA: Alaska,USA,North America,,,,,66.18 N 150.16 W,,,soil,permafrost,soil/sediment,,,
SRR30681705,PRJNA1149319,SAMN43778687,,Yukon North,permafrost - kim,USA: Alaska,USA,North America,,,,,66.18 N 150.16 W,,,soil,permafrost,soil/sediment,,,
SRR30681706,PRJNA1149319,SAMN43778680,,Deadhorse,permafrost - kim,USA: Alaska,USA,North America,,,,,70.16 N 148.46 W,,,soil,permafrost,soil/sediment,,,
SRR30681707,PRJNA1149319,SAMN43778687,,Yukon North,permafrost - kim,USA: Alaska,USA,North America,,,,,66.18 N 150.16 W,,,soil,permafrost,soil/sediment,,,
SRR30681708,PRJNA1149319,SAMN43778687,,Yukon North,permafrost - kim,USA: Alaska,USA,North America,,,,,66.18 N 150.16 W,,,soil,permafrost,soil/sediment,,,
SRR30681709,PRJNA1149319,SAMN43778687,,Yukon North,permafrost - kim,USA: Alaska,USA,North America,,,,,66.18 N 150.16 W,,,soil,permafrost,soil/sediment,,,
SRR30681710,PRJNA1149319,SAMN43778687,,Yukon North,permafrost - kim,USA: Alaska,USA,North America,,,,,66.18 N 150.16 W,,,soil,permafrost,soil/sediment,,,
SRR30681711,PRJNA1149319,SAMN43778687,,Yukon North,permafrost - kim,USA: Alaska,USA,North America,,,,,66.18 N 150.16 W,,,soil,permafrost,soil/sediment,,,
SRR30681712,PRJNA1149319,SAMN43778686,,Coldfoot,permafrost - kim,USA: Alaska,USA,North America,,,,,67.18 N 150.30 W,,,soil,permafrost,soil/sediment,,,
SRR30681713,PRJNA1149319,SAMN43778686,,Coldfoot,permafrost - kim,USA: Alaska,USA,North America,,,,,67.18 N 150.30 W,,,soil,permafrost,soil/sediment,,,
SRR30681714,PRJNA1149319,SAMN43778686,,Coldfoot,permafrost - kim,USA: Alaska,USA,North America,,,,,67.18 N 150.30 W,,,soil,permafrost,soil/sediment,,,
SRR30681715,PRJNA1149319,SAMN43778686,,Coldfoot,permafrost - kim,USA: Alaska,USA,North America,,,,,67.18 N 150.30 W,,,soil,permafrost,soil/sediment,,,
SRR30681716,PRJNA1149319,SAMN43778686,,Coldfoot,permafrost - kim,USA: Alaska,USA,North America,,,,,67.18 N 150.30 W,,,soil,permafrost,soil/sediment,,,
SRR30681717,PRJNA1149319,SAMN43778680,,Deadhorse,permafrost - kim,USA: Alaska,USA,North America,,,,,70.16 N 148.46 W,,,soil,permafrost,soil/sediment,,,
SRR30681718,PRJNA1149319,SAMN43778680,,Deadhorse,permafrost - kim,USA: Alaska,USA,North America,,,,,70.16 N 148.46 W,,,soil,permafrost,soil/sediment,,,
SRR30681719,PRJNA1149319,SAMN43778680,,Deadhorse,permafrost - kim,USA: Alaska,USA,North America,,,,,70.16 N 148.46 W,,,soil,permafrost,soil/sediment,,,
SRR22259370,PRJNA830449,SAMN27723227,AboveFoxTunnel_5_3,,permafrost - waldrop,USA: Alaska,USA,North America,,,,,64.951515 N 147.62059 W,,,soil,permafrost,,,,
SRR22259369,PRJNA830449,SAMN27723228,BlackSheep_DC2_1,,permafrost - waldrop,USA: Alaska,USA,North America,,,,,64.88834 N 147.92046 W,,,soil,permafrost,,,,
SRR22259358,PRJNA830449,SAMN27723229,BlackSheep_DC2_2B,,permafrost - waldrop,USA: Alaska,USA,North America,,,,,64.88834 N 147.92046 W,,,soil,permafrost,,,,
SRR22259347,PRJNA830449,SAMN27723230,BlackSheep_DC2_2C,,permafrost - waldrop,USA: Alaska,USA,North America,,,,,64.88834 N 147.92046 W,,,soil,permafrost,,,,
SRR22259336,PRJNA830449,SAMN27723231,BlackSheep_DC2_2D,,permafrost - waldrop,USA: Alaska,USA,North America,,,,,64.88834 N 147.92046 W,,,soil,permafrost,,,,
SRR22259325,PRJNA830449,SAMN27723232,BlackSheep_DC2_2E,,permafrost - waldrop,USA: Alaska,USA,North America,,,,,64.88834 N 147.92046 W,,,soil,permafrost,,,,
SRR22259314,PRJNA830449,SAMN27723233,BlackSheep_DC2_3B,,permafrost - waldrop,USA: Alaska,USA,North America,,,,,64.88834 N 147.92046 W,,,soil,permafrost,,,,
SRR22259303,PRJNA830449,SAMN27723234,BlackSheep_DC3_1,,permafrost - waldrop,USA: Alaska,USA,North America,,,,,64.89031 N 147.91634 W,,,soil,permafrost,,,,
SRR22259292,PRJNA830449,SAMN27723235,BlackSheep_DC3_10,,permafrost - waldrop,USA: Alaska,USA,North America,,,,,64.89031 N 147.91634 W,,,soil,permafrost,,,,
SRR22259281,PRJNA830449,SAMN27723236,BlackSheep_DC3_11,,permafrost - waldrop,USA: Alaska,USA,North America,,,,,64.89031 N 147.91634 W,,,soil,permafrost,,,,
SRR22259368,PRJNA830449,SAMN27723237,BlackSheep_DC3_2,,permafrost - waldrop,USA: Alaska,USA,North America,,,,,64.89031 N 147.91634 W,,,soil,permafrost,,,,
SRR22259367,PRJNA830449,SAMN27723238,BlackSheep_DC3_3,,permafrost - waldrop,USA: Alaska,USA,North America,,,,,64.89031 N 147.91634 W,,,soil,permafrost,,,,
SRR22259366,PRJNA830449,SAMN27723239,BlackSheep_DC3_4,,permafrost - waldrop,USA: Alaska,USA,North America,,,,,64.89031 N 147.91634 W,,,soil,permafrost,,,,
SRR22259365,PRJNA830449,SAMN27723240,BlackSheep_DC3_5,,permafrost - waldrop,USA: Alaska,USA,North America,,,,,64.89031 N 147.91634 W,,,soil,permafrost,,,,
SRR22259364,PRJNA830449,SAMN27723241,BlackSheep_DC3_6,,permafrost - waldrop,USA: Alaska,USA,North America,,,,,64.89031 N 147.91634 W,,,soil,permafrost,,,,
SRR22259363,PRJNA830449,SAMN27723242,BlackSheep_DC3_8,,permafrost - waldrop,USA: Alaska,USA,North America,,,,,64.89031 N 147.91634 W,,,soil,permafrost,,,,
SRR22259362,PRJNA830449,SAMN27723243,Bolshoy_EM_1444_13,,permafrost - waldrop,Russia: Bolshoy Lyakhovsky Island,Russia,Europe,,,,,73.341 N 141.28586 E,,,soil,permafrost,,,,
SRR22259361,PRJNA830449,SAMN27723244,Bolshoy_EM_1444_14,,permafrost - waldrop,Russia: Bolshoy Lyakhovsky Island,Russia,Europe,,,,,73.341 N 141.28586 E,,,soil,permafrost,,,,
SRR22259360,PRJNA830449,SAMN27723245,Bolshoy_EM_1444_15,,permafrost - waldrop,Russia: Bolshoy Lyakhovsky Island,Russia,Europe,,,,,73.341 N 141.28586 E,,,soil,permafrost,,,,
SRR22259359,PRJNA830449,SAMN27723246,Bolshoy_EM_1447_4,,permafrost - waldrop,Russia: Bolshoy Lyakhovsky Island,Russia,Europe,,,,,73.341 N 141.28586 E,,,soil,permafrost,,,,
SRR22259357,PRJNA830449,SAMN27723247,Bolshoy_EM_1447_5,,permafrost - waldrop,Russia: Bolshoy Lyakhovsky Island,Russia,Europe,,,,,73.341 N 141.28586 E,,,soil,permafrost,,,,
SRR22259356,PRJNA830449,SAMN27723248,Bolshoy_EM_1447_6,,permafrost - waldrop,Russia: Bolshoy Lyakhovsky Island,Russia,Europe,,,,,73.341 N 141.28586 E,,,soil,permafrost,,,,
SRR22259355,PRJNA830449,SAMN27723249,Bolshoy_HEM_1452_7,,permafrost - waldrop,Russia: Bolshoy Lyakhovsky Island,Russia,Europe,,,,,73.34994 N 141.24156 E,,,soil,permafrost,,,,
SRR22259354,PRJNA830449,SAMN27723250,Bolshoy_HEM_1452_8,,permafrost - waldrop,Russia: Bolshoy Lyakhovsky Island,Russia,Europe,,,,,73.34994 N 141.24156 E,,,soil,permafrost,,,,
SRR22259353,PRJNA830449,SAMN27723251,Bolshoy_HEM_1452_9,,permafrost - waldrop,Russia: Bolshoy Lyakhovsky Island,Russia,Europe,,,,,73.34994 N 141.24156 E,,,soil,permafrost,,,,
SRR22259352,PRJNA830449,SAMN27723252,Bolshoy_Yed_14210_10,,permafrost - waldrop,Russia: Bolshoy Lyakhovsky Island,Russia,Europe,,,,,73.33616 N 141.32776 E,,,soil,permafrost,,,,
SRR22259351,PRJNA830449,SAMN27723253,Bolshoy_Yed_14210_11,,permafrost - waldrop,Russia: Bolshoy Lyakhovsky Island,Russia,Europe,,,,,73.33616 N 141.32776 E,,,soil,permafrost,,,,
SRR22259350,PRJNA830449,SAMN27723254,Bolshoy_Yed_14210_12,,permafrost - waldrop,Russia: Bolshoy Lyakhovsky Island,Russia,Europe,,,,,73.33616 N 141.32776 E,,,soil,permafrost,,,,
SRR22259349,PRJNA830449,SAMN27723255,Bolshoy_Yed_1423_1,,permafrost - waldrop,Russia: Bolshoy Lyakhovsky Island,Russia,Europe,,,,,73.33616 N 141.32776 E,,,soil,permafrost,,,,
SRR22259348,PRJNA830449,SAMN27723256,Bolshoy_Yed_1423_2,,permafrost - waldrop,Russia: Bolshoy Lyakhovsky Island,Russia,Europe,,,,,73.33616 N 141.32776 E,,,soil,permafrost,,,,
SRR22259346,PRJNA830449,SAMN27723257,Bolshoy_Yed_1423_3,,permafrost - waldrop,Russia: Bolshoy Lyakhovsky Island,Russia,Europe,,,,,73.33616 N 141.32776 E,,,soil,permafrost,,,,
SRR22259345,PRJNA830449,SAMN27723258,Bolshoy_Yed_1458_16,,permafrost - waldrop,Russia: Bolshoy Lyakhovsky Island,Russia,Europe,,,,,73.34994 N 141.24156 E,,,soil,permafrost,,,,
SRR22259344,PRJNA830449,SAMN27723259,Bolshoy_Yed_1458_17,,permafrost - waldrop,Russia: Bolshoy Lyakhovsky Island,Russia,Europe,,,,,73.34994 N 141.24156 E,,,soil,permafrost,,,,
SRR22259343,PRJNA830449,SAMN27723260,Bolshoy_Yed_1458_18,,permafrost - waldrop,Russia: Bolshoy Lyakhovsky Island,Russia,Europe,,,,,73.34994 N 141.24156 E,,,soil,permafrost,,,,
SRR22259342,PRJNA830449,SAMN27723261,FoxTunnel_19_10,,permafrost - waldrop,USA: Alaska,USA,North America,,,,,64.951515 N 147.62059 W,,,soil,permafrost,,,,
SRR22259341,PRJNA830449,SAMN27723262,FoxTunnel_19_6,,permafrost - waldrop,USA: Alaska,USA,North America,,,,,64.951515 N 147.62059 W,,,soil,permafrost,,,,
SRR22259340,PRJNA830449,SAMN27723263,FoxTunnel_19_7,,permafrost - waldrop,USA: Alaska,USA,North America,,,,,64.951515 N 147.62059 W,,,soil,permafrost,,,,
SRR22259339,PRJNA830449,SAMN27723264,FoxTunnel_19_8,,permafrost - waldrop,USA: Alaska,USA,North America,,,,,64.951515 N 147.62059 W,,,soil,permafrost,,,,
SRR22259338,PRJNA830449,SAMN27723265,FoxTunnel_19_9,,permafrost - waldrop,USA: Alaska,USA,North America,,,,,64.951515 N 147.62059 W,,,soil,permafrost,,,,
SRR22259337,PRJNA830449,SAMN27723266,FoxTunnel_27_10,,permafrost - waldrop,USA: Alaska,USA,North America,,,,,64.951515 N 147.62059 W,,,soil,permafrost,,,,
SRR22259335,PRJNA830449,SAMN27723267,FoxTunnel_27_6,,permafrost - waldrop,USA: Alaska,USA,North America,,,,,64.951515 N 147.62059 W,,,soil,permafrost,,,,
SRR22259334,PRJNA830449,SAMN27723268,FoxTunnel_27_7,,permafrost - waldrop,USA: Alaska,USA,North America,,,,,64.951515 N 147.62059 W,,,soil,permafrost,,,,
SRR22259333,PRJNA830449,SAMN27723269,FoxTunnel_27_8,,permafrost - waldrop,USA: Alaska,USA,North America,,,,,64.951515 N 147.62059 W,,,soil,permafrost,,,,
SRR22259332,PRJNA830449,SAMN27723270,FoxTunnel_27_9,,permafrost - waldrop,USA: Alaska,USA,North America,,,,,64.951515 N 147.62059 W,,,soil,permafrost,,,,
SRR22259331,PRJNA830449,SAMN27723271,FoxTunnel_33_10,,permafrost - waldrop,USA: Alaska,USA,North America,,,,,64.951515 N 147.62059 W,,,soil,permafrost,,,,
SRR22259330,PRJNA830449,SAMN27723272,FoxTunnel_33_6,,permafrost - waldrop,USA: Alaska,USA,North America,,,,,64.951515 N 147.62059 W,,,soil,permafrost,,,,
SRR22259329,PRJNA830449,SAMN27723273,FoxTunnel_33_7,,permafrost - waldrop,USA: Alaska,USA,North America,,,,,64.951515 N 147.62059 W,,,soil,permafrost,,,,
SRR22259328,PRJNA830449,SAMN27723274,FoxTunnel_33_8,,permafrost - waldrop,USA: Alaska,USA,North America,,,,,64.951515 N 147.62059 W,,,soil,permafrost,,,,
SRR22259327,PRJNA830449,SAMN27723275,FoxTunnel_33_9,,permafrost - waldrop,USA: Alaska,USA,North America,,,,,64.951515 N 147.62059 W,,,soil,permafrost,,,,
SRR22259326,PRJNA830449,SAMN27723276,FoxTunnel19_2_1,,permafrost - waldrop,USA: Alaska,USA,North America,,,,,64.951515 N 147.62059 W,,,soil,permafrost,,,,
SRR22259324,PRJNA830449,SAMN27723277,FoxTunnel19_2_2,,permafrost - waldrop,USA: Alaska,USA,North America,,,,,64.951515 N 147.62059 W,,,soil,permafrost,,,,
SRR22259323,PRJNA830449,SAMN27723278,FoxTunnel19_2_3,,permafrost - waldrop,USA: Alaska,USA,North America,,,,,64.951515 N 147.62059 W,,,soil,permafrost,,,,
SRR22259322,PRJNA830449,SAMN27723279,FoxTunnel33_2_1,,permafrost - waldrop,USA: Alaska,USA,North America,,,,,64.951515 N 147.62059 W,,,soil,permafrost,,,,
SRR22259321,PRJNA830449,SAMN27723280,FoxTunnel33_2_3,,permafrost - waldrop,USA: Alaska,USA,North America,,,,,64.951515 N 147.62059 W,,,soil,permafrost,,,,
SRR22259320,PRJNA830449,SAMN27723281,Kaktovik_1C,,permafrost - waldrop,USA: Alaska,USA,North America,,,,,70.13297 N 143.6881 W,,,soil,permafrost,,,,
SRR22259319,PRJNA830449,SAMN27723282,Kaktovik_1D,,permafrost - waldrop,USA: Alaska,USA,North America,,,,,70.13297 N 143.6881 W,,,soil,permafrost,,,,
SRR22259318,PRJNA830449,SAMN27723283,Kaktovik_1M,,permafrost - waldrop,USA: Alaska,USA,North America,,,,,70.13297 N 143.6881 W,,,soil,permafrost,,,,
SRR22259317,PRJNA830449,SAMN27723284,Kaktovik_1T,,permafrost - waldrop,USA: Alaska,USA,North America,,,,,70.13297 N 143.6881 W,,,soil,permafrost,,,,
SRR22259316,PRJNA830449,SAMN27723285,Kaktovik_2D,,permafrost - waldrop,USA: Alaska,USA,North America,,,,,70.13297 N 143.6881 W,,,soil,permafrost,,,,
SRR22259315,PRJNA830449,SAMN27723286,Kaktovik_2S,,permafrost - waldrop,USA: Alaska,USA,North America,,,,,70.13297 N 143.6881 W,,,soil,permafrost,,,,
SRR22259313,PRJNA830449,SAMN27723287,Kaktovik_3N,,permafrost - waldrop,USA: Alaska,USA,North America,,,,,70.13297 N 143.6881 W,,,soil,permafrost,,,,
SRR22259312,PRJNA830449,SAMN27723288,PeatBallLake_1_1,,permafrost - waldrop,USA: Alaska,USA,North America,,,,,70.751329 N 153.868843 W,,,soil,permafrost,,,,
SRR22259311,PRJNA830449,SAMN27723289,PeatBallLake_1_2,,permafrost - waldrop,USA: Alaska,USA,North America,,,,,70.751329 N 153.868843 W,,,soil,permafrost,,,,
SRR22259310,PRJNA830449,SAMN27723290,PeatBallLake_2_1,,permafrost - waldrop,USA: Alaska,USA,North America,,,,,70.751329 N 153.868843 W,,,soil,permafrost,,,,
SRR22259309,PRJNA830449,SAMN27723291,PeatBallLake_2_2,,permafrost - waldrop,USA: Alaska,USA,North America,,,,,70.751329 N 153.868843 W,,,soil,permafrost,,,,
SRR22259308,PRJNA830449,SAMN27723292,Utqiagvik_154B-1,,permafrost - waldrop,USA: Alaska,USA,North America,,,,,71.323 N 156.6114 W,,,soil,permafrost,,,,
SRR22259307,PRJNA830449,SAMN27723293,Utqiagvik_154B-2,,permafrost - waldrop,USA: Alaska,USA,North America,,,,,71.323 N 156.6114 W,,,soil,permafrost,,,,
SRR22259306,PRJNA830449,SAMN27723294,Utqiagvik_154B-3,,permafrost - waldrop,USA: Alaska,USA,North America,,,,,71.323 N 156.6114 W,,,soil,permafrost,,,,
SRR22259305,PRJNA830449,SAMN27723295,Utqiagvik_159B-16B,,permafrost - waldrop,USA: Alaska,USA,North America,,,,,71.323 N 156.6114 W,,,soil,permafrost,,,,
SRR22259304,PRJNA830449,SAMN27723296,Utqiagvik_159B-4B,,permafrost - waldrop,USA: Alaska,USA,North America,,,,,71.323 N 156.6114 W,,,soil,permafrost,,,,
SRR22259302,PRJNA830449,SAMN27723297,Utqiagvik_305-11B,,permafrost - waldrop,USA: Alaska,USA,North America,,,,,71.323 N 156.6114 W,,,soil,permafrost,,,,
SRR22259301,PRJNA830449,SAMN27723298,Utqiagvik_AB12-B,,permafrost - waldrop,USA: Alaska,USA,North America,,,,,71.323 N 156.6114 W,,,soil,permafrost,,,,
SRR22259300,PRJNA830449,SAMN27723299,Utqiagvik_AB12-D,,permafrost - waldrop,USA: Alaska,USA,North America,,,,,71.323 N 156.6114 W,,,soil,permafrost,,,,
SRR22259299,PRJNA830449,SAMN27723300,Utqiagvik_AB136-A,,permafrost - waldrop,USA: Alaska,USA,North America,,,,,71.323 N 156.6114 W,,,soil,permafrost,,,,
SRR22259298,PRJNA830449,SAMN27723301,Utqiagvik_AB136-I,,permafrost - waldrop,USA: Alaska,USA,North America,,,,,71.323 N 156.6114 W,,,soil,permafrost,,,,
SRR22259297,PRJNA830449,SAMN27723302,Utqiagvik_L1-D,,permafrost - waldrop,USA: Alaska,USA,North America,,,,,71.323 N 156.6114 W,,,soil,permafrost,,,,
SRR22259296,PRJNA830449,SAMN27723303,Utqiagvik_L2-A,,permafrost - waldrop,USA: Alaska,USA,North America,,,,,71.323 N 156.6114 W,,,soil,permafrost,,,,
SRR22259295,PRJNA830449,SAMN27723304,Utqiagvik_L2-G,,permafrost - waldrop,USA: Alaska,USA,North America,,,,,71.323 N 156.6114 W,,,soil,permafrost,,,,
SRR22259294,PRJNA830449,SAMN27723305,VaultTunnel_1_1,,permafrost - waldrop,USA: Alaska,USA,North America,,,,,65.0293 N 147.6987 W,,,soil,permafrost,,,,
SRR22259293,PRJNA830449,SAMN27723306,VaultTunnel_1_2,,permafrost - waldrop,USA: Alaska,USA,North America,,,,,65.0293 N 147.6987 W,,,soil,permafrost,,,,
SRR22259291,PRJNA830449,SAMN27723307,VaultTunnel_1_3,,permafrost - waldrop,USA: Alaska,USA,North America,,,,,65.0293 N 147.6987 W,,,soil,permafrost,,,,
SRR22259290,PRJNA830449,SAMN27723308,VaultTunnel_2_1,,permafrost - waldrop,USA: Alaska,USA,North America,,,,,65.0293 N 147.6987 W,,,soil,permafrost,,,,
SRR22259289,PRJNA830449,SAMN27723309,VaultTunnel_2_2,,permafrost - waldrop,USA: Alaska,USA,North America,,,,,65.0293 N 147.6987 W,,,soil,permafrost,,,,
SRR22259288,PRJNA830449,SAMN27723310,VaultTunnel_2_3,,permafrost - waldrop,USA: Alaska,USA,North America,,,,,65.0293 N 147.6987 W,,,soil,permafrost,,,,
SRR22259287,PRJNA830449,SAMN27723311,VaultTunnel_3_1,,permafrost - waldrop,USA: Alaska,USA,North America,,,,,65.0293 N 147.6987 W,,,soil,permafrost,,,,
SRR22259286,PRJNA830449,SAMN27723312,VaultTunnel_3_2,,permafrost - waldrop,USA: Alaska,USA,North America,,,,,65.0293 N 147.6987 W,,,soil,permafrost,,,,
SRR22259285,PRJNA830449,SAMN27723313,VaultTunnel_3_3,,permafrost - waldrop,USA: Alaska,USA,North America,,,,,65.0293 N 147.6987 W,,,soil,permafrost,,,,
SRR22259284,PRJNA830449,SAMN27723314,VaultTunnel_4_1,,permafrost - waldrop,USA: Alaska,USA,North America,,,,,65.0293 N 147.6987 W,,,soil,permafrost,,,,
SRR22259283,PRJNA830449,SAMN27723315,VaultTunnel_4_3,,permafrost - waldrop,USA: Alaska,USA,North America,,,,,65.0293 N 147.6987 W,,,soil,permafrost,,,,
SRR22259282,PRJNA830449,SAMN27723316,WadePieperLake1_1,,permafrost - waldrop,USA: Alaska,USA,North America,,,,,70.71009 N 153.938431 W,,,soil,permafrost,,,,
SRR22259280,PRJNA830449,SAMN27723317,WadePieperLake1_2,,permafrost - waldrop,USA: Alaska,USA,North America,,,,,70.71009 N 153.938431 W,,,soil,permafrost,,,,
SRR22259279,PRJNA830449,SAMN27723318,WadePieperLake3_1,,permafrost - waldrop,USA: Alaska,USA,North America,,,,,70.71009 N 153.938431 W,,,soil,permafrost,,,,
SRR22259278,PRJNA830449,SAMN27723319,WadePieperLake3_2,,permafrost - waldrop,USA: Alaska,USA,North America,,,,,70.71009 N 153.938431 W,,,soil,permafrost,,,,
SRR6788478,PRJNA436168,SAMN08618475,,,savannah river site,Aiken SC,USA,North America,,,,,33.19 N 81.42 W,,,epa/contaminant,soil,sediment/soil,,,
SRR6788479,PRJNA436168,SAMN08618474,,,savannah river site,Aiken SC,USA,North America,,,,,33.19 N 81.42 W,,,epa/contaminant,soil,sediment/soil,,,
SRR6788480,PRJNA436168,SAMN08618473,,,savannah river site,Aiken SC,USA,North America,,,,,33.19 N 81.42 W,,,epa/contaminant,soil,sediment/soil,,,
SRR6788481,PRJNA436168,SAMN08618472,,,savannah river site,Aiken SC,USA,North America,,,,,33.19 N 81.42 W,,,epa/contaminant,soil,sediment/soil,,,
SRR6788482,PRJNA436168,SAMN08618471,,,savannah river site,Aiken SC,USA,North America,,,,,33.19 N 81.42 W,,,epa/contaminant,soil,sediment/soil,,,
SRR6788483,PRJNA436168,SAMN08618470,,,savannah river site,Aiken SC,USA,North America,,,,,33.19 N 81.42 W,,,epa/contaminant,soil,sediment/soil,,,
SRR6788484,PRJNA436168,SAMN08618469,,,savannah river site,Aiken SC,USA,North America,,,,,33.19 N 81.42 W,,,epa/contaminant,soil,sediment/soil,,,
SRR6788485,PRJNA436168,SAMN08618468,,,savannah river site,Aiken SC,USA,North America,,,,,33.19 N 81.42 W,,,epa/contaminant,soil,sediment/soil,,,
SRR6788486,PRJNA436168,SAMN08618477,,,savannah river site,Aiken SC,USA,North America,,,,,33.19 N 81.42 W,,,epa/contaminant,soil,sediment/soil,,,
SRR6788487,PRJNA436168,SAMN08618476,,,savannah river site,Aiken SC,USA,North America,,,,,33.19 N 81.42 W,,,epa/contaminant,soil,sediment/soil,,,
SRR6788488,PRJNA436168,SAMN08618479,,,savannah river site,Aiken SC,USA,North America,,,,,33.19 N 81.42 W,,,epa/contaminant,soil,sediment/soil,,,
SRR6788489,PRJNA436168,SAMN08618478,,,savannah river site,Aiken SC,USA,North America,,,,,33.19 N 81.42 W,,,epa/contaminant,soil,sediment/soil,,,
ERR598950,,ERS487936,TARA_004_DCM_0.22-1.6,,tara,TARA_004,(NAO) North Atlantic Ocean [MRGID:1912],(NAST-E) North Atlantic Subtropical Gyral Province [MRGID:21467],,Westerlies,36.5533,-6.5669,40,,9/15/09 18:00,water,marine,,(DCM) deep chlorophyll maximum layer (ENVO:01000326),,
ERR599095,,ERS487936,TARA_004_DCM_0.22-1.6,,tara,TARA_004,(NAO) North Atlantic Ocean [MRGID:1912],(NAST-E) North Atlantic Subtropical Gyral Province [MRGID:21467],,Westerlies,36.5533,-6.5669,40,,9/15/09 18:00,water,marine,,(DCM) deep chlorophyll maximum layer (ENVO:01000326),,
ERR598955,,ERS487899,TARA_004_SRF_0.22-1.6,,tara,TARA_004,(NAO) North Atlantic Ocean [MRGID:1912],(NAST-E) North Atlantic Subtropical Gyral Province [MRGID:21467],,Westerlies,36.5533,-6.5669,5,,9/15/09 11:30,water,marine,,(SRF) surface water layer (ENVO:00002042),,
ERR599003,,ERS487899,TARA_004_SRF_0.22-1.6,,tara,TARA_004,(NAO) North Atlantic Ocean [MRGID:1912],(NAST-E) North Atlantic Subtropical Gyral Province [MRGID:21467],,Westerlies,36.5533,-6.5669,5,,9/15/09 11:30,water,marine,,(SRF) surface water layer (ENVO:00002042),,
ERR315856,,ERS477953,TARA_007_DCM_0.22-1.6,,tara,TARA_007,(MS) Mediterranean Sea [MRGID:1905],"(MEDI) Mediterranean Sea, Black Sea Province [MRGID:21465]",,Westerlies,37.0541,1.9478,42,,9/23/09 16:08,water,marine,,(DCM) deep chlorophyll maximum layer (ENVO:01000326),,
ERR315857,,ERS477931,TARA_007_SRF_0.22-1.6,,tara,TARA_007,(MS) Mediterranean Sea [MRGID:1905],"(MEDI) Mediterranean Sea, Black Sea Province [MRGID:21465]",,Westerlies,37.051,1.9378,5,,9/23/09 12:50,water,marine,,(SRF) surface water layer (ENVO:00002042),,
ERR594315,,ERS488147,TARA_009_DCM_0.22-1.6,,tara,TARA_009,(MS) Mediterranean Sea [MRGID:1905],"(MEDI) Mediterranean Sea, Black Sea Province [MRGID:21465]",,Westerlies,39.0609,5.9422,55,,9/28/09 16:59,water,marine,,(DCM) deep chlorophyll maximum layer (ENVO:01000326),,
ERR594329,,ERS488147,TARA_009_DCM_0.22-1.6,,tara,TARA_009,(MS) Mediterranean Sea [MRGID:1905],"(MEDI) Mediterranean Sea, Black Sea Province [MRGID:21465]",,Westerlies,39.0609,5.9422,55,,9/28/09 16:59,water,marine,,(DCM) deep chlorophyll maximum layer (ENVO:01000326),,
ERR594288,,ERS488119,TARA_009_SRF_0.22-1.6,,tara,TARA_009,(MS) Mediterranean Sea [MRGID:1905],"(MEDI) Mediterranean Sea, Black Sea Province [MRGID:21465]",,Westerlies,39.1633,5.916,5,,9/28/09 12:18,water,marine,,(SRF) surface water layer (ENVO:00002042),,
ERR594316,,ERS488119,TARA_009_SRF_0.22-1.6,,tara,TARA_009,(MS) Mediterranean Sea [MRGID:1905],"(MEDI) Mediterranean Sea, Black Sea Province [MRGID:21465]",,Westerlies,39.1633,5.916,5,,9/28/09 12:18,water,marine,,(SRF) surface water layer (ENVO:00002042),,
ERR594317,,ERS488119,TARA_009_SRF_0.22-1.6,,tara,TARA_009,(MS) Mediterranean Sea [MRGID:1905],"(MEDI) Mediterranean Sea, Black Sea Province [MRGID:21465]",,Westerlies,39.1633,5.916,5,,9/28/09 12:18,water,marine,,(SRF) surface water layer (ENVO:00002042),,
ERR594352,,ERS488354,TARA_018_DCM_<-0.22,,tara,TARA_018,(MS) Mediterranean Sea [MRGID:1905],"(MEDI) Mediterranean Sea, Black Sea Province [MRGID:21465]",,Westerlies,35.7528,14.2765,60,,11/2/09 14:07,water,marine,,(DCM) deep chlorophyll maximum layer (ENVO:01000326),,
ERR599073,,ERS488346,TARA_018_DCM_0.22-1.6,,tara,TARA_018,(MS) Mediterranean Sea [MRGID:1905],"(MEDI) Mediterranean Sea, Black Sea Province [MRGID:21465]",,Westerlies,35.7528,14.2765,60,,11/2/09 14:07,water,marine,,(DCM) deep chlorophyll maximum layer (ENVO:01000326),,
ERR599092,,ERS488346,TARA_018_DCM_0.22-1.6,,tara,TARA_018,(MS) Mediterranean Sea [MRGID:1905],"(MEDI) Mediterranean Sea, Black Sea Province [MRGID:21465]",,Westerlies,35.7528,14.2765,60,,11/2/09 14:07,water,marine,,(DCM) deep chlorophyll maximum layer (ENVO:01000326),,
ERR594358,,ERS488340,TARA_018_SRF_<-0.22,,tara,TARA_018,(MS) Mediterranean Sea [MRGID:1905],"(MEDI) Mediterranean Sea, Black Sea Province [MRGID:21465]",,Westerlies,35.759,14.2574,5,,11/2/09 8:13,water,marine,,(SRF) surface water layer (ENVO:00002042),,
ERR598993,,ERS488330,TARA_018_SRF_0.22-1.6,,tara,TARA_018,(MS) Mediterranean Sea [MRGID:1905],"(MEDI) Mediterranean Sea, Black Sea Province [MRGID:21465]",,Westerlies,35.759,14.2574,5,,11/2/09 8:13,water,marine,,(SRF) surface water layer (ENVO:00002042),,
ERR599140,,ERS488330,TARA_018_SRF_0.22-1.6,,tara,TARA_018,(MS) Mediterranean Sea [MRGID:1905],"(MEDI) Mediterranean Sea, Black Sea Province [MRGID:21465]",,Westerlies,35.759,14.2574,5,,11/2/09 8:13,water,marine,,(SRF) surface water layer (ENVO:00002042),,
ERR594378,,ERS488448,TARA_022_SRF_<-0.22,,tara,TARA_022,(MS) Mediterranean Sea [MRGID:1905],"(MEDI) Mediterranean Sea, Black Sea Province [MRGID:21465]",,Westerlies,39.8386,17.4155,5,,11/16/09 8:16,water,marine,,(SRF) surface water layer (ENVO:00002042),,
ERR594406,,ERS488448,TARA_022_SRF_<-0.22,,tara,TARA_022,(MS) Mediterranean Sea [MRGID:1905],"(MEDI) Mediterranean Sea, Black Sea Province [MRGID:21465]",,Westerlies,39.8386,17.4155,5,,11/16/09 8:16,water,marine,,(SRF) surface water layer (ENVO:00002042),,
ERR594408,,ERS478007,TARA_023_DCM_<-0.22,,tara,TARA_023,(MS) Mediterranean Sea [MRGID:1905],"(MEDI) Mediterranean Sea, Black Sea Province [MRGID:21465]",,Westerlies,42.1735,17.7252,55,,11/18/09 13:50,water,marine,,(DCM) deep chlorophyll maximum layer (ENVO:01000326),,
ERR315859,,ERS477998,TARA_023_DCM_0.22-1.6,,tara,TARA_023,(MS) Mediterranean Sea [MRGID:1905],"(MEDI) Mediterranean Sea, Black Sea Province [MRGID:21465]",,Westerlies,42.1735,17.7252,55,,11/18/09 13:50,water,marine,,(DCM) deep chlorophyll maximum layer (ENVO:01000326),,
ERR315860,,ERS477998,TARA_023_DCM_0.22-1.6,,tara,TARA_023,(MS) Mediterranean Sea [MRGID:1905],"(MEDI) Mediterranean Sea, Black Sea Province [MRGID:21465]",,Westerlies,42.1735,17.7252,55,,11/18/09 13:50,water,marine,,(DCM) deep chlorophyll maximum layer (ENVO:01000326),,
ERR315858,,ERS477979,TARA_023_SRF_0.22-1.6,,tara,TARA_023,(MS) Mediterranean Sea [MRGID:1905],"(MEDI) Mediterranean Sea, Black Sea Province [MRGID:21465]",,Westerlies,42.2038,17.715,5,,11/18/09 8:41,water,marine,,(SRF) surface water layer (ENVO:00002042),,
ERR315861,,ERS477979,TARA_023_SRF_0.22-1.6,,tara,TARA_023,(MS) Mediterranean Sea [MRGID:1905],"(MEDI) Mediterranean Sea, Black Sea Province [MRGID:21465]",,Westerlies,42.2038,17.715,5,,11/18/09 8:41,water,marine,,(SRF) surface water layer (ENVO:00002042),,
ERR594375,,ERS488518,TARA_025_DCM_<-0.22,,tara,TARA_025,(MS) Mediterranean Sea [MRGID:1905],"(MEDI) Mediterranean Sea, Black Sea Province [MRGID:21465]",,Westerlies,39.3991,19.3997,50,,11/23/09 13:52,water,marine,,(DCM) deep chlorophyll maximum layer (ENVO:01000326),,
ERR599094,,ERS488509,TARA_025_DCM_0.22-1.6,,tara,TARA_025,(MS) Mediterranean Sea [MRGID:1905],"(MEDI) Mediterranean Sea, Black Sea Province [MRGID:21465]",,Westerlies,39.3991,19.3997,50,,11/23/09 13:52,water,marine,,(DCM) deep chlorophyll maximum layer (ENVO:01000326),,
ERR599153,,ERS488509,TARA_025_DCM_0.22-1.6,,tara,TARA_025,(MS) Mediterranean Sea [MRGID:1905],"(MEDI) Mediterranean Sea, Black Sea Province [MRGID:21465]",,Westerlies,39.3991,19.3997,50,,11/23/09 13:52,water,marine,,(DCM) deep chlorophyll maximum layer (ENVO:01000326),,
ERR594396,,ERS488499,TARA_025_SRF_<-0.22,,tara,TARA_025,(MS) Mediterranean Sea [MRGID:1905],"(MEDI) Mediterranean Sea, Black Sea Province [MRGID:21465]",,Westerlies,39.3888,19.3905,5,,11/23/09 9:12,water,marine,,(SRF) surface water layer (ENVO:00002042),,
ERR598951,,ERS488486,TARA_025_SRF_0.22-1.6,,tara,TARA_025,(MS) Mediterranean Sea [MRGID:1905],"(MEDI) Mediterranean Sea, Black Sea Province [MRGID:21465]",,Westerlies,39.3888,19.3905,5,,11/23/09 9:12,water,marine,,(SRF) surface water layer (ENVO:00002042),,
ERR599043,,ERS488486,TARA_025_SRF_0.22-1.6,,tara,TARA_025,(MS) Mediterranean Sea [MRGID:1905],"(MEDI) Mediterranean Sea, Black Sea Province [MRGID:21465]",,Westerlies,39.3888,19.3905,5,,11/23/09 9:12,water,marine,,(SRF) surface water layer (ENVO:00002042),,
ERR594405,,ERS478052,TARA_030_DCM_<-0.22,,tara,TARA_030,(MS) Mediterranean Sea [MRGID:1905],"(MEDI) Mediterranean Sea, Black Sea Province [MRGID:21465]",,Westerlies,33.9235,32.8118,70,,12/15/09 15:23,water,marine,,(DCM) deep chlorophyll maximum layer (ENVO:01000326),,
ERR318618,,ERS478040,TARA_030_DCM_0.22-1.6,,tara,TARA_030,(MS) Mediterranean Sea [MRGID:1905],"(MEDI) Mediterranean Sea, Black Sea Province [MRGID:21465]",,Westerlies,33.9235,32.8118,70,,12/15/09 15:23,water,marine,,(DCM) deep chlorophyll maximum layer (ENVO:01000326),,
ERR318619,,ERS478040,TARA_030_DCM_0.22-1.6,,tara,TARA_030,(MS) Mediterranean Sea [MRGID:1905],"(MEDI) Mediterranean Sea, Black Sea Province [MRGID:21465]",,Westerlies,33.9235,32.8118,70,,12/15/09 15:23,water,marine,,(DCM) deep chlorophyll maximum layer (ENVO:01000326),,
ERR318620,,ERS478040,TARA_030_DCM_0.22-1.6,,tara,TARA_030,(MS) Mediterranean Sea [MRGID:1905],"(MEDI) Mediterranean Sea, Black Sea Province [MRGID:21465]",,Westerlies,33.9235,32.8118,70,,12/15/09 15:23,water,marine,,(DCM) deep chlorophyll maximum layer (ENVO:01000326),,
ERR318621,,ERS478040,TARA_030_DCM_0.22-1.6,,tara,TARA_030,(MS) Mediterranean Sea [MRGID:1905],"(MEDI) Mediterranean Sea, Black Sea Province [MRGID:21465]",,Westerlies,33.9235,32.8118,70,,12/15/09 15:23,water,marine,,(DCM) deep chlorophyll maximum layer (ENVO:01000326),,
ERR315862,,ERS478017,TARA_030_SRF_0.22-1.6,,tara,TARA_030,(MS) Mediterranean Sea [MRGID:1905],"(MEDI) Mediterranean Sea, Black Sea Province [MRGID:21465]",,Westerlies,33.9179,32.898,5,,12/15/09 10:41,water,marine,,(SRF) surface water layer (ENVO:00002042),,
ERR315863,,ERS478017,TARA_030_SRF_0.22-1.6,,tara,TARA_030,(MS) Mediterranean Sea [MRGID:1905],"(MEDI) Mediterranean Sea, Black Sea Province [MRGID:21465]",,Westerlies,33.9179,32.898,5,,12/15/09 10:41,water,marine,,(SRF) surface water layer (ENVO:00002042),,
ERR594401,,ERS488558,TARA_031_SRF_<-0.22,,tara,TARA_031,(RS) Red Sea [MRGID:4264],"(REDS) Red Sea, Persian Gulf Province [MRGID:21474]",,Coastal,27.16,34.835,5,,1/9/10 7:15,water,marine,,(SRF) surface water layer (ENVO:00002042),,
ERR594410,,ERS488558,TARA_031_SRF_<-0.22,,tara,TARA_031,(RS) Red Sea [MRGID:4264],"(REDS) Red Sea, Persian Gulf Province [MRGID:21474]",,Coastal,27.16,34.835,5,,1/9/10 7:15,water,marine,,(SRF) surface water layer (ENVO:00002042),,
ERR598969,,ERS488545,TARA_031_SRF_0.22-1.6,,tara,TARA_031,(RS) Red Sea [MRGID:4264],"(REDS) Red Sea, Persian Gulf Province [MRGID:21474]",,Coastal,27.16,34.835,5,,1/9/10 7:15,water,marine,,(SRF) surface water layer (ENVO:00002042),,
ERR599106,,ERS488545,TARA_031_SRF_0.22-1.6,,tara,TARA_031,(RS) Red Sea [MRGID:4264],"(REDS) Red Sea, Persian Gulf Province [MRGID:21474]",,Coastal,27.16,34.835,5,,1/9/10 7:15,water,marine,,(SRF) surface water layer (ENVO:00002042),,
ERR594360,,ERS488613,TARA_032_DCM_<-0.22,,tara,TARA_032,(RS) Red Sea [MRGID:4264],"(REDS) Red Sea, Persian Gulf Province [MRGID:21474]",,Coastal,23.4183,37.245,80,,1/11/10 14:17,water,marine,,(DCM) deep chlorophyll maximum layer (ENVO:01000326),,
ERR599061,,ERS488599,TARA_032_DCM_0.22-1.6,,tara,TARA_032,(RS) Red Sea [MRGID:4264],"(REDS) Red Sea, Persian Gulf Province [MRGID:21474]",,Coastal,23.4183,37.245,80,,1/11/10 14:17,water,marine,,(DCM) deep chlorophyll maximum layer (ENVO:01000326),,
ERR599097,,ERS488599,TARA_032_DCM_0.22-1.6,,tara,TARA_032,(RS) Red Sea [MRGID:4264],"(REDS) Red Sea, Persian Gulf Province [MRGID:21474]",,Coastal,23.4183,37.245,80,,1/11/10 14:17,water,marine,,(DCM) deep chlorophyll maximum layer (ENVO:01000326),,
ERR594393,,ERS488589,TARA_032_SRF_<-0.22,,tara,TARA_032,(RS) Red Sea [MRGID:4264],"(REDS) Red Sea, Persian Gulf Province [MRGID:21474]",,Coastal,23.36,37.2183,5,,1/11/10 7:21,water,marine,,(SRF) surface water layer (ENVO:00002042),,
ERR599041,,ERS488569,TARA_032_SRF_0.22-1.6,,tara,TARA_032,(RS) Red Sea [MRGID:4264],"(REDS) Red Sea, Persian Gulf Province [MRGID:21474]",,Coastal,23.36,37.2183,5,,1/11/10 7:21,water,marine,,(SRF) surface water layer (ENVO:00002042),,
ERR599116,,ERS488569,TARA_032_SRF_0.22-1.6,,tara,TARA_032,(RS) Red Sea [MRGID:4264],"(REDS) Red Sea, Persian Gulf Province [MRGID:21474]",,Coastal,23.36,37.2183,5,,1/11/10 7:21,water,marine,,(SRF) surface water layer (ENVO:00002042),,
ERR599155,,ERS488569,TARA_032_SRF_0.22-1.6,,tara,TARA_032,(RS) Red Sea [MRGID:4264],"(REDS) Red Sea, Persian Gulf Province [MRGID:21474]",,Coastal,23.36,37.2183,5,,1/11/10 7:21,water,marine,,(SRF) surface water layer (ENVO:00002042),,
ERR599049,,ERS488621,TARA_033_SRF_0.22-1.6,,tara,TARA_033,(RS) Red Sea [MRGID:4264],"(REDS) Red Sea, Persian Gulf Province [MRGID:21474]",,Coastal,21.9467,38.2517,5,,1/13/10 7:16,water,marine,,(SRF) surface water layer (ENVO:00002042),,
ERR599134,,ERS488621,TARA_033_SRF_0.22-1.6,,tara,TARA_033,(RS) Red Sea [MRGID:4264],"(REDS) Red Sea, Persian Gulf Province [MRGID:21474]",,Coastal,21.9467,38.2517,5,,1/13/10 7:16,water,marine,,(SRF) surface water layer (ENVO:00002042),,
ERR594390,,ERS488701,TARA_034_DCM_<-0.22,,tara,TARA_034,(RS) Red Sea [MRGID:4264],"(REDS) Red Sea, Persian Gulf Province [MRGID:21474]",,Coastal,18.4417,39.8567,60,,1/20/10 11:50,water,marine,,(DCM) deep chlorophyll maximum layer (ENVO:01000326),,
ERR598975,,ERS488685,TARA_034_DCM_0.22-1.6,,tara,TARA_034,(RS) Red Sea [MRGID:4264],"(REDS) Red Sea, Persian Gulf Province [MRGID:21474]",,Coastal,18.4417,39.8567,60,,1/20/10 11:50,water,marine,,(DCM) deep chlorophyll maximum layer (ENVO:01000326),,
ERR599111,,ERS488685,TARA_034_DCM_0.22-1.6,,tara,TARA_034,(RS) Red Sea [MRGID:4264],"(REDS) Red Sea, Persian Gulf Province [MRGID:21474]",,Coastal,18.4417,39.8567,60,,1/20/10 11:50,water,marine,,(DCM) deep chlorophyll maximum layer (ENVO:01000326),,
ERR594368,,ERS488673,TARA_034_SRF_<-0.22,,tara,TARA_034,(RS) Red Sea [MRGID:4264],"(REDS) Red Sea, Persian Gulf Province [MRGID:21474]",,Coastal,18.3967,39.875,5,,1/20/10 4:27,water,marine,,(SRF) surface water layer (ENVO:00002042),,
ERR594370,,ERS488673,TARA_034_SRF_<-0.22,,tara,TARA_034,(RS) Red Sea [MRGID:4264],"(REDS) Red Sea, Persian Gulf Province [MRGID:21474]",,Coastal,18.3967,39.875,5,,1/20/10 4:27,water,marine,,(SRF) surface water layer (ENVO:00002042),,
ERR594328,,ERS488658,TARA_034_SRF_0.1-0.22,,tara,TARA_034,(RS) Red Sea [MRGID:4264],"(REDS) Red Sea, Persian Gulf Province [MRGID:21474]",,Coastal,18.3967,39.875,5,,1/20/10 4:27,water,marine,,(SRF) surface water layer (ENVO:00002042),,
ERR598959,,ERS488649,TARA_034_SRF_0.22-1.6,,tara,TARA_034,(RS) Red Sea [MRGID:4264],"(REDS) Red Sea, Persian Gulf Province [MRGID:21474]",,Coastal,18.3967,39.875,5,,1/20/10 4:27,water,marine,,(SRF) surface water layer (ENVO:00002042),,
ERR598991,,ERS488649,TARA_034_SRF_0.22-1.6,,tara,TARA_034,(RS) Red Sea [MRGID:4264],"(REDS) Red Sea, Persian Gulf Province [MRGID:21474]",,Coastal,18.3967,39.875,5,,1/20/10 4:27,water,marine,,(SRF) surface water layer (ENVO:00002042),,
ERR594402,,ERS488757,TARA_036_DCM_<-0.22,,tara,TARA_036,(IO) Indian Ocean [MRGID:1904],(ARAB) Northwest Arabian Sea Upwelling Province [MRGID:21475],,Coastal,20.8222,63.5133,17,,3/12/10 12:23,water,marine,,(DCM) deep chlorophyll maximum layer (ENVO:01000326),,
ERR598974,,ERS488747,TARA_036_DCM_0.22-1.6,,tara,TARA_036,(IO) Indian Ocean [MRGID:1904],(ARAB) Northwest Arabian Sea Upwelling Province [MRGID:21475],,Coastal,20.8222,63.5133,17,,3/12/10 12:23,water,marine,,(DCM) deep chlorophyll maximum layer (ENVO:01000326),,
ERR599028,,ERS488747,TARA_036_DCM_0.22-1.6,,tara,TARA_036,(IO) Indian Ocean [MRGID:1904],(ARAB) Northwest Arabian Sea Upwelling Province [MRGID:21475],,Coastal,20.8222,63.5133,17,,3/12/10 12:23,water,marine,,(DCM) deep chlorophyll maximum layer (ENVO:01000326),,
ERR594369,,ERS488737,TARA_036_SRF_<-0.22,,tara,TARA_036,(IO) Indian Ocean [MRGID:1904],(ARAB) Northwest Arabian Sea Upwelling Province [MRGID:21475],,Coastal,20.8183,63.5047,5,,3/12/10 6:06,water,marine,,(SRF) surface water layer (ENVO:00002042),,
ERR594334,,ERS488722,TARA_036_SRF_0.1-0.22,,tara,TARA_036,(IO) Indian Ocean [MRGID:1904],(ARAB) Northwest Arabian Sea Upwelling Province [MRGID:21475],,Coastal,20.8183,63.5047,5,,3/12/10 6:06,water,marine,,(SRF) surface water layer (ENVO:00002042),,
ERR598966,,ERS488714,TARA_036_SRF_0.22-1.6,,tara,TARA_036,(IO) Indian Ocean [MRGID:1904],(ARAB) Northwest Arabian Sea Upwelling Province [MRGID:21475],,Coastal,20.8183,63.5047,5,,3/12/10 6:06,water,marine,,(SRF) surface water layer (ENVO:00002042),,
ERR599143,,ERS488714,TARA_036_SRF_0.22-1.6,,tara,TARA_036,(IO) Indian Ocean [MRGID:1904],(ARAB) Northwest Arabian Sea Upwelling Province [MRGID:21475],,Coastal,20.8183,63.5047,5,,3/12/10 6:06,water,marine,,(SRF) surface water layer (ENVO:00002042),,
ERR594290,,ERS488773,TARA_037_MES_0.1-0.22,,tara,TARA_037,(IO) Indian Ocean [MRGID:1904],(ARAB) Northwest Arabian Sea Upwelling Province [MRGID:21475],,Coastal,20.8457,63.5851,600,,3/12/10 17:08,water,marine,,(MES) mesopelagic zone (ENVO:00000213) & marine oxygen minimum zone (ENVO:01000065),,
ERR594345,,ERS488773,TARA_037_MES_0.1-0.22,,tara,TARA_037,(IO) Indian Ocean [MRGID:1904],(ARAB) Northwest Arabian Sea Upwelling Province [MRGID:21475],,Coastal,20.8457,63.5851,600,,3/12/10 17:08,water,marine,,(MES) mesopelagic zone (ENVO:00000213) & marine oxygen minimum zone (ENVO:01000065),,
ERR599031,,ERS488769,TARA_037_MES_0.22-1.6,,tara,TARA_037,(IO) Indian Ocean [MRGID:1904],(ARAB) Northwest Arabian Sea Upwelling Province [MRGID:21475],,Coastal,20.8457,63.5851,600,,3/12/10 17:08,water,marine,,(MES) mesopelagic zone (ENVO:00000213) & marine oxygen minimum zone (ENVO:01000065),,
ERR599062,,ERS488769,TARA_037_MES_0.22-1.6,,tara,TARA_037,(IO) Indian Ocean [MRGID:1904],(ARAB) Northwest Arabian Sea Upwelling Province [MRGID:21475],,Coastal,20.8457,63.5851,600,,3/12/10 17:08,water,marine,,(MES) mesopelagic zone (ENVO:00000213) & marine oxygen minimum zone (ENVO:01000065),,
ERR594386,,ERS488836,TARA_038_DCM_<-0.22,,tara,TARA_038,(IO) Indian Ocean [MRGID:1904],(MONS) Indian Monsoon Gyres Province [MRGID:21471],,Trades,19.0284,64.5126,25,,3/15/10 11:18,water,marine,,(DCM) deep chlorophyll maximum layer (ENVO:01000326),,
ERR594399,,ERS488836,TARA_038_DCM_<-0.22,,tara,TARA_038,(IO) Indian Ocean [MRGID:1904],(MONS) Indian Monsoon Gyres Province [MRGID:21471],,Trades,19.0284,64.5126,25,,3/15/10 11:18,water,marine,,(DCM) deep chlorophyll maximum layer (ENVO:01000326),,
ERR598949,,ERS488830,TARA_038_DCM_0.22-1.6,,tara,TARA_038,(IO) Indian Ocean [MRGID:1904],(MONS) Indian Monsoon Gyres Province [MRGID:21471],,Trades,19.0284,64.5126,25,,3/15/10 11:18,water,marine,,(DCM) deep chlorophyll maximum layer (ENVO:01000326),,
ERR599082,,ERS488830,TARA_038_DCM_0.22-1.6,,tara,TARA_038,(IO) Indian Ocean [MRGID:1904],(MONS) Indian Monsoon Gyres Province [MRGID:21471],,Trades,19.0284,64.5126,25,,3/15/10 11:18,water,marine,,(DCM) deep chlorophyll maximum layer (ENVO:01000326),,
ERR594312,,ERS488853,TARA_038_MES_0.1-0.22,,tara,TARA_038,(IO) Indian Ocean [MRGID:1904],(MONS) Indian Monsoon Gyres Province [MRGID:21471],,Trades,19.0351,64.5638,340,,3/16/10 6:13,water,marine,,(MES) mesopelagic zone (ENVO:00000213) & marine oxygen minimum zone (ENVO:01000065),,
ERR599109,,ERS488849,TARA_038_MES_0.22-1.6,,tara,TARA_038,(IO) Indian Ocean [MRGID:1904],(MONS) Indian Monsoon Gyres Province [MRGID:21471],,Trades,19.0351,64.5638,340,,3/16/10 6:13,water,marine,,(MES) mesopelagic zone (ENVO:00000213) & marine oxygen minimum zone (ENVO:01000065),,
ERR599167,,ERS488849,TARA_038_MES_0.22-1.6,,tara,TARA_038,(IO) Indian Ocean [MRGID:1904],(MONS) Indian Monsoon Gyres Province [MRGID:21471],,Trades,19.0351,64.5638,340,,3/16/10 6:13,water,marine,,(MES) mesopelagic zone (ENVO:00000213) & marine oxygen minimum zone (ENVO:01000065),,
ERR594374,,ERS488813,TARA_038_SRF_<-0.22,,tara,TARA_038,(IO) Indian Ocean [MRGID:1904],(MONS) Indian Monsoon Gyres Province [MRGID:21471],,Trades,19.0393,64.4913,5,,3/15/10 3:35,water,marine,,(SRF) surface water layer (ENVO:00002042),,
ERR594400,,ERS488813,TARA_038_SRF_<-0.22,,tara,TARA_038,(IO) Indian Ocean [MRGID:1904],(MONS) Indian Monsoon Gyres Province [MRGID:21471],,Trades,19.0393,64.4913,5,,3/15/10 3:35,water,marine,,(SRF) surface water layer (ENVO:00002042),,
ERR594330,,ERS488803,TARA_038_SRF_0.1-0.22,,tara,TARA_038,(IO) Indian Ocean [MRGID:1904],(MONS) Indian Monsoon Gyres Province [MRGID:21471],,Trades,19.0393,64.4913,5,,3/15/10 3:35,water,marine,,(SRF) surface water layer (ENVO:00002042),,
ERR599102,,ERS488799,TARA_038_SRF_0.22-1.6,,tara,TARA_038,(IO) Indian Ocean [MRGID:1904],(MONS) Indian Monsoon Gyres Province [MRGID:21471],,Trades,19.0393,64.4913,5,,3/15/10 3:35,water,marine,,(SRF) surface water layer (ENVO:00002042),,
ERR599158,,ERS488799,TARA_038_SRF_0.22-1.6,,tara,TARA_038,(IO) Indian Ocean [MRGID:1904],(MONS) Indian Monsoon Gyres Province [MRGID:21471],,Trades,19.0393,64.4913,5,,3/15/10 3:35,water,marine,,(SRF) surface water layer (ENVO:00002042),,
ERR594363,,ERS488929,TARA_039_DCM_<-0.22,,tara,TARA_039,(IO) Indian Ocean [MRGID:1904],(MONS) Indian Monsoon Gyres Province [MRGID:21471],,Trades,18.5839,66.4727,25,,3/18/10 11:33,water,marine,,(DCM) deep chlorophyll maximum layer (ENVO:01000326),,
ERR594397,,ERS488929,TARA_039_DCM_<-0.22,,tara,TARA_039,(IO) Indian Ocean [MRGID:1904],(MONS) Indian Monsoon Gyres Province [MRGID:21471],,Trades,18.5839,66.4727,25,,3/18/10 11:33,water,marine,,(DCM) deep chlorophyll maximum layer (ENVO:01000326),,
ERR599145,,ERS488916,TARA_039_DCM_0.22-1.6,,tara,TARA_039,(IO) Indian Ocean [MRGID:1904],(MONS) Indian Monsoon Gyres Province [MRGID:21471],,Trades,18.5839,66.4727,25,,3/18/10 11:33,water,marine,,(DCM) deep chlorophyll maximum layer (ENVO:01000326),,
ERR594346,,ERS488945,TARA_039_MES_0.1-0.22,,tara,TARA_039,(IO) Indian Ocean [MRGID:1904],(MONS) Indian Monsoon Gyres Province [MRGID:21471],,Trades,18.7341,66.3896,270,,3/20/10 8:15,water,marine,,(MES) mesopelagic zone (ENVO:00000213) & marine oxygen minimum zone (ENVO:01000065),,
ERR599037,,ERS488936,TARA_039_MES_0.22-1.6,,tara,TARA_039,(IO) Indian Ocean [MRGID:1904],(MONS) Indian Monsoon Gyres Province [MRGID:21471],,Trades,18.7341,66.3896,270,,3/20/10 8:15,water,marine,,(MES) mesopelagic zone (ENVO:00000213) & marine oxygen minimum zone (ENVO:01000065),,
ERR599172,,ERS488936,TARA_039_MES_0.22-1.6,,tara,TARA_039,(IO) Indian Ocean [MRGID:1904],(MONS) Indian Monsoon Gyres Province [MRGID:21471],,Trades,18.7341,66.3896,270,,3/20/10 8:15,water,marine,,(MES) mesopelagic zone (ENVO:00000213) & marine oxygen minimum zone (ENVO:01000065),,
ERR594356,,ERS488892,TARA_039_SRF_<-0.22,,tara,TARA_039,(IO) Indian Ocean [MRGID:1904],(MONS) Indian Monsoon Gyres Province [MRGID:21471],,Trades,18.5918,66.622,5,,3/18/10 4:27,water,marine,,(SRF) surface water layer (ENVO:00002042),,
ERR594365,,ERS488892,TARA_039_SRF_<-0.22,,tara,TARA_039,(IO) Indian Ocean [MRGID:1904],(MONS) Indian Monsoon Gyres Province [MRGID:21471],,Trades,18.5918,66.622,5,,3/18/10 4:27,water,marine,,(SRF) surface water layer (ENVO:00002042),,
ERR594327,,ERS488879,TARA_039_SRF_0.1-0.22,,tara,TARA_039,(IO) Indian Ocean [MRGID:1904],(MONS) Indian Monsoon Gyres Province [MRGID:21471],,Trades,18.5918,66.622,5,,3/18/10 4:27,water,marine,,(SRF) surface water layer (ENVO:00002042),,
ERR594366,,ERS489084,TARA_041_DCM_<-0.22,,tara,TARA_041,(IO) Indian Ocean [MRGID:1904],(MONS) Indian Monsoon Gyres Province [MRGID:21471],,Trades,14.5536,70.0128,60,,3/30/10 10:56,water,marine,,(DCM) deep chlorophyll maximum layer (ENVO:01000326),,
ERR594367,,ERS489084,TARA_041_DCM_<-0.22,,tara,TARA_041,(IO) Indian Ocean [MRGID:1904],(MONS) Indian Monsoon Gyres Province [MRGID:21471],,Trades,14.5536,70.0128,60,,3/30/10 10:56,water,marine,,(DCM) deep chlorophyll maximum layer (ENVO:01000326),,
ERR594371,,ERS489084,TARA_041_DCM_<-0.22,,tara,TARA_041,(IO) Indian Ocean [MRGID:1904],(MONS) Indian Monsoon Gyres Province [MRGID:21471],,Trades,14.5536,70.0128,60,,3/30/10 10:56,water,marine,,(DCM) deep chlorophyll maximum layer (ENVO:01000326),,
ERR594372,,ERS489084,TARA_041_DCM_<-0.22,,tara,TARA_041,(IO) Indian Ocean [MRGID:1904],(MONS) Indian Monsoon Gyres Province [MRGID:21471],,Trades,14.5536,70.0128,60,,3/30/10 10:56,water,marine,,(DCM) deep chlorophyll maximum layer (ENVO:01000326),,
ERR594373,,ERS489084,TARA_041_DCM_<-0.22,,tara,TARA_041,(IO) Indian Ocean [MRGID:1904],(MONS) Indian Monsoon Gyres Province [MRGID:21471],,Trades,14.5536,70.0128,60,,3/30/10 10:56,water,marine,,(DCM) deep chlorophyll maximum layer (ENVO:01000326),,
ERR598977,,ERS489074,TARA_041_DCM_0.22-1.6,,tara,TARA_041,(IO) Indian Ocean [MRGID:1904],(MONS) Indian Monsoon Gyres Province [MRGID:21471],,Trades,14.5536,70.0128,60,,3/30/10 10:56,water,marine,,(DCM) deep chlorophyll maximum layer (ENVO:01000326),,
ERR599053,,ERS489074,TARA_041_DCM_0.22-1.6,,tara,TARA_041,(IO) Indian Ocean [MRGID:1904],(MONS) Indian Monsoon Gyres Province [MRGID:21471],,Trades,14.5536,70.0128,60,,3/30/10 10:56,water,marine,,(DCM) deep chlorophyll maximum layer (ENVO:01000326),,
ERR594384,,ERS489059,TARA_041_SRF_<-0.22,,tara,TARA_041,(IO) Indian Ocean [MRGID:1904],(MONS) Indian Monsoon Gyres Province [MRGID:21471],,Trades,14.6059,69.9776,5,,3/30/10 2:47,water,marine,,(SRF) surface water layer (ENVO:00002042),,
ERR594295,,ERS489047,TARA_041_SRF_0.1-0.22,,tara,TARA_041,(IO) Indian Ocean [MRGID:1904],(MONS) Indian Monsoon Gyres Province [MRGID:21471],,Trades,14.6059,69.9776,5,,3/30/10 2:47,water,marine,,(SRF) surface water layer (ENVO:00002042),,
ERR599011,,ERS489043,TARA_041_SRF_0.22-1.6,,tara,TARA_041,(IO) Indian Ocean [MRGID:1904],(MONS) Indian Monsoon Gyres Province [MRGID:21471],,Trades,14.6059,69.9776,5,,3/30/10 2:47,water,marine,,(SRF) surface water layer (ENVO:00002042),,
ERR599074,,ERS489043,TARA_041_SRF_0.22-1.6,,tara,TARA_041,(IO) Indian Ocean [MRGID:1904],(MONS) Indian Monsoon Gyres Province [MRGID:21471],,Trades,14.6059,69.9776,5,,3/30/10 2:47,water,marine,,(SRF) surface water layer (ENVO:00002042),,
ERR594413,,ERS489148,TARA_042_DCM_<-0.22,,tara,TARA_042,(IO) Indian Ocean [MRGID:1904],(MONS) Indian Monsoon Gyres Province [MRGID:21471],,Trades,5.9998,73.9067,80,,4/4/10 9:50,water,marine,,(DCM) deep chlorophyll maximum layer (ENVO:01000326),,
ERR599013,,ERS489134,TARA_042_DCM_0.22-1.6,,tara,TARA_042,(IO) Indian Ocean [MRGID:1904],(MONS) Indian Monsoon Gyres Province [MRGID:21471],,Trades,5.9998,73.9067,80,,4/4/10 9:50,water,marine,,(DCM) deep chlorophyll maximum layer (ENVO:01000326),,
ERR599130,,ERS489134,TARA_042_DCM_0.22-1.6,,tara,TARA_042,(IO) Indian Ocean [MRGID:1904],(MONS) Indian Monsoon Gyres Province [MRGID:21471],,Trades,5.9998,73.9067,80,,4/4/10 9:50,water,marine,,(DCM) deep chlorophyll maximum layer (ENVO:01000326),,
ERR594398,,ERS489113,TARA_042_SRF_<-0.22,,tara,TARA_042,(IO) Indian Ocean [MRGID:1904],(MONS) Indian Monsoon Gyres Province [MRGID:21471],,Trades,6.0001,73.8955,5,,4/4/10 2:47,water,marine,,(SRF) surface water layer (ENVO:00002042),,
ERR594403,,ERS489113,TARA_042_SRF_<-0.22,,tara,TARA_042,(IO) Indian Ocean [MRGID:1904],(MONS) Indian Monsoon Gyres Province [MRGID:21471],,Trades,6.0001,73.8955,5,,4/4/10 2:47,water,marine,,(SRF) surface water layer (ENVO:00002042),,
ERR599075,,ERS489087,TARA_042_SRF_0.22-1.6,,tara,TARA_042,(IO) Indian Ocean [MRGID:1904],(MONS) Indian Monsoon Gyres Province [MRGID:21471],,Trades,6.0001,73.8955,5,,4/4/10 2:47,water,marine,,(SRF) surface water layer (ENVO:00002042),,
ERR599141,,ERS489087,TARA_042_SRF_0.22-1.6,,tara,TARA_042,(IO) Indian Ocean [MRGID:1904],(MONS) Indian Monsoon Gyres Province [MRGID:21471],,Trades,6.0001,73.8955,5,,4/4/10 2:47,water,marine,,(SRF) surface water layer (ENVO:00002042),,
ERR599045,,ERS489236,TARA_045_SRF_0.22-1.6,,tara,TARA_045,(IO) Indian Ocean [MRGID:1904],(MONS) Indian Monsoon Gyres Province [MRGID:21471],,Trades,0.0033,71.6428,5,,4/13/10 3:21,water,marine,,(SRF) surface water layer (ENVO:00002042),,
ERR599054,,ERS489236,TARA_045_SRF_0.22-1.6,,tara,TARA_045,(IO) Indian Ocean [MRGID:1904],(MONS) Indian Monsoon Gyres Province [MRGID:21471],,Trades,0.0033,71.6428,5,,4/13/10 3:21,water,marine,,(SRF) surface water layer (ENVO:00002042),,
ERR594376,,ERS489285,TARA_046_SRF_<-0.22,,tara,TARA_046,(IO) Indian Ocean [MRGID:1904],(MONS) Indian Monsoon Gyres Province [MRGID:21471],,Trades,-0.6625,73.161,5,,4/15/10 2:01,water,marine,,(SRF) surface water layer (ENVO:00002042),,
ERR594314,,ERS489324,TARA_048_SRF_0.1-0.22,,tara,TARA_048,(IO) Indian Ocean [MRGID:1904],(ISSG) Indian South Subtropical Gyre Province [MRGID:21472],,Trades,-9.3921,66.4228,5,,4/19/10 7:56,water,marine,,(SRF) surface water layer (ENVO:00002042),,
ERR599019,,ERS489315,TARA_048_SRF_0.22-1.6,,tara,TARA_048,(IO) Indian Ocean [MRGID:1904],(ISSG) Indian South Subtropical Gyre Province [MRGID:21472],,Trades,-9.3921,66.4228,5,,4/19/10 7:56,water,marine,,(SRF) surface water layer (ENVO:00002042),,
ERR599138,,ERS489315,TARA_048_SRF_0.22-1.6,,tara,TARA_048,(IO) Indian Ocean [MRGID:1904],(ISSG) Indian South Subtropical Gyre Province [MRGID:21472],,Trades,-9.3921,66.4228,5,,4/19/10 7:56,water,marine,,(SRF) surface water layer (ENVO:00002042),,
ERR594394,,ERS489603,TARA_052_DCM_<-0.22,,tara,TARA_052,(IO) Indian Ocean [MRGID:1904],(ISSG) Indian South Subtropical Gyre Province [MRGID:21472],,Trades,-16.9534,53.9601,75,,5/17/10 11:42,water,marine,,(DCM) deep chlorophyll maximum layer (ENVO:01000326),,
ERR599002,,ERS489585,TARA_052_DCM_0.22-1.6,,tara,TARA_052,(IO) Indian Ocean [MRGID:1904],(ISSG) Indian South Subtropical Gyre Province [MRGID:21472],,Trades,-16.9534,53.9601,75,,5/17/10 11:42,water,marine,,(DCM) deep chlorophyll maximum layer (ENVO:01000326),,
ERR599016,,ERS489585,TARA_052_DCM_0.22-1.6,,tara,TARA_052,(IO) Indian Ocean [MRGID:1904],(ISSG) Indian South Subtropical Gyre Province [MRGID:21472],,Trades,-16.9534,53.9601,75,,5/17/10 11:42,water,marine,,(DCM) deep chlorophyll maximum layer (ENVO:01000326),,
ERR599098,,ERS489529,TARA_052_SRF_0.22-1.6,,tara,TARA_052,(IO) Indian Ocean [MRGID:1904],(ISSG) Indian South Subtropical Gyre Province [MRGID:21472],,Trades,-16.957,53.9801,5,,5/17/10 4:10,water,marine,,(SRF) surface water layer (ENVO:00002042),,
ERR599139,,ERS489529,TARA_052_SRF_0.22-1.6,,tara,TARA_052,(IO) Indian Ocean [MRGID:1904],(ISSG) Indian South Subtropical Gyre Province [MRGID:21472],,Trades,-16.957,53.9801,5,,5/17/10 4:10,water,marine,,(SRF) surface water layer (ENVO:00002042),,
ERR599112,,ERS489727,TARA_056_MES_0.22-3,,tara,TARA_056,(IO) Indian Ocean [MRGID:1904],(EAFR) Eastern Africa Coastal Province [MRGID:21473],,Coastal,-15.3379,43.2948,1000,,6/26/10 7:12,water,marine,,(MES) mesopelagic zone (ENVO:00000213),,
ERR599057,,ERS489712,TARA_056_SRF_0.22-3,,tara,TARA_056,(IO) Indian Ocean [MRGID:1904],(EAFR) Eastern Africa Coastal Province [MRGID:21473],,Coastal,-15.3424,43.2965,5,,6/26/10 7:05,water,marine,,(SRF) surface water layer (ENVO:00002042),,
ERR599058,,ERS489733,TARA_057_SRF_0.22-3,,tara,TARA_057,(IO) Indian Ocean [MRGID:1904],(EAFR) Eastern Africa Coastal Province [MRGID:21473],,Coastal,-17.0248,42.7401,5,,6/27/10 12:05,water,marine,,(SRF) surface water layer (ENVO:00002042),,
ERR599026,,ERS489846,TARA_058_DCM_0.22-3,,tara,TARA_058,(IO) Indian Ocean [MRGID:1904],(EAFR) Eastern Africa Coastal Province [MRGID:21473],,Coastal,-17.2855,42.2866,66,,6/29/10 15:00,water,marine,,(DCM) deep chlorophyll maximum layer (ENVO:01000326),,
ERR599012,,ERS489877,TARA_062_SRF_0.22-3,,tara,TARA_062,(IO) Indian Ocean [MRGID:1904],(EAFR) Eastern Africa Coastal Province [MRGID:21473],,Coastal,-22.3368,40.3412,5,,7/3/10 8:09,water,marine,,(SRF) surface water layer (ENVO:00002042),,
ERR594385,,ERS490026,TARA_064_DCM_<-0.22,,tara,TARA_064,(IO) Indian Ocean [MRGID:1904],(EAFR) Eastern Africa Coastal Province [MRGID:21473],,Coastal,-29.5333,37.9117,65,,7/8/10 6:21,water,marine,,(DCM) deep chlorophyll maximum layer (ENVO:01000326),,
ERR594324,,ERS490010,TARA_064_DCM_0.1-0.22,,tara,TARA_064,(IO) Indian Ocean [MRGID:1904],(EAFR) Eastern Africa Coastal Province [MRGID:21473],,Coastal,-29.5333,37.9117,65,,7/8/10 6:21,water,marine,,(DCM) deep chlorophyll maximum layer (ENVO:01000326),,
ERR598972,,ERS490002,TARA_064_DCM_0.22-3,,tara,TARA_064,(IO) Indian Ocean [MRGID:1904],(EAFR) Eastern Africa Coastal Province [MRGID:21473],,Coastal,-29.5333,37.9117,65,,7/8/10 6:21,water,marine,,(DCM) deep chlorophyll maximum layer (ENVO:01000326),,
ERR599023,,ERS490002,TARA_064_DCM_0.22-3,,tara,TARA_064,(IO) Indian Ocean [MRGID:1904],(EAFR) Eastern Africa Coastal Province [MRGID:21473],,Coastal,-29.5333,37.9117,65,,7/8/10 6:21,water,marine,,(DCM) deep chlorophyll maximum layer (ENVO:01000326),,
ERR599025,,ERS490002,TARA_064_DCM_0.22-3,,tara,TARA_064,(IO) Indian Ocean [MRGID:1904],(EAFR) Eastern Africa Coastal Province [MRGID:21473],,Coastal,-29.5333,37.9117,65,,7/8/10 6:21,water,marine,,(DCM) deep chlorophyll maximum layer (ENVO:01000326),,
ERR599021,,ERS489987,TARA_064_MES_0.22-3,,tara,TARA_064,(IO) Indian Ocean [MRGID:1904],(EAFR) Eastern Africa Coastal Province [MRGID:21473],,Coastal,-29.5046,37.9599,1000,,7/7/10 12:13,water,marine,,(MES) mesopelagic zone (ENVO:00000213),,
ERR599164,,ERS489987,TARA_064_MES_0.22-3,,tara,TARA_064,(IO) Indian Ocean [MRGID:1904],(EAFR) Eastern Africa Coastal Province [MRGID:21473],,Coastal,-29.5046,37.9599,1000,,7/7/10 12:13,water,marine,,(MES) mesopelagic zone (ENVO:00000213),,
ERR594392,,ERS489943,TARA_064_SRF_<-0.22,,tara,TARA_064,(IO) Indian Ocean [MRGID:1904],(EAFR) Eastern Africa Coastal Province [MRGID:21473],,Coastal,-29.5019,37.9889,5,,7/7/10 4:48,water,marine,,(SRF) surface water layer (ENVO:00002042),,
ERR598970,,ERS489917,TARA_064_SRF_0.22-3,,tara,TARA_064,(IO) Indian Ocean [MRGID:1904],(EAFR) Eastern Africa Coastal Province [MRGID:21473],,Coastal,-29.5019,37.9889,5,,7/7/10 4:48,water,marine,,(SRF) surface water layer (ENVO:00002042),,
ERR599088,,ERS489917,TARA_064_SRF_0.22-3,,tara,TARA_064,(IO) Indian Ocean [MRGID:1904],(EAFR) Eastern Africa Coastal Province [MRGID:21473],,Coastal,-29.5019,37.9889,5,,7/7/10 4:48,water,marine,,(SRF) surface water layer (ENVO:00002042),,
ERR599150,,ERS489917,TARA_064_SRF_0.22-3,,tara,TARA_064,(IO) Indian Ocean [MRGID:1904],(EAFR) Eastern Africa Coastal Province [MRGID:21473],,Coastal,-29.5019,37.9889,5,,7/7/10 4:48,water,marine,,(SRF) surface water layer (ENVO:00002042),,
ERR594382,,ERS490120,TARA_065_DCM_<-0.22,,tara,TARA_065,(IO) Indian Ocean [MRGID:1904],(EAFR) Eastern Africa Coastal Province [MRGID:21473],,Coastal,-35.2421,26.3048,30,,7/12/10 11:03,water,marine,,(DCM) deep chlorophyll maximum layer (ENVO:01000326),,
ERR594414,,ERS490120,TARA_065_DCM_<-0.22,,tara,TARA_065,(IO) Indian Ocean [MRGID:1904],(EAFR) Eastern Africa Coastal Province [MRGID:21473],,Coastal,-35.2421,26.3048,30,,7/12/10 11:03,water,marine,,(DCM) deep chlorophyll maximum layer (ENVO:01000326),,
ERR594291,,ERS490089,TARA_065_DCM_0.1-0.22,,tara,TARA_065,(IO) Indian Ocean [MRGID:1904],(EAFR) Eastern Africa Coastal Province [MRGID:21473],,Coastal,-35.2421,26.3048,30,,7/12/10 11:03,water,marine,,(DCM) deep chlorophyll maximum layer (ENVO:01000326),,
ERR598990,,ERS490085,TARA_065_DCM_0.22-3,,tara,TARA_065,(IO) Indian Ocean [MRGID:1904],(EAFR) Eastern Africa Coastal Province [MRGID:21473],,Coastal,-35.2421,26.3048,30,,7/12/10 11:03,water,marine,,(DCM) deep chlorophyll maximum layer (ENVO:01000326),,
ERR599018,,ERS490085,TARA_065_DCM_0.22-3,,tara,TARA_065,(IO) Indian Ocean [MRGID:1904],(EAFR) Eastern Africa Coastal Province [MRGID:21473],,Coastal,-35.2421,26.3048,30,,7/12/10 11:03,water,marine,,(DCM) deep chlorophyll maximum layer (ENVO:01000326),,
ERR599110,,ERS490085,TARA_065_DCM_0.22-3,,tara,TARA_065,(IO) Indian Ocean [MRGID:1904],(EAFR) Eastern Africa Coastal Province [MRGID:21473],,Coastal,-35.2421,26.3048,30,,7/12/10 11:03,water,marine,,(DCM) deep chlorophyll maximum layer (ENVO:01000326),,
ERR598960,,ERS490065,TARA_065_MES_0.22-3,,tara,TARA_065,(IO) Indian Ocean [MRGID:1904],(EAFR) Eastern Africa Coastal Province [MRGID:21473],,Coastal,-35.1889,26.2905,850,,7/12/10 6:46,water,marine,,(MES) mesopelagic zone (ENVO:00000213),,
ERR599034,,ERS490065,TARA_065_MES_0.22-3,,tara,TARA_065,(IO) Indian Ocean [MRGID:1904],(EAFR) Eastern Africa Coastal Province [MRGID:21473],,Coastal,-35.1889,26.2905,850,,7/12/10 6:46,water,marine,,(MES) mesopelagic zone (ENVO:00000213),,
ERR594359,,ERS490053,TARA_065_SRF_<-0.22,,tara,TARA_065,(IO) Indian Ocean [MRGID:1904],(EAFR) Eastern Africa Coastal Province [MRGID:21473],,Coastal,-35.1728,26.2868,5,,7/12/10 5:59,water,marine,,(SRF) surface water layer (ENVO:00002042),,
ERR594361,,ERS490053,TARA_065_SRF_<-0.22,,tara,TARA_065,(IO) Indian Ocean [MRGID:1904],(EAFR) Eastern Africa Coastal Province [MRGID:21473],,Coastal,-35.1728,26.2868,5,,7/12/10 5:59,water,marine,,(SRF) surface water layer (ENVO:00002042),,
ERR594320,,ERS490035,TARA_065_SRF_0.1-0.22,,tara,TARA_065,(IO) Indian Ocean [MRGID:1904],(EAFR) Eastern Africa Coastal Province [MRGID:21473],,Coastal,-35.1728,26.2868,5,,7/12/10 5:59,water,marine,,(SRF) surface water layer (ENVO:00002042),,
ERR598979,,ERS490029,TARA_065_SRF_0.22-3,,tara,TARA_065,(IO) Indian Ocean [MRGID:1904],(EAFR) Eastern Africa Coastal Province [MRGID:21473],,Coastal,-35.1728,26.2868,5,,7/12/10 5:59,water,marine,,(SRF) surface water layer (ENVO:00002042),,
ERR599146,,ERS490029,TARA_065_SRF_0.22-3,,tara,TARA_065,(IO) Indian Ocean [MRGID:1904],(EAFR) Eastern Africa Coastal Province [MRGID:21473],,Coastal,-35.1728,26.2868,5,,7/12/10 5:59,water,marine,,(SRF) surface water layer (ENVO:00002042),,
ERR594389,,ERS490180,TARA_066_DCM_<-0.22,,tara,TARA_066,(SAO) South Atlantic Ocean [MRGID:1914],(BENG) Benguela Current Coastal Province [MRGID:21470],,Coastal,-34.8901,18.0459,30,,7/15/10 15:36,water,marine,,(DCM) deep chlorophyll maximum layer (ENVO:01000326),,
ERR598982,,ERS490163,TARA_066_DCM_0.22-3,,tara,TARA_066,(SAO) South Atlantic Ocean [MRGID:1914],(BENG) Benguela Current Coastal Province [MRGID:21470],,Coastal,-34.8901,18.0459,30,,7/15/10 15:36,water,marine,,(DCM) deep chlorophyll maximum layer (ENVO:01000326),,
ERR599107,,ERS490163,TARA_066_DCM_0.22-3,,tara,TARA_066,(SAO) South Atlantic Ocean [MRGID:1914],(BENG) Benguela Current Coastal Province [MRGID:21470],,Coastal,-34.8901,18.0459,30,,7/15/10 15:36,water,marine,,(DCM) deep chlorophyll maximum layer (ENVO:01000326),,
ERR594362,,ERS490142,TARA_066_SRF_<-0.22,,tara,TARA_066,(SAO) South Atlantic Ocean [MRGID:1914],(BENG) Benguela Current Coastal Province [MRGID:21470],,Coastal,-34.9449,17.9189,5,,7/15/10 12:22,water,marine,,(SRF) surface water layer (ENVO:00002042),,
ERR598973,,ERS490124,TARA_066_SRF_0.22-3,,tara,TARA_066,(SAO) South Atlantic Ocean [MRGID:1914],(BENG) Benguela Current Coastal Province [MRGID:21470],,Coastal,-34.9449,17.9189,5,,7/15/10 12:22,water,marine,,(SRF) surface water layer (ENVO:00002042),,
ERR599068,,ERS490124,TARA_066_SRF_0.22-3,,tara,TARA_066,(SAO) South Atlantic Ocean [MRGID:1914],(BENG) Benguela Current Coastal Province [MRGID:21470],,Coastal,-34.9449,17.9189,5,,7/15/10 12:22,water,marine,,(SRF) surface water layer (ENVO:00002042),,
ERR599173,,ERS490124,TARA_066_SRF_0.22-3,,tara,TARA_066,(SAO) South Atlantic Ocean [MRGID:1914],(BENG) Benguela Current Coastal Province [MRGID:21470],,Coastal,-34.9449,17.9189,5,,7/15/10 12:22,water,marine,,(SRF) surface water layer (ENVO:00002042),,
ERR594395,,ERS490204,TARA_067_SRF_<-0.22,,tara,TARA_067,(SAO) South Atlantic Ocean [MRGID:1914],(BENG) Benguela Current Coastal Province [MRGID:21470],,Coastal,-32.2401,17.7103,5,,9/7/10 6:19,water,marine,,(SRF) surface water layer (ENVO:00002042),,
ERR594404,,ERS490204,TARA_067_SRF_<-0.22,,tara,TARA_067,(SAO) South Atlantic Ocean [MRGID:1914],(BENG) Benguela Current Coastal Province [MRGID:21470],,Coastal,-32.2401,17.7103,5,,9/7/10 6:19,water,marine,,(SRF) surface water layer (ENVO:00002042),,
ERR594313,,ERS490192,TARA_067_SRF_0.22-0.45,,tara,TARA_067,(SAO) South Atlantic Ocean [MRGID:1914],(BENG) Benguela Current Coastal Province [MRGID:21470],,Coastal,-32.2401,17.7103,5,,9/7/10 6:19,water,marine,,(SRF) surface water layer (ENVO:00002042),,
ERR598994,,ERS490183,TARA_067_SRF_0.22-3,,tara,TARA_067,(SAO) South Atlantic Ocean [MRGID:1914],(BENG) Benguela Current Coastal Province [MRGID:21470],,Coastal,-32.2401,17.7103,5,,9/7/10 6:19,water,marine,,(SRF) surface water layer (ENVO:00002042),,
ERR599144,,ERS490183,TARA_067_SRF_0.22-3,,tara,TARA_067,(SAO) South Atlantic Ocean [MRGID:1914],(BENG) Benguela Current Coastal Province [MRGID:21470],,Coastal,-32.2401,17.7103,5,,9/7/10 6:19,water,marine,,(SRF) surface water layer (ENVO:00002042),,
ERR594325,,ERS490193,TARA_067_SRF_0.45-0.8,,tara,TARA_067,(SAO) South Atlantic Ocean [MRGID:1914],(BENG) Benguela Current Coastal Province [MRGID:21470],,Coastal,-32.2401,17.7103,5,,9/7/10 6:19,water,marine,,(SRF) surface water layer (ENVO:00002042),,
ERR594415,,ERS490320,TARA_068_DCM_<-0.22,,tara,TARA_068,(SAO) South Atlantic Ocean [MRGID:1914],(SATL) South Atlantic Gyral Province [MRGID:21459],,Trades,-31.027,4.6802,50,,9/14/10 13:30,water,marine,,(DCM) deep chlorophyll maximum layer (ENVO:01000326),,
ERR594294,,ERS490303,TARA_068_DCM_0.22-0.45,,tara,TARA_068,(SAO) South Atlantic Ocean [MRGID:1914],(SATL) South Atlantic Gyral Province [MRGID:21459],,Trades,-31.027,4.6802,50,,9/14/10 13:30,water,marine,,(DCM) deep chlorophyll maximum layer (ENVO:01000326),,
ERR599017,,ERS490296,TARA_068_DCM_0.22-3,,tara,TARA_068,(SAO) South Atlantic Ocean [MRGID:1914],(SATL) South Atlantic Gyral Province [MRGID:21459],,Trades,-31.027,4.6802,50,,9/14/10 13:30,water,marine,,(DCM) deep chlorophyll maximum layer (ENVO:01000326),,
ERR599056,,ERS490296,TARA_068_DCM_0.22-3,,tara,TARA_068,(SAO) South Atlantic Ocean [MRGID:1914],(SATL) South Atlantic Gyral Province [MRGID:21459],,Trades,-31.027,4.6802,50,,9/14/10 13:30,water,marine,,(DCM) deep chlorophyll maximum layer (ENVO:01000326),,
ERR599103,,ERS490296,TARA_068_DCM_0.22-3,,tara,TARA_068,(SAO) South Atlantic Ocean [MRGID:1914],(SATL) South Atlantic Gyral Province [MRGID:21459],,Trades,-31.027,4.6802,50,,9/14/10 13:30,water,marine,,(DCM) deep chlorophyll maximum layer (ENVO:01000326),,
ERR594348,,ERS490304,TARA_068_DCM_0.45-0.8,,tara,TARA_068,(SAO) South Atlantic Ocean [MRGID:1914],(SATL) South Atlantic Gyral Province [MRGID:21459],,Trades,-31.027,4.6802,50,,9/14/10 13:30,water,marine,,(DCM) deep chlorophyll maximum layer (ENVO:01000326),,
ERR598947,,ERS490230,TARA_068_MES_0.22-3,,tara,TARA_068,(SAO) South Atlantic Ocean [MRGID:1914],(SATL) South Atlantic Gyral Province [MRGID:21459],,Trades,-31.0198,4.6685,700,,9/13/10 13:02,water,marine,,(MES) mesopelagic zone (ENVO:00000213),,
ERR599131,,ERS490230,TARA_068_MES_0.22-3,,tara,TARA_068,(SAO) South Atlantic Ocean [MRGID:1914],(SATL) South Atlantic Gyral Province [MRGID:21459],,Trades,-31.0198,4.6685,700,,9/13/10 13:02,water,marine,,(MES) mesopelagic zone (ENVO:00000213),,
ERR594302,,ERS490238,TARA_068_MES_0.45-0.8,,tara,TARA_068,(SAO) South Atlantic Ocean [MRGID:1914],(SATL) South Atlantic Gyral Province [MRGID:21459],,Trades,-31.0198,4.6685,700,,9/13/10 13:02,water,marine,,(MES) mesopelagic zone (ENVO:00000213),,
ERR594391,,ERS490285,TARA_068_SRF_<-0.22,,tara,TARA_068,(SAO) South Atlantic Ocean [MRGID:1914],(SATL) South Atlantic Gyral Province [MRGID:21459],,Trades,-31.0266,4.665,5,,9/14/10 6:55,water,marine,,(SRF) surface water layer (ENVO:00002042),,
ERR594318,,ERS490272,TARA_068_SRF_0.22-0.45,,tara,TARA_068,(SAO) South Atlantic Ocean [MRGID:1914],(SATL) South Atlantic Gyral Province [MRGID:21459],,Trades,-31.0266,4.665,5,,9/14/10 6:55,water,marine,,(SRF) surface water layer (ENVO:00002042),,
ERR599129,,ERS490265,TARA_068_SRF_0.22-3,,tara,TARA_068,(SAO) South Atlantic Ocean [MRGID:1914],(SATL) South Atlantic Gyral Province [MRGID:21459],,Trades,-31.0266,4.665,5,,9/14/10 6:55,water,marine,,(SRF) surface water layer (ENVO:00002042),,
ERR599171,,ERS490265,TARA_068_SRF_0.22-3,,tara,TARA_068,(SAO) South Atlantic Ocean [MRGID:1914],(SATL) South Atlantic Gyral Province [MRGID:21459],,Trades,-31.0266,4.665,5,,9/14/10 6:55,water,marine,,(SRF) surface water layer (ENVO:00002042),,
ERR599174,,ERS490265,TARA_068_SRF_0.22-3,,tara,TARA_068,(SAO) South Atlantic Ocean [MRGID:1914],(SATL) South Atlantic Gyral Province [MRGID:21459],,Trades,-31.0266,4.665,5,,9/14/10 6:55,water,marine,,(SRF) surface water layer (ENVO:00002042),,
ERR594297,,ERS490273,TARA_068_SRF_0.45-0.8,,tara,TARA_068,(SAO) South Atlantic Ocean [MRGID:1914],(SATL) South Atlantic Gyral Province [MRGID:21459],,Trades,-31.0266,4.665,5,,9/14/10 6:55,water,marine,,(SRF) surface water layer (ENVO:00002042),,
ERR594407,,ERS490388,TARA_070_MES_<-0.22,,tara,TARA_070,(SAO) South Atlantic Ocean [MRGID:1914],(SATL) South Atlantic Gyral Province [MRGID:21459],,Trades,-20.4075,-3.1641,800,,9/21/10 11:57,water,marine,,(MES) mesopelagic zone (ENVO:00000213),,
ERR594299,,ERS490380,TARA_070_MES_0.22-0.45,,tara,TARA_070,(SAO) South Atlantic Ocean [MRGID:1914],(SATL) South Atlantic Gyral Province [MRGID:21459],,Trades,-20.4075,-3.1641,800,,9/21/10 11:57,water,marine,,(MES) mesopelagic zone (ENVO:00000213),,
ERR594308,,ERS490380,TARA_070_MES_0.22-0.45,,tara,TARA_070,(SAO) South Atlantic Ocean [MRGID:1914],(SATL) South Atlantic Gyral Province [MRGID:21459],,Trades,-20.4075,-3.1641,800,,9/21/10 11:57,water,marine,,(MES) mesopelagic zone (ENVO:00000213),,
ERR599044,,ERS490373,TARA_070_MES_0.22-3,,tara,TARA_070,(SAO) South Atlantic Ocean [MRGID:1914],(SATL) South Atlantic Gyral Province [MRGID:21459],,Trades,-20.4075,-3.1641,800,,9/21/10 11:57,water,marine,,(MES) mesopelagic zone (ENVO:00000213),,
ERR599149,,ERS490373,TARA_070_MES_0.22-3,,tara,TARA_070,(SAO) South Atlantic Ocean [MRGID:1914],(SATL) South Atlantic Gyral Province [MRGID:21459],,Trades,-20.4075,-3.1641,800,,9/21/10 11:57,water,marine,,(MES) mesopelagic zone (ENVO:00000213),,
ERR594331,,ERS490382,TARA_070_MES_0.45-0.8,,tara,TARA_070,(SAO) South Atlantic Ocean [MRGID:1914],(SATL) South Atlantic Gyral Province [MRGID:21459],,Trades,-20.4075,-3.1641,800,,9/21/10 11:57,water,marine,,(MES) mesopelagic zone (ENVO:00000213),,
ERR594353,,ERS490346,TARA_070_SRF_<-0.22,,tara,TARA_070,(SAO) South Atlantic Ocean [MRGID:1914],(SATL) South Atlantic Gyral Province [MRGID:21459],,Trades,-20.4091,-3.1759,5,,9/21/10 6:55,water,marine,,(SRF) surface water layer (ENVO:00002042),,
ERR594349,,ERS490336,TARA_070_SRF_0.22-0.45,,tara,TARA_070,(SAO) South Atlantic Ocean [MRGID:1914],(SATL) South Atlantic Gyral Province [MRGID:21459],,Trades,-20.4091,-3.1759,5,,9/21/10 6:55,water,marine,,(SRF) surface water layer (ENVO:00002042),,
ERR599135,,ERS490327,TARA_070_SRF_0.22-3,,tara,TARA_070,(SAO) South Atlantic Ocean [MRGID:1914],(SATL) South Atlantic Gyral Province [MRGID:21459],,Trades,-20.4091,-3.1759,5,,9/21/10 6:55,water,marine,,(SRF) surface water layer (ENVO:00002042),,
ERR599165,,ERS490327,TARA_070_SRF_0.22-3,,tara,TARA_070,(SAO) South Atlantic Ocean [MRGID:1914],(SATL) South Atlantic Gyral Province [MRGID:21459],,Trades,-20.4091,-3.1759,5,,9/21/10 6:55,water,marine,,(SRF) surface water layer (ENVO:00002042),,
ERR594335,,ERS490337,TARA_070_SRF_0.45-0.8,,tara,TARA_070,(SAO) South Atlantic Ocean [MRGID:1914],(SATL) South Atlantic Gyral Province [MRGID:21459],,Trades,-20.4091,-3.1759,5,,9/21/10 6:55,water,marine,,(SRF) surface water layer (ENVO:00002042),,
ERR594379,,ERS490494,TARA_072_DCM_<-0.22,,tara,TARA_072,(SAO) South Atlantic Ocean [MRGID:1914],(SATL) South Atlantic Gyral Province [MRGID:21459],,Trades,-8.7296,-17.9604,100,,10/5/10 15:35,water,marine,,(DCM) deep chlorophyll maximum layer (ENVO:01000326),,
ERR599133,,ERS490476,TARA_072_DCM_0.22-3,,tara,TARA_072,(SAO) South Atlantic Ocean [MRGID:1914],(SATL) South Atlantic Gyral Province [MRGID:21459],,Trades,-8.7296,-17.9604,100,,10/5/10 15:35,water,marine,,(DCM) deep chlorophyll maximum layer (ENVO:01000326),,
ERR599137,,ERS490476,TARA_072_DCM_0.22-3,,tara,TARA_072,(SAO) South Atlantic Ocean [MRGID:1914],(SATL) South Atlantic Gyral Province [MRGID:21459],,Trades,-8.7296,-17.9604,100,,10/5/10 15:35,water,marine,,(DCM) deep chlorophyll maximum layer (ENVO:01000326),,
ERR594388,,ERS490522,TARA_072_MES_<-0.22,,tara,TARA_072,(SAO) South Atlantic Ocean [MRGID:1914],(SATL) South Atlantic Gyral Province [MRGID:21459],,Trades,-8.7986,-17.9034,800,,10/6/10 7:58,water,marine,,(MES) mesopelagic zone (ENVO:00000213),,
ERR599005,,ERS490507,TARA_072_MES_0.22-3,,tara,TARA_072,(SAO) South Atlantic Ocean [MRGID:1914],(SATL) South Atlantic Gyral Province [MRGID:21459],,Trades,-8.7986,-17.9034,800,,10/6/10 7:58,water,marine,,(MES) mesopelagic zone (ENVO:00000213),,
ERR599048,,ERS490507,TARA_072_MES_0.22-3,,tara,TARA_072,(SAO) South Atlantic Ocean [MRGID:1914],(SATL) South Atlantic Gyral Province [MRGID:21459],,Trades,-8.7986,-17.9034,800,,10/6/10 7:58,water,marine,,(MES) mesopelagic zone (ENVO:00000213),,
ERR594364,,ERS490452,TARA_072_SRF_<-0.22,,tara,TARA_072,(SAO) South Atlantic Ocean [MRGID:1914],(SATL) South Atlantic Gyral Province [MRGID:21459],,Trades,-8.7789,-17.9099,5,,10/5/10 8:00,water,marine,,(SRF) surface water layer (ENVO:00002042),,
ERR598984,,ERS490433,TARA_072_SRF_0.22-3,,tara,TARA_072,(SAO) South Atlantic Ocean [MRGID:1914],(SATL) South Atlantic Gyral Province [MRGID:21459],,Trades,-8.7789,-17.9099,5,,10/5/10 8:00,water,marine,,(SRF) surface water layer (ENVO:00002042),,
ERR599105,,ERS490433,TARA_072_SRF_0.22-3,,tara,TARA_072,(SAO) South Atlantic Ocean [MRGID:1914],(SATL) South Atlantic Gyral Province [MRGID:21459],,Trades,-8.7789,-17.9099,5,,10/5/10 8:00,water,marine,,(SRF) surface water layer (ENVO:00002042),,
ERR594355,,ERS490610,TARA_076_DCM_<-0.22,,tara,TARA_076,(SAO) South Atlantic Ocean [MRGID:1914],(SATL) South Atlantic Gyral Province [MRGID:21459],,Trades,-21.0292,-35.3498,150,,10/16/10 16:58,water,marine,,(DCM) deep chlorophyll maximum layer (ENVO:01000326),,
ERR594321,,ERS490602,TARA_076_DCM_0.22-0.45,,tara,TARA_076,(SAO) South Atlantic Ocean [MRGID:1914],(SATL) South Atlantic Gyral Province [MRGID:21459],,Trades,-21.0292,-35.3498,150,,10/16/10 16:58,water,marine,,(DCM) deep chlorophyll maximum layer (ENVO:01000326),,
ERR599040,,ERS490597,TARA_076_DCM_0.22-3,,tara,TARA_076,(SAO) South Atlantic Ocean [MRGID:1914],(SATL) South Atlantic Gyral Province [MRGID:21459],,Trades,-21.0292,-35.3498,150,,10/16/10 16:58,water,marine,,(DCM) deep chlorophyll maximum layer (ENVO:01000326),,
ERR599148,,ERS490597,TARA_076_DCM_0.22-3,,tara,TARA_076,(SAO) South Atlantic Ocean [MRGID:1914],(SATL) South Atlantic Gyral Province [MRGID:21459],,Trades,-21.0292,-35.3498,150,,10/16/10 16:58,water,marine,,(DCM) deep chlorophyll maximum layer (ENVO:01000326),,
ERR594298,,ERS490603,TARA_076_DCM_0.45-0.8,,tara,TARA_076,(SAO) South Atlantic Ocean [MRGID:1914],(SATL) South Atlantic Gyral Province [MRGID:21459],,Trades,-21.0292,-35.3498,150,,10/16/10 16:58,water,marine,,(DCM) deep chlorophyll maximum layer (ENVO:01000326),,
ERR599000,,ERS490633,TARA_076_MES_0.22-3,,tara,TARA_076,(SAO) South Atlantic Ocean [MRGID:1914],(SATL) South Atlantic Gyral Province [MRGID:21459],,Trades,-20.9315,-35.1794,800,,10/17/10 9:05,water,marine,,(MES) mesopelagic zone (ENVO:00000213),,
ERR599154,,ERS490633,TARA_076_MES_0.22-3,,tara,TARA_076,(SAO) South Atlantic Ocean [MRGID:1914],(SATL) South Atlantic Gyral Province [MRGID:21459],,Trades,-20.9315,-35.1794,800,,10/17/10 9:05,water,marine,,(MES) mesopelagic zone (ENVO:00000213),,
ERR594333,,ERS490643,TARA_076_MES_0.45-0.8,,tara,TARA_076,(SAO) South Atlantic Ocean [MRGID:1914],(SATL) South Atlantic Gyral Province [MRGID:21459],,Trades,-20.9315,-35.1794,800,,10/17/10 9:05,water,marine,,(MES) mesopelagic zone (ENVO:00000213),,
ERR594354,,ERS490557,TARA_076_SRF_<-0.22,,tara,TARA_076,(SAO) South Atlantic Ocean [MRGID:1914],(SATL) South Atlantic Gyral Province [MRGID:21459],,Trades,-20.9354,-35.1803,5,,10/16/10 9:55,water,marine,,(SRF) surface water layer (ENVO:00002042),,
ERR594310,,ERS490547,TARA_076_SRF_0.22-0.45,,tara,TARA_076,(SAO) South Atlantic Ocean [MRGID:1914],(SATL) South Atlantic Gyral Province [MRGID:21459],,Trades,-20.9354,-35.1803,5,,10/16/10 9:55,water,marine,,(SRF) surface water layer (ENVO:00002042),,
ERR599010,,ERS490542,TARA_076_SRF_0.22-3,,tara,TARA_076,(SAO) South Atlantic Ocean [MRGID:1914],(SATL) South Atlantic Gyral Province [MRGID:21459],,Trades,-20.9354,-35.1803,5,,10/16/10 9:55,water,marine,,(SRF) surface water layer (ENVO:00002042),,
ERR599126,,ERS490542,TARA_076_SRF_0.22-3,,tara,TARA_076,(SAO) South Atlantic Ocean [MRGID:1914],(SATL) South Atlantic Gyral Province [MRGID:21459],,Trades,-20.9354,-35.1803,5,,10/16/10 9:55,water,marine,,(SRF) surface water layer (ENVO:00002042),,
ERR594286,,ERS490548,TARA_076_SRF_0.45-0.8,,tara,TARA_076,(SAO) South Atlantic Ocean [MRGID:1914],(SATL) South Atlantic Gyral Province [MRGID:21459],,Trades,-20.9354,-35.1803,5,,10/16/10 9:55,water,marine,,(SRF) surface water layer (ENVO:00002042),,
ERR594336,,ERS490696,TARA_078_DCM_0.22-0.45,,tara,TARA_078,(SAO) South Atlantic Ocean [MRGID:1914],(SATL) South Atlantic Gyral Province [MRGID:21459],,Trades,-30.1484,-43.2705,120,,11/4/10 18:16,water,marine,,(DCM) deep chlorophyll maximum layer (ENVO:01000326),,
ERR599046,,ERS490691,TARA_078_DCM_0.22-3,,tara,TARA_078,(SAO) South Atlantic Ocean [MRGID:1914],(SATL) South Atlantic Gyral Province [MRGID:21459],,Trades,-30.1484,-43.2705,120,,11/4/10 18:16,water,marine,,(DCM) deep chlorophyll maximum layer (ENVO:01000326),,
ERR599101,,ERS490691,TARA_078_DCM_0.22-3,,tara,TARA_078,(SAO) South Atlantic Ocean [MRGID:1914],(SATL) South Atlantic Gyral Province [MRGID:21459],,Trades,-30.1484,-43.2705,120,,11/4/10 18:16,water,marine,,(DCM) deep chlorophyll maximum layer (ENVO:01000326),,
ERR594303,,ERS490697,TARA_078_DCM_0.45-0.8,,tara,TARA_078,(SAO) South Atlantic Ocean [MRGID:1914],(SATL) South Atlantic Gyral Province [MRGID:21459],,Trades,-30.1484,-43.2705,120,,11/4/10 18:16,water,marine,,(DCM) deep chlorophyll maximum layer (ENVO:01000326),,
ERR599124,,ERS490714,TARA_078_MES_0.22-3,,tara,TARA_078,(SAO) South Atlantic Ocean [MRGID:1914],(SATL) South Atlantic Gyral Province [MRGID:21459],,Trades,-30.1471,-43.2915,800,,11/5/10 12:33,water,marine,,(MES) mesopelagic zone (ENVO:00000213),,
ERR599159,,ERS490714,TARA_078_MES_0.22-3,,tara,TARA_078,(SAO) South Atlantic Ocean [MRGID:1914],(SATL) South Atlantic Gyral Province [MRGID:21459],,Trades,-30.1471,-43.2915,800,,11/5/10 12:33,water,marine,,(MES) mesopelagic zone (ENVO:00000213),,
ERR594289,,ERS490722,TARA_078_MES_0.45-0.8,,tara,TARA_078,(SAO) South Atlantic Ocean [MRGID:1914],(SATL) South Atlantic Gyral Province [MRGID:21459],,Trades,-30.1471,-43.2915,800,,11/5/10 12:33,water,marine,,(MES) mesopelagic zone (ENVO:00000213),,
ERR594411,,ERS490676,TARA_078_SRF_<-0.22,,tara,TARA_078,(SAO) South Atlantic Ocean [MRGID:1914],(SATL) South Atlantic Gyral Province [MRGID:21459],,Trades,-30.1367,-43.2899,5,,11/4/10 10:04,water,marine,,(SRF) surface water layer (ENVO:00002042),,
ERR594340,,ERS490664,TARA_078_SRF_0.22-0.45,,tara,TARA_078,(SAO) South Atlantic Ocean [MRGID:1914],(SATL) South Atlantic Gyral Province [MRGID:21459],,Trades,-30.1367,-43.2899,5,,11/4/10 10:04,water,marine,,(SRF) surface water layer (ENVO:00002042),,
ERR599006,,ERS490659,TARA_078_SRF_0.22-3,,tara,TARA_078,(SAO) South Atlantic Ocean [MRGID:1914],(SATL) South Atlantic Gyral Province [MRGID:21459],,Trades,-30.1367,-43.2899,5,,11/4/10 10:04,water,marine,,(SRF) surface water layer (ENVO:00002042),,
ERR599022,,ERS490659,TARA_078_SRF_0.22-3,,tara,TARA_078,(SAO) South Atlantic Ocean [MRGID:1914],(SATL) South Atlantic Gyral Province [MRGID:21459],,Trades,-30.1367,-43.2899,5,,11/4/10 10:04,water,marine,,(SRF) surface water layer (ENVO:00002042),,
ERR594332,,ERS490665,TARA_078_SRF_0.45-0.8,,tara,TARA_078,(SAO) South Atlantic Ocean [MRGID:1914],(SATL) South Atlantic Gyral Province [MRGID:21459],,Trades,-30.1367,-43.2899,5,,11/4/10 10:04,water,marine,,(SRF) surface water layer (ENVO:00002042),,
ERR594409,,ERS490953,TARA_082_DCM_<-0.22,,tara,TARA_082,(SAO) South Atlantic Ocean [MRGID:1914],(FKLD) Southwest Atlantic Shelves Province [MRGID:21469],,Coastal,-47.2007,-57.9446,40,,12/6/10 18:58,water,marine,,(DCM) deep chlorophyll maximum layer (ENVO:01000326),,
ERR599027,,ERS490928,TARA_082_DCM_0.22-3,,tara,TARA_082,(SAO) South Atlantic Ocean [MRGID:1914],(FKLD) Southwest Atlantic Shelves Province [MRGID:21469],,Coastal,-47.2007,-57.9446,40,,12/6/10 18:58,water,marine,,(DCM) deep chlorophyll maximum layer (ENVO:01000326),,
ERR599122,,ERS490928,TARA_082_DCM_0.22-3,,tara,TARA_082,(SAO) South Atlantic Ocean [MRGID:1914],(FKLD) Southwest Atlantic Shelves Province [MRGID:21469],,Coastal,-47.2007,-57.9446,40,,12/6/10 18:58,water,marine,,(DCM) deep chlorophyll maximum layer (ENVO:01000326),,
ERR599009,,ERS490885,TARA_082_SRF_0.22-3,,tara,TARA_082,(SAO) South Atlantic Ocean [MRGID:1914],(FKLD) Southwest Atlantic Shelves Province [MRGID:21469],,Coastal,-47.1863,-58.2902,5,,12/6/10 10:33,water,marine,,(SRF) surface water layer (ENVO:00002042),,
ERR599035,,ERS490885,TARA_082_SRF_0.22-3,,tara,TARA_082,(SAO) South Atlantic Ocean [MRGID:1914],(FKLD) Southwest Atlantic Shelves Province [MRGID:21469],,Coastal,-47.1863,-58.2902,5,,12/6/10 10:33,water,marine,,(SRF) surface water layer (ENVO:00002042),,
ERR598945,,ERS491001,TARA_084_SRF_0.22-3,,tara,TARA_084,(SO) Southern Ocean [MRGID:1907],(ANTA) Antarctic Province [MRGID:21502],,Polar,-60.2287,-60.6476,5,,1/3/11 11:05,water,marine,,(SRF) surface water layer (ENVO:00002042),,
ERR599059,,ERS491001,TARA_084_SRF_0.22-3,,tara,TARA_084,(SO) Southern Ocean [MRGID:1907],(ANTA) Antarctic Province [MRGID:21502],,Polar,-60.2287,-60.6476,5,,1/3/11 11:05,water,marine,,(SRF) surface water layer (ENVO:00002042),,
ERR594377,,ERS491107,TARA_085_DCM_<-0.22,,tara,TARA_085,(SO) Southern Ocean [MRGID:1907],(ANTA) Antarctic Province [MRGID:21502],,Polar,-62.2231,-49.2139,90,,1/6/11 19:34,water,marine,,(DCM) deep chlorophyll maximum layer (ENVO:01000326),,
ERR599104,,ERS491095,TARA_085_DCM_0.22-3,,tara,TARA_085,(SO) Southern Ocean [MRGID:1907],(ANTA) Antarctic Province [MRGID:21502],,Polar,-62.2231,-49.2139,90,,1/6/11 19:34,water,marine,,(DCM) deep chlorophyll maximum layer (ENVO:01000326),,
ERR599121,,ERS491095,TARA_085_DCM_0.22-3,,tara,TARA_085,(SO) Southern Ocean [MRGID:1907],(ANTA) Antarctic Province [MRGID:21502],,Polar,-62.2231,-49.2139,90,,1/6/11 19:34,water,marine,,(DCM) deep chlorophyll maximum layer (ENVO:01000326),,
ERR599008,,ERS491110,TARA_085_MES_0.22-3,,tara,TARA_085,(SO) Southern Ocean [MRGID:1907],(ANTA) Antarctic Province [MRGID:21502],,Polar,-61.9689,-49.5017,790,,1/7/11 10:39,water,marine,,(MES) mesopelagic zone (ENVO:00000213),,
ERR599125,,ERS491110,TARA_085_MES_0.22-3,,tara,TARA_085,(SO) Southern Ocean [MRGID:1907],(ANTA) Antarctic Province [MRGID:21502],,Polar,-61.9689,-49.5017,790,,1/7/11 10:39,water,marine,,(MES) mesopelagic zone (ENVO:00000213),,
ERR599090,,ERS491044,TARA_085_SRF_0.22-3,,tara,TARA_085,(SO) Southern Ocean [MRGID:1907],(ANTA) Antarctic Province [MRGID:21502],,Polar,-62.0385,-49.529,5,,1/6/11 10:38,water,marine,,(SRF) surface water layer (ENVO:00002042),,
ERR599176,,ERS491044,TARA_085_SRF_0.22-3,,tara,TARA_085,(SO) Southern Ocean [MRGID:1907],(ANTA) Antarctic Province [MRGID:21502],,Polar,-62.0385,-49.529,5,,1/6/11 10:38,water,marine,,(SRF) surface water layer (ENVO:00002042),,
ERR598965,,ERS491463,TARA_093_DCM_0.22-3,,tara,TARA_093,(SPO) South Pacific Ocean [MRGID:1910],(CHIL) Chile-Peru Current Coastal Province [MRGID:21495],,Coastal,-33.9116,-73.0537,35,,3/12/11 19:36,water,marine,,(DCM) deep chlorophyll maximum layer (ENVO:01000326),,
ERR599064,,ERS491421,TARA_093_SRF_0.22-3,,tara,TARA_093,(SPO) South Pacific Ocean [MRGID:1910],(CHIL) Chile-Peru Current Coastal Province [MRGID:21495],,Coastal,-34.0614,-73.1066,5,,3/12/11 11:34,water,marine,,(SRF) surface water layer (ENVO:00002042),,
ERR599050,,ERS491492,TARA_094_SRF_0.22-3,,tara,TARA_094,(SPO) South Pacific Ocean [MRGID:1910],"(SPSG) South Pacific Subtropical Gyre Province, North and South [MRGID:21486]",,Trades,-32.7971,-87.0693,5,,3/18/11 11:57,water,marine,,(SRF) surface water layer (ENVO:00002042),,
ERR598967,,ERS491525,TARA_096_SRF_0.22-3,,tara,TARA_096,(SPO) South Pacific Ocean [MRGID:1910],"(SPSG) South Pacific Subtropical Gyre Province, North and South [MRGID:21486]",,Trades,-29.7238,-101.1604,5,,3/24/11 13:00,water,marine,,(SRF) surface water layer (ENVO:00002042),,
ERR599042,,ERS491740,TARA_098_DCM_0.22-3,,tara,TARA_098,(SPO) South Pacific Ocean [MRGID:1910],"(SPSG) South Pacific Subtropical Gyre Province, North and South [MRGID:21486]",,Trades,-25.826,-111.7294,188,,4/3/11 21:50,water,marine,,(DCM) deep chlorophyll maximum layer (ENVO:01000326),,
ERR599079,,ERS491740,TARA_098_DCM_0.22-3,,tara,TARA_098,(SPO) South Pacific Ocean [MRGID:1910],"(SPSG) South Pacific Subtropical Gyre Province, North and South [MRGID:21486]",,Trades,-25.826,-111.7294,188,,4/3/11 21:50,water,marine,,(DCM) deep chlorophyll maximum layer (ENVO:01000326),,
ERR599071,,ERS491767,TARA_098_MES_0.22-3,,tara,TARA_098,(SPO) South Pacific Ocean [MRGID:1910],"(SPSG) South Pacific Subtropical Gyre Province, North and South [MRGID:21486]",,Trades,-25.8076,-111.6906,488,,4/4/11 13:55,water,marine,,(MES) mesopelagic zone (ENVO:00000213),,
ERR599085,,ERS491767,TARA_098_MES_0.22-3,,tara,TARA_098,(SPO) South Pacific Ocean [MRGID:1910],"(SPSG) South Pacific Subtropical Gyre Province, North and South [MRGID:21486]",,Trades,-25.8076,-111.6906,488,,4/4/11 13:55,water,marine,,(MES) mesopelagic zone (ENVO:00000213),,
ERR599093,,ERS491699,TARA_098_SRF_0.22-3,,tara,TARA_098,(SPO) South Pacific Ocean [MRGID:1910],"(SPSG) South Pacific Subtropical Gyre Province, North and South [MRGID:21486]",,Trades,-25.8051,-111.7202,5,,4/3/11 13:44,water,marine,,(SRF) surface water layer (ENVO:00002042),,
ERR599120,,ERS491699,TARA_098_SRF_0.22-3,,tara,TARA_098,(SPO) South Pacific Ocean [MRGID:1910],"(SPSG) South Pacific Subtropical Gyre Province, North and South [MRGID:21486]",,Trades,-25.8051,-111.7202,5,,4/3/11 13:44,water,marine,,(SRF) surface water layer (ENVO:00002042),,
ERR599024,,ERS491804,TARA_099_SRF_0.22-3,,tara,TARA_099,(SPO) South Pacific Ocean [MRGID:1910],"(SPSG) South Pacific Subtropical Gyre Province, North and South [MRGID:21486]",,Trades,-21.146,-104.787,5,,4/9/11 13:56,water,marine,,(SRF) surface water layer (ENVO:00002042),,
ERR599081,,ERS491874,TARA_100_DCM_0.22-3,,tara,TARA_100,(SPO) South Pacific Ocean [MRGID:1910],"(SPSG) South Pacific Subtropical Gyre Province, North and South [MRGID:21486]",,Trades,-12.9723,-96.0122,50,,4/15/11 19:38,water,marine,,(DCM) deep chlorophyll maximum layer (ENVO:01000326),,
ERR599113,,ERS491874,TARA_100_DCM_0.22-3,,tara,TARA_100,(SPO) South Pacific Ocean [MRGID:1910],"(SPSG) South Pacific Subtropical Gyre Province, North and South [MRGID:21486]",,Trades,-12.9723,-96.0122,50,,4/15/11 19:38,water,marine,,(DCM) deep chlorophyll maximum layer (ENVO:01000326),,
ERR598946,,ERS491913,TARA_100_MES_0.22-3,,tara,TARA_100,(SPO) South Pacific Ocean [MRGID:1910],"(SPSG) South Pacific Subtropical Gyre Province, North and South [MRGID:21486]",,Trades,-12.9794,-96.0232,177,,4/16/11 13:03,water,marine,,(DCM) deep chlorophyll maximum layer (ENVO:01000326) & marine oxygen minimum zone (ENVO:01000065),,
ERR598953,,ERS491913,TARA_100_MES_0.22-3,,tara,TARA_100,(SPO) South Pacific Ocean [MRGID:1910],"(SPSG) South Pacific Subtropical Gyre Province, North and South [MRGID:21486]",,Trades,-12.9794,-96.0232,177,,4/16/11 13:03,water,marine,,(DCM) deep chlorophyll maximum layer (ENVO:01000326) & marine oxygen minimum zone (ENVO:01000065),,
ERR598981,,ERS491913,TARA_100_MES_0.22-3,,tara,TARA_100,(SPO) South Pacific Ocean [MRGID:1910],"(SPSG) South Pacific Subtropical Gyre Province, North and South [MRGID:21486]",,Trades,-12.9794,-96.0232,177,,4/16/11 13:03,water,marine,,(DCM) deep chlorophyll maximum layer (ENVO:01000326) & marine oxygen minimum zone (ENVO:01000065),,
ERR599063,,ERS491836,TARA_100_SRF_0.22-3,,tara,TARA_100,(SPO) South Pacific Ocean [MRGID:1910],"(SPSG) South Pacific Subtropical Gyre Province, North and South [MRGID:21486]",,Trades,-13.0023,-95.9759,5,,4/15/11 12:45,water,marine,,(SRF) surface water layer (ENVO:00002042),,
ERR599163,,ERS491836,TARA_100_SRF_0.22-3,,tara,TARA_100,(SPO) South Pacific Ocean [MRGID:1910],"(SPSG) South Pacific Subtropical Gyre Province, North and South [MRGID:21486]",,Trades,-13.0023,-95.9759,5,,4/15/11 12:45,water,marine,,(SRF) surface water layer (ENVO:00002042),,
ERR599169,,ERS491836,TARA_100_SRF_0.22-3,,tara,TARA_100,(SPO) South Pacific Ocean [MRGID:1910],"(SPSG) South Pacific Subtropical Gyre Province, North and South [MRGID:21486]",,Trades,-13.0023,-95.9759,5,,4/15/11 12:45,water,marine,,(SRF) surface water layer (ENVO:00002042),,
ERR598962,,ERS492012,TARA_102_DCM_0.22-3,,tara,TARA_102,(SPO) South Pacific Ocean [MRGID:1910],(PEOD) Pacific Equatorial Divergence Province [MRGID:21489],,Trades,-5.2669,-85.2732,40,,4/22/11 21:13,water,marine,,(DCM) deep chlorophyll maximum layer (ENVO:01000326),,
ERR599007,,ERS492012,TARA_102_DCM_0.22-3,,tara,TARA_102,(SPO) South Pacific Ocean [MRGID:1910],(PEOD) Pacific Equatorial Divergence Province [MRGID:21489],,Trades,-5.2669,-85.2732,40,,4/22/11 21:13,water,marine,,(DCM) deep chlorophyll maximum layer (ENVO:01000326),,
ERR599168,,ERS492012,TARA_102_DCM_0.22-3,,tara,TARA_102,(SPO) South Pacific Ocean [MRGID:1910],(PEOD) Pacific Equatorial Divergence Province [MRGID:21489],,Trades,-5.2669,-85.2732,40,,4/22/11 21:13,water,marine,,(DCM) deep chlorophyll maximum layer (ENVO:01000326),,
ERR599055,,ERS491980,TARA_102_MES_0.22-3,,tara,TARA_102,(SPO) South Pacific Ocean [MRGID:1910],(PEOD) Pacific Equatorial Divergence Province [MRGID:21489],,Trades,-5.261,-85.1678,480,,4/22/11 12:08,water,marine,,(MES) mesopelagic zone (ENVO:00000213) & marine oxygen minimum zone (ENVO:01000065),,
ERR599128,,ERS491980,TARA_102_MES_0.22-3,,tara,TARA_102,(SPO) South Pacific Ocean [MRGID:1910],(PEOD) Pacific Equatorial Divergence Province [MRGID:21489],,Trades,-5.261,-85.1678,480,,4/22/11 12:08,water,marine,,(MES) mesopelagic zone (ENVO:00000213) & marine oxygen minimum zone (ENVO:01000065),,
ERR599132,,ERS491980,TARA_102_MES_0.22-3,,tara,TARA_102,(SPO) South Pacific Ocean [MRGID:1910],(PEOD) Pacific Equatorial Divergence Province [MRGID:21489],,Trades,-5.261,-85.1678,480,,4/22/11 12:08,water,marine,,(MES) mesopelagic zone (ENVO:00000213) & marine oxygen minimum zone (ENVO:01000065),,
ERR598943,,ERS491938,TARA_102_SRF_0.22-3,,tara,TARA_102,(SPO) South Pacific Ocean [MRGID:1910],(PEOD) Pacific Equatorial Divergence Province [MRGID:21489],,Trades,-5.2529,-85.1545,5,,4/21/11 20:07,water,marine,,(SRF) surface water layer (ENVO:00002042),,
ERR598978,,ERS491938,TARA_102_SRF_0.22-3,,tara,TARA_102,(SPO) South Pacific Ocean [MRGID:1910],(PEOD) Pacific Equatorial Divergence Province [MRGID:21489],,Trades,-5.2529,-85.1545,5,,4/21/11 20:07,water,marine,,(SRF) surface water layer (ENVO:00002042),,
ERR594357,,ERS492198,TARA_109_DCM_<-0.22,,tara,TARA_109,(NPO) North Pacific Ocean [MRGID:1908],(CHIL) Chile-Peru Current Coastal Province [MRGID:21495],,Coastal,2.0299,-84.5546,30,,5/12/11 22:15,water,marine,,(DCM) deep chlorophyll maximum layer (ENVO:01000326),,
ERR594380,,ERS492198,TARA_109_DCM_<-0.22,,tara,TARA_109,(NPO) North Pacific Ocean [MRGID:1908],(CHIL) Chile-Peru Current Coastal Province [MRGID:21495],,Coastal,2.0299,-84.5546,30,,5/12/11 22:15,water,marine,,(DCM) deep chlorophyll maximum layer (ENVO:01000326),,
ERR594381,,ERS492198,TARA_109_DCM_<-0.22,,tara,TARA_109,(NPO) North Pacific Ocean [MRGID:1908],(CHIL) Chile-Peru Current Coastal Province [MRGID:21495],,Coastal,2.0299,-84.5546,30,,5/12/11 22:15,water,marine,,(DCM) deep chlorophyll maximum layer (ENVO:01000326),,
ERR594383,,ERS492198,TARA_109_DCM_<-0.22,,tara,TARA_109,(NPO) North Pacific Ocean [MRGID:1908],(CHIL) Chile-Peru Current Coastal Province [MRGID:21495],,Coastal,2.0299,-84.5546,30,,5/12/11 22:15,water,marine,,(DCM) deep chlorophyll maximum layer (ENVO:01000326),,
ERR594387,,ERS492198,TARA_109_DCM_<-0.22,,tara,TARA_109,(NPO) North Pacific Ocean [MRGID:1908],(CHIL) Chile-Peru Current Coastal Province [MRGID:21495],,Coastal,2.0299,-84.5546,30,,5/12/11 22:15,water,marine,,(DCM) deep chlorophyll maximum layer (ENVO:01000326),,
ERR598952,,ERS492177,TARA_109_DCM_0.22-3,,tara,TARA_109,(NPO) North Pacific Ocean [MRGID:1908],(CHIL) Chile-Peru Current Coastal Province [MRGID:21495],,Coastal,2.0299,-84.5546,30,,5/12/11 22:15,water,marine,,(DCM) deep chlorophyll maximum layer (ENVO:01000326),,
ERR599065,,ERS492177,TARA_109_DCM_0.22-3,,tara,TARA_109,(NPO) North Pacific Ocean [MRGID:1908],(CHIL) Chile-Peru Current Coastal Province [MRGID:21495],,Coastal,2.0299,-84.5546,30,,5/12/11 22:15,water,marine,,(DCM) deep chlorophyll maximum layer (ENVO:01000326),,
ERR599108,,ERS492177,TARA_109_DCM_0.22-3,,tara,TARA_109,(NPO) North Pacific Ocean [MRGID:1908],(CHIL) Chile-Peru Current Coastal Province [MRGID:21495],,Coastal,2.0299,-84.5546,30,,5/12/11 22:15,water,marine,,(DCM) deep chlorophyll maximum layer (ENVO:01000326),,
ERR598971,,ERS492205,TARA_109_MES_0.22-3,,tara,TARA_109,(NPO) North Pacific Ocean [MRGID:1908],(CHIL) Chile-Peru Current Coastal Province [MRGID:21495],,Coastal,2.0649,-84.5546,380,,5/13/11 16:08,water,marine,,(MES) mesopelagic zone (ENVO:00000213) & marine oxygen minimum zone (ENVO:01000065),,
ERR599067,,ERS492205,TARA_109_MES_0.22-3,,tara,TARA_109,(NPO) North Pacific Ocean [MRGID:1908],(CHIL) Chile-Peru Current Coastal Province [MRGID:21495],,Coastal,2.0649,-84.5546,380,,5/13/11 16:08,water,marine,,(MES) mesopelagic zone (ENVO:00000213) & marine oxygen minimum zone (ENVO:01000065),,
ERR594412,,ERS492160,TARA_109_SRF_<-0.22,,tara,TARA_109,(NPO) North Pacific Ocean [MRGID:1908],(CHIL) Chile-Peru Current Coastal Province [MRGID:21495],,Coastal,1.9928,-84.5766,5,,5/12/11 14:00,water,marine,,(SRF) surface water layer (ENVO:00002042),,
ERR598997,,ERS492145,TARA_109_SRF_0.22-3,,tara,TARA_109,(NPO) North Pacific Ocean [MRGID:1908],(CHIL) Chile-Peru Current Coastal Province [MRGID:21495],,Coastal,1.9928,-84.5766,5,,5/12/11 14:00,water,marine,,(SRF) surface water layer (ENVO:00002042),,
ERR599118,,ERS492145,TARA_109_SRF_0.22-3,,tara,TARA_109,(NPO) North Pacific Ocean [MRGID:1908],(CHIL) Chile-Peru Current Coastal Province [MRGID:21495],,Coastal,1.9928,-84.5766,5,,5/12/11 14:00,water,marine,,(SRF) surface water layer (ENVO:00002042),,
ERR599014,,ERS492264,TARA_110_DCM_0.22-3,,tara,TARA_110,(SPO) South Pacific Ocean [MRGID:1910],"(SPSG) South Pacific Subtropical Gyre Province, North and South [MRGID:21486]",,Trades,-1.9002,-84.6265,50,,5/21/11 21:00,water,marine,,(DCM) deep chlorophyll maximum layer (ENVO:01000326),,
ERR599020,,ERS492294,TARA_110_MES_0.22-3,,tara,TARA_110,(SPO) South Pacific Ocean [MRGID:1910],"(SPSG) South Pacific Subtropical Gyre Province, North and South [MRGID:21486]",,Trades,-1.8902,-84.6141,380,,5/22/11 13:20,water,marine,,(MES) mesopelagic zone (ENVO:00000213) & marine oxygen minimum zone (ENVO:01000065),,
ERR599039,,ERS492228,TARA_110_SRF_0.22-3,,tara,TARA_110,(SPO) South Pacific Ocean [MRGID:1910],"(SPSG) South Pacific Subtropical Gyre Province, North and South [MRGID:21486]",,Trades,-2.0133,-84.589,5,,5/21/11 12:27,water,marine,,(SRF) surface water layer (ENVO:00002042),,
ERR598961,,ERS492357,TARA_111_DCM_0.22-3,,tara,TARA_111,(SPO) South Pacific Ocean [MRGID:1910],"(SPSG) South Pacific Subtropical Gyre Province, North and South [MRGID:21486]",,Trades,-16.9587,-100.6751,90,,5/31/11 20:28,water,marine,,(DCM) deep chlorophyll maximum layer (ENVO:01000326),,
ERR599086,,ERS492381,TARA_111_MES_0.22-3,,tara,TARA_111,(SPO) South Pacific Ocean [MRGID:1910],"(SPSG) South Pacific Subtropical Gyre Province, North and South [MRGID:21486]",,Trades,-16.9486,-100.6715,350,,6/1/11 16:00,water,marine,,(MES) mesopelagic zone (ENVO:00000213) & marine oxygen minimum zone (ENVO:01000065),,
ERR599077,,ERS492321,TARA_111_SRF_0.22-3,,tara,TARA_111,(SPO) South Pacific Ocean [MRGID:1910],"(SPSG) South Pacific Subtropical Gyre Province, North and South [MRGID:21486]",,Trades,-16.9601,-100.6335,5,,5/31/11 14:25,water,marine,,(SRF) surface water layer (ENVO:00002042),,
ERR598957,,ERS492445,TARA_112_DCM_0.22-3,,tara,TARA_112,(SPO) South Pacific Ocean [MRGID:1910],"(SPSG) South Pacific Subtropical Gyre Province, North and South [MRGID:21486]",,Trades,-23.2189,-129.4997,155,,6/15/11 0:55,water,marine,,(DCM) deep chlorophyll maximum layer (ENVO:01000326),,
ERR599072,,ERS492471,TARA_112_MES_0.22-3,,tara,TARA_112,(SPO) South Pacific Ocean [MRGID:1910],"(SPSG) South Pacific Subtropical Gyre Province, North and South [MRGID:21486]",,Trades,-23.2232,-129.5986,696,,6/15/11 18:43,water,marine,,(MES) mesopelagic zone (ENVO:00000213),,
ERR598954,,ERS492408,TARA_112_SRF_0.22-3,,tara,TARA_112,(SPO) South Pacific Ocean [MRGID:1910],"(SPSG) South Pacific Subtropical Gyre Province, North and South [MRGID:21486]",,Trades,-23.2811,-129.3947,5,,6/14/11 16:45,water,marine,,(SRF) surface water layer (ENVO:00002042),,
ERR594284,,ERS492703,TARA_122_DCM_0.1-0.22,,tara,TARA_122,(SPO) South Pacific Ocean [MRGID:1910],"(SPSG) South Pacific Subtropical Gyre Province, North and South [MRGID:21486]",,Trades,-9.0063,-139.1394,115,,7/28/11 17:15,water,marine,,(DCM) deep chlorophyll maximum layer (ENVO:01000326),,
ERR594304,,ERS492704,TARA_122_DCM_0.22-0.45,,tara,TARA_122,(SPO) South Pacific Ocean [MRGID:1910],"(SPSG) South Pacific Subtropical Gyre Province, North and South [MRGID:21486]",,Trades,-9.0063,-139.1394,115,,7/28/11 17:15,water,marine,,(DCM) deep chlorophyll maximum layer (ENVO:01000326),,
ERR598948,,ERS492699,TARA_122_DCM_0.22-3,,tara,TARA_122,(SPO) South Pacific Ocean [MRGID:1910],"(SPSG) South Pacific Subtropical Gyre Province, North and South [MRGID:21486]",,Trades,-9.0063,-139.1394,115,,7/28/11 17:15,water,marine,,(DCM) deep chlorophyll maximum layer (ENVO:01000326),,
ERR594301,,ERS492705,TARA_122_DCM_0.45-0.8,,tara,TARA_122,(SPO) South Pacific Ocean [MRGID:1910],"(SPSG) South Pacific Subtropical Gyre Province, North and South [MRGID:21486]",,Trades,-9.0063,-139.1394,115,,7/28/11 17:15,water,marine,,(DCM) deep chlorophyll maximum layer (ENVO:01000326),,
ERR594309,,ERS492683,TARA_122_MES_0.1-0.22,,tara,TARA_122,(SPO) South Pacific Ocean [MRGID:1910],"(SPSG) South Pacific Subtropical Gyre Province, North and South [MRGID:21486]",,Trades,-8.9729,-139.2393,600,,7/27/11 19:28,water,marine,,(MES) mesopelagic zone (ENVO:00000213),,
ERR594305,,ERS492684,TARA_122_MES_0.22-0.45,,tara,TARA_122,(SPO) South Pacific Ocean [MRGID:1910],"(SPSG) South Pacific Subtropical Gyre Province, North and South [MRGID:21486]",,Trades,-8.9729,-139.2393,600,,7/27/11 19:28,water,marine,,(MES) mesopelagic zone (ENVO:00000213),,
ERR598999,,ERS492680,TARA_122_MES_0.22-3,,tara,TARA_122,(SPO) South Pacific Ocean [MRGID:1910],"(SPSG) South Pacific Subtropical Gyre Province, North and South [MRGID:21486]",,Trades,-8.9729,-139.2393,600,,7/27/11 19:28,water,marine,,(MES) mesopelagic zone (ENVO:00000213),,
ERR599033,,ERS492680,TARA_122_MES_0.22-3,,tara,TARA_122,(SPO) South Pacific Ocean [MRGID:1910],"(SPSG) South Pacific Subtropical Gyre Province, North and South [MRGID:21486]",,Trades,-8.9729,-139.2393,600,,7/27/11 19:28,water,marine,,(MES) mesopelagic zone (ENVO:00000213),,
ERR599083,,ERS492680,TARA_122_MES_0.22-3,,tara,TARA_122,(SPO) South Pacific Ocean [MRGID:1910],"(SPSG) South Pacific Subtropical Gyre Province, North and South [MRGID:21486]",,Trades,-8.9729,-139.2393,600,,7/27/11 19:28,water,marine,,(MES) mesopelagic zone (ENVO:00000213),,
ERR599096,,ERS492680,TARA_122_MES_0.22-3,,tara,TARA_122,(SPO) South Pacific Ocean [MRGID:1910],"(SPSG) South Pacific Subtropical Gyre Province, North and South [MRGID:21486]",,Trades,-8.9729,-139.2393,600,,7/27/11 19:28,water,marine,,(MES) mesopelagic zone (ENVO:00000213),,
ERR594322,,ERS492685,TARA_122_MES_0.45-0.8,,tara,TARA_122,(SPO) South Pacific Ocean [MRGID:1910],"(SPSG) South Pacific Subtropical Gyre Province, North and South [MRGID:21486]",,Trades,-8.9729,-139.2393,600,,7/27/11 19:28,water,marine,,(MES) mesopelagic zone (ENVO:00000213),,
ERR594292,,ERS492646,TARA_122_SRF_0.1-0.22,,tara,TARA_122,(SPO) South Pacific Ocean [MRGID:1910],"(SPSG) South Pacific Subtropical Gyre Province, North and South [MRGID:21486]",,Trades,-8.9971,-139.1963,5,,7/26/11 17:10,water,marine,,(SRF) surface water layer (ENVO:00002042),,
ERR594307,,ERS492647,TARA_122_SRF_0.22-0.45,,tara,TARA_122,(SPO) South Pacific Ocean [MRGID:1910],"(SPSG) South Pacific Subtropical Gyre Province, North and South [MRGID:21486]",,Trades,-8.9971,-139.1963,5,,7/26/11 17:10,water,marine,,(SRF) surface water layer (ENVO:00002042),,
ERR598992,,ERS492642,TARA_122_SRF_0.22-3,,tara,TARA_122,(SPO) South Pacific Ocean [MRGID:1910],"(SPSG) South Pacific Subtropical Gyre Province, North and South [MRGID:21486]",,Trades,-8.9971,-139.1963,5,,7/26/11 17:10,water,marine,,(SRF) surface water layer (ENVO:00002042),,
ERR594306,,ERS492648,TARA_122_SRF_0.45-0.8,,tara,TARA_122,(SPO) South Pacific Ocean [MRGID:1910],"(SPSG) South Pacific Subtropical Gyre Province, North and South [MRGID:21486]",,Trades,-8.9971,-139.1963,5,,7/26/11 17:10,water,marine,,(SRF) surface water layer (ENVO:00002042),,
ERR594293,,ERS492781,TARA_123_MIX_0.1-0.22,,tara,TARA_123,(SPO) South Pacific Ocean [MRGID:1910],"(SPSG) South Pacific Subtropical Gyre Province, North and South [MRGID:21486]",,Trades,-8.9109,-140.2845,150,,8/1/11 17:52,water,marine,,(MIX) marine epipelagic mixed layer (ENVO:01000061),,
ERR594337,,ERS492782,TARA_123_MIX_0.22-0.45,,tara,TARA_123,(SPO) South Pacific Ocean [MRGID:1910],"(SPSG) South Pacific Subtropical Gyre Province, North and South [MRGID:21486]",,Trades,-8.9109,-140.2845,150,,8/1/11 17:52,water,marine,,(MIX) marine epipelagic mixed layer (ENVO:01000061),,
ERR598956,,ERS492778,TARA_123_MIX_0.22-3,,tara,TARA_123,(SPO) South Pacific Ocean [MRGID:1910],"(SPSG) South Pacific Subtropical Gyre Province, North and South [MRGID:21486]",,Trades,-8.9109,-140.2845,150,,8/1/11 17:52,water,marine,,(MIX) marine epipelagic mixed layer (ENVO:01000061),,
ERR598998,,ERS492778,TARA_123_MIX_0.22-3,,tara,TARA_123,(SPO) South Pacific Ocean [MRGID:1910],"(SPSG) South Pacific Subtropical Gyre Province, North and South [MRGID:21486]",,Trades,-8.9109,-140.2845,150,,8/1/11 17:52,water,marine,,(MIX) marine epipelagic mixed layer (ENVO:01000061),,
ERR599117,,ERS492778,TARA_123_MIX_0.22-3,,tara,TARA_123,(SPO) South Pacific Ocean [MRGID:1910],"(SPSG) South Pacific Subtropical Gyre Province, North and South [MRGID:21486]",,Trades,-8.9109,-140.2845,150,,8/1/11 17:52,water,marine,,(MIX) marine epipelagic mixed layer (ENVO:01000061),,
ERR599157,,ERS492778,TARA_123_MIX_0.22-3,,tara,TARA_123,(SPO) South Pacific Ocean [MRGID:1910],"(SPSG) South Pacific Subtropical Gyre Province, North and South [MRGID:21486]",,Trades,-8.9109,-140.2845,150,,8/1/11 17:52,water,marine,,(MIX) marine epipelagic mixed layer (ENVO:01000061),,
ERR594319,,ERS492783,TARA_123_MIX_0.45-0.8,,tara,TARA_123,(SPO) South Pacific Ocean [MRGID:1910],"(SPSG) South Pacific Subtropical Gyre Province, North and South [MRGID:21486]",,Trades,-8.9109,-140.2845,150,,8/1/11 17:52,water,marine,,(MIX) marine epipelagic mixed layer (ENVO:01000061),,
ERR594326,,ERS492738,TARA_123_SRF_0.22-0.45,,tara,TARA_123,(SPO) South Pacific Ocean [MRGID:1910],"(SPSG) South Pacific Subtropical Gyre Province, North and South [MRGID:21486]",,Trades,-8.9068,-140.283,5,,7/31/11 17:20,water,marine,,(SRF) surface water layer (ENVO:00002042),,
ERR599160,,ERS492733,TARA_123_SRF_0.22-3,,tara,TARA_123,(SPO) South Pacific Ocean [MRGID:1910],"(SPSG) South Pacific Subtropical Gyre Province, North and South [MRGID:21486]",,Trades,-8.9068,-140.283,5,,7/31/11 17:20,water,marine,,(SRF) surface water layer (ENVO:00002042),,
ERR594347,,ERS492739,TARA_123_SRF_0.45-0.8,,tara,TARA_123,(SPO) South Pacific Ocean [MRGID:1910],"(SPSG) South Pacific Subtropical Gyre Province, North and South [MRGID:21486]",,Trades,-8.9068,-140.283,5,,7/31/11 17:20,water,marine,,(SRF) surface water layer (ENVO:00002042),,
ERR594285,,ERS492866,TARA_124_MIX_0.1-0.22,,tara,TARA_124,(SPO) South Pacific Ocean [MRGID:1910],"(SPSG) South Pacific Subtropical Gyre Province, North and South [MRGID:21486]",,Trades,-9.0714,-140.5973,120,,8/5/11 17:31,water,marine,,(MIX) marine epipelagic mixed layer (ENVO:01000061),,
ERR594343,,ERS492867,TARA_124_MIX_0.22-0.45,,tara,TARA_124,(SPO) South Pacific Ocean [MRGID:1910],"(SPSG) South Pacific Subtropical Gyre Province, North and South [MRGID:21486]",,Trades,-9.0714,-140.5973,120,,8/5/11 17:31,water,marine,,(MIX) marine epipelagic mixed layer (ENVO:01000061),,
ERR598988,,ERS492863,TARA_124_MIX_0.22-3,,tara,TARA_124,(SPO) South Pacific Ocean [MRGID:1910],"(SPSG) South Pacific Subtropical Gyre Province, North and South [MRGID:21486]",,Trades,-9.0714,-140.5973,120,,8/5/11 17:31,water,marine,,(MIX) marine epipelagic mixed layer (ENVO:01000061),,
ERR599084,,ERS492863,TARA_124_MIX_0.22-3,,tara,TARA_124,(SPO) South Pacific Ocean [MRGID:1910],"(SPSG) South Pacific Subtropical Gyre Province, North and South [MRGID:21486]",,Trades,-9.0714,-140.5973,120,,8/5/11 17:31,water,marine,,(MIX) marine epipelagic mixed layer (ENVO:01000061),,
ERR599089,,ERS492863,TARA_124_MIX_0.22-3,,tara,TARA_124,(SPO) South Pacific Ocean [MRGID:1910],"(SPSG) South Pacific Subtropical Gyre Province, North and South [MRGID:21486]",,Trades,-9.0714,-140.5973,120,,8/5/11 17:31,water,marine,,(MIX) marine epipelagic mixed layer (ENVO:01000061),,
ERR599161,,ERS492863,TARA_124_MIX_0.22-3,,tara,TARA_124,(SPO) South Pacific Ocean [MRGID:1910],"(SPSG) South Pacific Subtropical Gyre Province, North and South [MRGID:21486]",,Trades,-9.0714,-140.5973,120,,8/5/11 17:31,water,marine,,(MIX) marine epipelagic mixed layer (ENVO:01000061),,
ERR594338,,ERS492868,TARA_124_MIX_0.45-0.8,,tara,TARA_124,(SPO) South Pacific Ocean [MRGID:1910],"(SPSG) South Pacific Subtropical Gyre Province, North and South [MRGID:21486]",,Trades,-9.0714,-140.5973,120,,8/5/11 17:31,water,marine,,(MIX) marine epipelagic mixed layer (ENVO:01000061),,
ERR594287,,ERS492818,TARA_124_SRF_0.1-0.22,,tara,TARA_124,(SPO) South Pacific Ocean [MRGID:1910],"(SPSG) South Pacific Subtropical Gyre Province, North and South [MRGID:21486]",,Trades,-9.1504,-140.5216,5,,8/4/11 18:33,water,marine,,(SRF) surface water layer (ENVO:00002042),,
ERR594311,,ERS492819,TARA_124_SRF_0.22-0.45,,tara,TARA_124,(SPO) South Pacific Ocean [MRGID:1910],"(SPSG) South Pacific Subtropical Gyre Province, North and South [MRGID:21486]",,Trades,-9.1504,-140.5216,5,,8/4/11 18:33,water,marine,,(SRF) surface water layer (ENVO:00002042),,
ERR588857,,ERS492821|ERS492814,TARA_124_SRF_0.22-3,,tara,TARA_124,(SPO) South Pacific Ocean [MRGID:1910],"(SPSG) South Pacific Subtropical Gyre Province, North and South [MRGID:21486]",,Trades,-9.1504,-140.5216,5,,8/4/11 18:33,water,marine,,(SRF) surface water layer (ENVO:00002042),,
ERR599036,,ERS492821|ERS492814,TARA_124_SRF_0.22-3,,tara,TARA_124,(SPO) South Pacific Ocean [MRGID:1910],"(SPSG) South Pacific Subtropical Gyre Province, North and South [MRGID:21486]",,Trades,-9.1504,-140.5216,5,,8/4/11 18:33,water,marine,,(SRF) surface water layer (ENVO:00002042),,
ERR599069,,ERS492821|ERS492814,TARA_124_SRF_0.22-3,,tara,TARA_124,(SPO) South Pacific Ocean [MRGID:1910],"(SPSG) South Pacific Subtropical Gyre Province, North and South [MRGID:21486]",,Trades,-9.1504,-140.5216,5,,8/4/11 18:33,water,marine,,(SRF) surface water layer (ENVO:00002042),,
ERR599080,,ERS492821|ERS492814,TARA_124_SRF_0.22-3,,tara,TARA_124,(SPO) South Pacific Ocean [MRGID:1910],"(SPSG) South Pacific Subtropical Gyre Province, North and South [MRGID:21486]",,Trades,-9.1504,-140.5216,5,,8/4/11 18:33,water,marine,,(SRF) surface water layer (ENVO:00002042),,
ERR599151,,ERS492821|ERS492814,TARA_124_SRF_0.22-3,,tara,TARA_124,(SPO) South Pacific Ocean [MRGID:1910],"(SPSG) South Pacific Subtropical Gyre Province, North and South [MRGID:21486]",,Trades,-9.1504,-140.5216,5,,8/4/11 18:33,water,marine,,(SRF) surface water layer (ENVO:00002042),,
ERR594296,,ERS492820,TARA_124_SRF_0.45-0.8,,tara,TARA_124,(SPO) South Pacific Ocean [MRGID:1910],"(SPSG) South Pacific Subtropical Gyre Province, North and South [MRGID:21486]",,Trades,-9.1504,-140.5216,5,,8/4/11 18:33,water,marine,,(SRF) surface water layer (ENVO:00002042),,
ERR594341,,ERS492930,TARA_125_MIX_0.1-0.22,,tara,TARA_125,(SPO) South Pacific Ocean [MRGID:1910],"(SPSG) South Pacific Subtropical Gyre Province, North and South [MRGID:21486]",,Trades,-8.8999,-142.5461,140,,8/9/11 17:05,water,marine,,(MIX) marine epipelagic mixed layer (ENVO:01000061),,
ERR594342,,ERS492931,TARA_125_MIX_0.22-0.45,,tara,TARA_125,(SPO) South Pacific Ocean [MRGID:1910],"(SPSG) South Pacific Subtropical Gyre Province, North and South [MRGID:21486]",,Trades,-8.8999,-142.5461,140,,8/9/11 17:05,water,marine,,(MIX) marine epipelagic mixed layer (ENVO:01000061),,
ERR599156,,ERS492926,TARA_125_MIX_0.22-3,,tara,TARA_125,(SPO) South Pacific Ocean [MRGID:1910],"(SPSG) South Pacific Subtropical Gyre Province, North and South [MRGID:21486]",,Trades,-8.8999,-142.5461,140,,8/9/11 17:05,water,marine,,(MIX) marine epipelagic mixed layer (ENVO:01000061),,
ERR594300,,ERS492932,TARA_125_MIX_0.45-0.8,,tara,TARA_125,(SPO) South Pacific Ocean [MRGID:1910],"(SPSG) South Pacific Subtropical Gyre Province, North and South [MRGID:21486]",,Trades,-8.8999,-142.5461,140,,8/9/11 17:05,water,marine,,(MIX) marine epipelagic mixed layer (ENVO:01000061),,
ERR594344,,ERS492892,TARA_125_SRF_0.1-0.22,,tara,TARA_125,(SPO) South Pacific Ocean [MRGID:1910],"(SPSG) South Pacific Subtropical Gyre Province, North and South [MRGID:21486]",,Trades,-8.9111,-142.5571,5,,8/8/11 17:33,water,marine,,(SRF) surface water layer (ENVO:00002042),,
ERR594339,,ERS492893,TARA_125_SRF_0.22-0.45,,tara,TARA_125,(SPO) South Pacific Ocean [MRGID:1910],"(SPSG) South Pacific Subtropical Gyre Province, North and South [MRGID:21486]",,Trades,-8.9111,-142.5571,5,,8/8/11 17:33,water,marine,,(SRF) surface water layer (ENVO:00002042),,
ERR599066,,ERS492888,TARA_125_SRF_0.22-3,,tara,TARA_125,(SPO) South Pacific Ocean [MRGID:1910],"(SPSG) South Pacific Subtropical Gyre Province, North and South [MRGID:21486]",,Trades,-8.9111,-142.5571,5,,8/8/11 17:33,water,marine,,(SRF) surface water layer (ENVO:00002042),,
ERR599091,,ERS492888,TARA_125_SRF_0.22-3,,tara,TARA_125,(SPO) South Pacific Ocean [MRGID:1910],"(SPSG) South Pacific Subtropical Gyre Province, North and South [MRGID:21486]",,Trades,-8.9111,-142.5571,5,,8/8/11 17:33,water,marine,,(SRF) surface water layer (ENVO:00002042),,
ERR599114,,ERS492888,TARA_125_SRF_0.22-3,,tara,TARA_125,(SPO) South Pacific Ocean [MRGID:1910],"(SPSG) South Pacific Subtropical Gyre Province, North and South [MRGID:21486]",,Trades,-8.9111,-142.5571,5,,8/8/11 17:33,water,marine,,(SRF) surface water layer (ENVO:00002042),,
ERR599119,,ERS492888,TARA_125_SRF_0.22-3,,tara,TARA_125,(SPO) South Pacific Ocean [MRGID:1910],"(SPSG) South Pacific Subtropical Gyre Province, North and South [MRGID:21486]",,Trades,-8.9111,-142.5571,5,,8/8/11 17:33,water,marine,,(SRF) surface water layer (ENVO:00002042),,
ERR594323,,ERS492894,TARA_125_SRF_0.45-0.8,,tara,TARA_125,(SPO) South Pacific Ocean [MRGID:1910],"(SPSG) South Pacific Subtropical Gyre Province, North and South [MRGID:21486]",,Trades,-8.9111,-142.5571,5,,8/8/11 17:33,water,marine,,(SRF) surface water layer (ENVO:00002042),,
ERR599032,,ERS493098,TARA_128_DCM_0.22-3,,tara,TARA_128,(SPO) South Pacific Ocean [MRGID:1910],(PEOD) Pacific Equatorial Divergence Province [MRGID:21489],,Trades,0.0222,-153.6858,40,,9/5/11 18:40,water,marine,,(DCM) deep chlorophyll maximum layer (ENVO:01000326),,
ERR599038,,ERS493044,TARA_128_SRF_0.22-3,,tara,TARA_128,(SPO) South Pacific Ocean [MRGID:1910],(PEOD) Pacific Equatorial Divergence Province [MRGID:21489],,Trades,0.0003,-153.6759,5,,9/4/11 18:00,water,marine,,(SRF) surface water layer (ENVO:00002042),,
ERR598995,,ERS493340,TARA_132_DCM_0.22-3,,tara,TARA_132,(NPO) North Pacific Ocean [MRGID:1908],(NPST) North Pacific Subtropical and Polar Front Provinces [MRGID:21484],,Westerlies,31.5168,-159.046,115,,10/5/11 0:59,water,marine,,(DCM) deep chlorophyll maximum layer (ENVO:01000326),,
ERR598980,,ERS493372,TARA_132_MES_0.22-3,,tara,TARA_132,(NPO) North Pacific Ocean [MRGID:1908],(NPST) North Pacific Subtropical and Polar Front Provinces [MRGID:21484],,Westerlies,31.528,-159.0224,550,,10/5/11 20:45,water,marine,,(MES) mesopelagic zone (ENVO:00000213),,
ERR599142,,ERS493300,TARA_132_SRF_0.22-3,,tara,TARA_132,(NPO) North Pacific Ocean [MRGID:1908],(NPST) North Pacific Subtropical and Polar Front Provinces [MRGID:21484],,Westerlies,31.5213,-158.9958,5,,10/4/11 17:46,water,marine,,(SRF) surface water layer (ENVO:00002042),,
ERR598942,,ERS493431,TARA_133_DCM_0.22-3,,tara,TARA_133,(NPO) North Pacific Ocean [MRGID:1908],(NPST) North Pacific Subtropical and Polar Front Provinces [MRGID:21484],,Westerlies,35.4002,-127.7499,45,,10/19/11 0:09,water,marine,,(DCM) deep chlorophyll maximum layer (ENVO:01000326),,
ERR599115,,ERS493460,TARA_133_MES_0.22-3,,tara,TARA_133,(NPO) North Pacific Ocean [MRGID:1908],(NPST) North Pacific Subtropical and Polar Front Provinces [MRGID:21484],,Westerlies,35.2698,-127.7268,650,,10/19/11 19:27,water,marine,,(MES) mesopelagic zone (ENVO:00000213),,
ERR599052,,ERS493390,TARA_133_SRF_0.22-3,,tara,TARA_133,(NPO) North Pacific Ocean [MRGID:1908],(NPST) North Pacific Subtropical and Polar Front Provinces [MRGID:21484],,Westerlies,35.3671,-127.7422,5,,10/18/11 15:35,water,marine,,(SRF) surface water layer (ENVO:00002042),,
ERR598987,,ERS493670,TARA_137_DCM_0.22-3,,tara,TARA_137,(NPO) North Pacific Ocean [MRGID:1908],(PNEC) North Pacific Equatorial Countercurrent Province [MRGID:21488],,Trades,14.2075,-116.6468,40,,12/2/11 20:42,water,marine,,(DCM) deep chlorophyll maximum layer (ENVO:01000326),,
ERR599070,,ERS493670,TARA_137_DCM_0.22-3,,tara,TARA_137,(NPO) North Pacific Ocean [MRGID:1908],(PNEC) North Pacific Equatorial Countercurrent Province [MRGID:21488],,Trades,14.2075,-116.6468,40,,12/2/11 20:42,water,marine,,(DCM) deep chlorophyll maximum layer (ENVO:01000326),,
ERR599099,,ERS493670,TARA_137_DCM_0.22-3,,tara,TARA_137,(NPO) North Pacific Ocean [MRGID:1908],(PNEC) North Pacific Equatorial Countercurrent Province [MRGID:21488],,Trades,14.2075,-116.6468,40,,12/2/11 20:42,water,marine,,(DCM) deep chlorophyll maximum layer (ENVO:01000326),,
ERR599147,,ERS493670,TARA_137_DCM_0.22-3,,tara,TARA_137,(NPO) North Pacific Ocean [MRGID:1908],(PNEC) North Pacific Equatorial Countercurrent Province [MRGID:21488],,Trades,14.2075,-116.6468,40,,12/2/11 20:42,water,marine,,(DCM) deep chlorophyll maximum layer (ENVO:01000326),,
ERR599015,,ERS493705,TARA_137_MES_0.22-3,,tara,TARA_137,(NPO) North Pacific Ocean [MRGID:1908],(PNEC) North Pacific Equatorial Countercurrent Province [MRGID:21488],,Trades,14.2025,-116.6433,375,,12/3/11 14:31,water,marine,,(MES) mesopelagic zone (ENVO:00000213),,
ERR599076,,ERS493705,TARA_137_MES_0.22-3,,tara,TARA_137,(NPO) North Pacific Ocean [MRGID:1908],(PNEC) North Pacific Equatorial Countercurrent Province [MRGID:21488],,Trades,14.2025,-116.6433,375,,12/3/11 14:31,water,marine,,(MES) mesopelagic zone (ENVO:00000213),,
ERR599127,,ERS493705,TARA_137_MES_0.22-3,,tara,TARA_137,(NPO) North Pacific Ocean [MRGID:1908],(PNEC) North Pacific Equatorial Countercurrent Province [MRGID:21488],,Trades,14.2025,-116.6433,375,,12/3/11 14:31,water,marine,,(MES) mesopelagic zone (ENVO:00000213),,
ERR599152,,ERS493705,TARA_137_MES_0.22-3,,tara,TARA_137,(NPO) North Pacific Ocean [MRGID:1908],(PNEC) North Pacific Equatorial Countercurrent Province [MRGID:21488],,Trades,14.2025,-116.6433,375,,12/3/11 14:31,water,marine,,(MES) mesopelagic zone (ENVO:00000213),,
ERR598989,,ERS493636,TARA_137_SRF_0.22-3,,tara,TARA_137,(NPO) North Pacific Ocean [MRGID:1908],(PNEC) North Pacific Equatorial Countercurrent Province [MRGID:21488],,Trades,14.2035,-116.6261,5,,12/2/11 14:12,water,marine,,(SRF) surface water layer (ENVO:00002042),,
ERR599087,,ERS493788,TARA_138_DCM_0.22-3,,tara,TARA_138,(NPO) North Pacific Ocean [MRGID:1908],(PNEC) North Pacific Equatorial Countercurrent Province [MRGID:21488],,Trades,6.3378,-102.9538,60,,12/11/11 13:27,water,marine,,(DCM) deep chlorophyll maximum layer (ENVO:01000326),,
ERR599004,,ERS493822,TARA_138_MES_0.22-3,,tara,TARA_138,(NPO) North Pacific Ocean [MRGID:1908],(PNEC) North Pacific Equatorial Countercurrent Province [MRGID:21488],,Trades,6.3559,-103.0598,450,,12/11/11 20:37,water,marine,,(MES) mesopelagic zone (ENVO:00000213),,
ERR599051,,ERS493822,TARA_138_MES_0.22-3,,tara,TARA_138,(NPO) North Pacific Ocean [MRGID:1908],(PNEC) North Pacific Equatorial Countercurrent Province [MRGID:21488],,Trades,6.3559,-103.0598,450,,12/11/11 20:37,water,marine,,(MES) mesopelagic zone (ENVO:00000213),,
ERR599060,,ERS493822,TARA_138_MES_0.22-3,,tara,TARA_138,(NPO) North Pacific Ocean [MRGID:1908],(PNEC) North Pacific Equatorial Countercurrent Province [MRGID:21488],,Trades,6.3559,-103.0598,450,,12/11/11 20:37,water,marine,,(MES) mesopelagic zone (ENVO:00000213),,
ERR599175,,ERS493822,TARA_138_MES_0.22-3,,tara,TARA_138,(NPO) North Pacific Ocean [MRGID:1908],(PNEC) North Pacific Equatorial Countercurrent Province [MRGID:21488],,Trades,6.3559,-103.0598,450,,12/11/11 20:37,water,marine,,(MES) mesopelagic zone (ENVO:00000213),,
ERR599030,,ERS493752,TARA_138_SRF_0.22-3,,tara,TARA_138,(NPO) North Pacific Ocean [MRGID:1908],(PNEC) North Pacific Equatorial Countercurrent Province [MRGID:21488],,Trades,6.3332,-102.9432,5,,12/10/11 14:08,water,marine,,(SRF) surface water layer (ENVO:00002042),,
ERR599162,,ERS493877,TARA_140_SRF_0.22-3,,tara,TARA_140,(NPO) North Pacific Ocean [MRGID:1908],(CAMR) Central American Coastal Province [MRGID:21494],,Coastal,7.4122,-79.3017,5,,12/21/11 16:20,water,marine,,(SRF) surface water layer (ENVO:00002042),,
ERR599029,,ERS493914,TARA_141_SRF_0.22-3,,tara,TARA_141,(NAO) North Atlantic Ocean [MRGID:1912],(GUIA) Guianas Coastal Province [MRGID:21463],,Coastal,9.8481,-80.0454,5,,12/30/11 13:35,water,marine,,(SRF) surface water layer (ENVO:00002042),,
ERR599100,,ERS493981,TARA_142_DCM_0.22-3,,tara,TARA_142,(NAO) North Atlantic Ocean [MRGID:1912],(CARB) Caribbean Province [MRGID:21466],,Coastal,25.6168,-88.4532,125,,1/9/12 20:17,water,marine,,(DCM) deep chlorophyll maximum layer (ENVO:01000326),,
ERR598985,,ERS494006,TARA_142_MES_0.22-3,,tara,TARA_142,(NAO) North Atlantic Ocean [MRGID:1912],(CARB) Caribbean Province [MRGID:21466],,Coastal,25.6236,-88.45,640,,1/10/12 14:49,water,marine,,(MES) mesopelagic zone (ENVO:00000213),,
ERR599136,,ERS493938,TARA_142_SRF_0.22-3,,tara,TARA_142,(NAO) North Atlantic Ocean [MRGID:1912],(CARB) Caribbean Province [MRGID:21466],,Coastal,25.5264,-88.394,5,,1/9/12 13:41,water,marine,,(SRF) surface water layer (ENVO:00002042),,
ERR599166,,ERS494208,TARA_145_MES_0.22-3,,tara,TARA_145,(NAO) North Atlantic Ocean [MRGID:1912],(GFST) Gulf Stream Province [MRGID:21454],,Westerlies,39.2392,-70.0343,590,,2/2/12 18:36,water,marine,,(MES) mesopelagic zone (ENVO:00000213) & marine oxygen minimum zone (ENVO:01000065),,
ERR598983,,ERS494170,TARA_145_SRF_0.22-3,,tara,TARA_145,(NAO) North Atlantic Ocean [MRGID:1912],(GFST) Gulf Stream Province [MRGID:21454],,Westerlies,39.2305,-70.0377,5,,2/2/12 11:52,water,marine,,(SRF) surface water layer (ENVO:00002042),,
ERR599047,,ERS494274,TARA_146_MES_0.22-3,,tara,TARA_146,(NAO) North Atlantic Ocean [MRGID:1912],(NAST-W) North Atlantic Subtropical Gyral Province [MRGID:21455],,Westerlies,34.6663,-71.2907,640,,2/16/12 12:01,water,marine,,(MES) mesopelagic zone (ENVO:00000213),,
ERR598968,,ERS494236,TARA_146_SRF_0.22-3,,tara,TARA_146,(NAO) North Atlantic Ocean [MRGID:1912],(NAST-W) North Atlantic Subtropical Gyral Province [MRGID:21455],,Westerlies,34.6712,-71.3093,5,,2/15/12 12:54,water,marine,,(SRF) surface water layer (ENVO:00002042),,
ERR599123,,ERS494332,TARA_148_SRF_0.22-3,,tara,TARA_148,(NAO) North Atlantic Ocean [MRGID:1912],(NAST-W) North Atlantic Subtropical Gyral Province [MRGID:21455],,Westerlies,31.6948,-64.2489,5,,2/24/12 11:40,water,marine,,(SRF) surface water layer (ENVO:00002042),,
ERR598958,,ERS494374,TARA_148b_MES_0.22-3,,tara,TARA_148b,(NAO) North Atlantic Ocean [MRGID:1912],(NAST-W) North Atlantic Subtropical Gyral Province [MRGID:21455],,Westerlies,34.1504,-56.9684,250,,2/27/12 15:28,water,marine,,(MES) mesopelagic zone (ENVO:00000213),,
ERR598964,,ERS494431,TARA_149_MES_0.22-3,,tara,TARA_149,(NAO) North Atlantic Ocean [MRGID:1912],(NAST-W) North Atlantic Subtropical Gyral Province [MRGID:21455],,Westerlies,34.0771,-49.8233,740,,3/1/12 18:50,water,marine,,(MES) mesopelagic zone (ENVO:00000213),,
ERR598963,,ERS494394,TARA_149_SRF_0.22-3,,tara,TARA_149,(NAO) North Atlantic Ocean [MRGID:1912],(NAST-W) North Atlantic Subtropical Gyral Province [MRGID:21455],,Westerlies,34.1132,-49.9181,5,,3/1/12 10:48,water,marine,,(SRF) surface water layer (ENVO:00002042),,
ERR598996,,ERS494488,TARA_150_DCM_0.22-3,,tara,TARA_150,(NAO) North Atlantic Ocean [MRGID:1912],(NAST-W) North Atlantic Subtropical Gyral Province [MRGID:21455],,Westerlies,35.8427,-37.1526,40,,3/5/12 17:34,water,marine,,(DCM) deep chlorophyll maximum layer (ENVO:01000326),,
ERR599170,,ERS494445,TARA_150_SRF_0.22-3,,tara,TARA_150,(NAO) North Atlantic Ocean [MRGID:1912],(NAST-W) North Atlantic Subtropical Gyral Province [MRGID:21455],,Westerlies,35.9346,-37.3032,5,,3/5/12 9:25,water,marine,,(SRF) surface water layer (ENVO:00002042),,
ERR598986,,ERS494559,TARA_151_DCM_0.22-3,,tara,TARA_151,(NAO) North Atlantic Ocean [MRGID:1912],(NAST-E) North Atlantic Subtropical Gyral Province [MRGID:21467],,Westerlies,36.1811,-28.9373,80,,3/9/12 17:42,water,marine,,(DCM) deep chlorophyll maximum layer (ENVO:01000326),,
ERR598976,,ERS494518,TARA_151_SRF_0.22-3,,tara,TARA_151,(NAO) North Atlantic Ocean [MRGID:1912],(NAST-E) North Atlantic Subtropical Gyral Province [MRGID:21467],,Westerlies,36.1715,-29.023,5,,3/9/12 8:59,water,marine,,(SRF) surface water layer (ENVO:00002042),,
ERR598944,,ERS494616,TARA_152_MES_0.22-3,,tara,TARA_152,(NAO) North Atlantic Ocean [MRGID:1912],(NAST-E) North Atlantic Subtropical Gyral Province [MRGID:21467],,Westerlies,43.7182,-16.8714,800,,3/19/12 14:59,water,marine,,(MES) mesopelagic zone (ENVO:00000213),,
ERR599001,,ERS494628,TARA_152_MIX_0.22-3,,tara,TARA_152,(NAO) North Atlantic Ocean [MRGID:1912],(NAST-E) North Atlantic Subtropical Gyral Province [MRGID:21467],,Westerlies,43.7056,-16.8794,25,,3/20/12 8:48,water,marine,,(MIX) marine epipelagic mixed layer (ENVO:01000061),,
ERR599078,,ERS494579,TARA_152_SRF_0.22-3,,tara,TARA_152,(NAO) North Atlantic Ocean [MRGID:1912],(NAST-E) North Atlantic Subtropical Gyral Province [MRGID:21467],,Westerlies,43.6792,-16.8344,5,,3/19/12 8:18,water,marine,,(SRF) surface water layer (ENVO:00002042),,
SRR24908269,PRJNA982183,SAMN35688645,TPLM-1-1,,tibetean lakes,,China,Asia,,saline,,,36.73 N 99.17 E,,,water,saline,water,,,
SRR24908189,PRJNA982183,SAMN35688649,TPLM-1-2,,tibetean lakes,,China,Asia,,saline,,,36.73 N 99.17 E,,,water,saline,water,,,
SRR24908301,PRJNA982183,SAMN35688654,TPLM-1-3,,tibetean lakes,,China,Asia,,saline,,,36.73 N 99.17 E,,,water,saline,water,,,
SRR24908325,PRJNA982183,SAMN35688642,TPLM-10-1,,tibetean lakes,,China,Asia,,saline,,,31.85 N 87.57 E,,,water,saline,water,,,
SRR24908324,PRJNA982183,SAMN35688643,TPLM-10-2,,tibetean lakes,,China,Asia,,saline,,,31.85 N 87.57 E,,,water,saline,water,,,
SRR24908280,PRJNA982183,SAMN35688644,TPLM-10-3,,tibetean lakes,,China,Asia,,saline,,,31.85 N 87.57 E,,,water,saline,water,,,
SRR24908258,PRJNA982183,SAMN35688646,TPLM-11-1,,tibetean lakes,,China,Asia,,brackish,,,32.21 N 87.74 E,,,water,brackish,water,,,
SRR24908211,PRJNA982183,SAMN35688647,TPLM-11-2,,tibetean lakes,,China,Asia,,brackish,,,32.21 N 87.74 E,,,water,brackish,water,,,
SRR24908200,PRJNA982183,SAMN35688648,TPLM-11-3,,tibetean lakes,,China,Asia,,brackish,,,32.21 N 87.74 E,,,water,brackish,water,,,
SRR24908178,PRJNA982183,SAMN35688650,TPLM-12-1,,tibetean lakes,,China,Asia,,saline,,,32.87 N 88.22 E,,,water,saline,water,,,
SRR24908167,PRJNA982183,SAMN35688651,TPLM-12-2,,tibetean lakes,,China,Asia,,saline,,,32.87 N 88.22 E,,,water,saline,water,,,
SRR24908323,PRJNA982183,SAMN35688652,TPLM-12-3,,tibetean lakes,,China,Asia,,saline,,,32.87 N 88.22 E,,,water,saline,water,,,
SRR24908312,PRJNA982183,SAMN35688653,TPLM-13,,tibetean lakes,,China,Asia,,saline,,,30.07 N 84.92 E,,,water,saline,water,,,
SRR24908290,PRJNA982183,SAMN35688655,TPLM-14,,tibetean lakes,,China,Asia,,brackish,,,28.81 N 85.54 E,,,water,brackish,water,,,
SRR24908243,PRJNA982183,SAMN35688656,TPLM-15,,tibetean lakes,,China,Asia,,freshwater,,,33.1 N 80.19 E,,,water,freshwater,water,,,
SRR24908232,PRJNA982183,SAMN35688657,TPLM-16,,tibetean lakes,,China,Asia,,saline,,,34.6 N 80.26 E,,,water,saline,water,,,
SRR24908221,PRJNA982183,SAMN35688658,TPLM-17,,tibetean lakes,,China,Asia,,saline,,,34.59 N 80.39 E,,,water,saline,water,,,
SRR24908283,PRJNA982183,SAMN35688659,TPLM-18,,tibetean lakes,,China,Asia,,freshwater,,,34.01 N 80.65 E,,,water,freshwater,water,,,
SRR24908282,PRJNA982183,SAMN35688660,TPLM-19,,tibetean lakes,,China,Asia,,saline,,,37.03 N 95.18 E,,,water,saline,water,,,
SRR24908277,PRJNA982183,SAMN35688664,TPLM-2-1,,tibetean lakes,,China,Asia,,saline,,,36.97 N 98.26 E,,,water,saline,water,,,
SRR24908273,PRJNA982183,SAMN35688668,TPLM-2-2,,tibetean lakes,,China,Asia,,saline,,,36.97 N 98.26 E,,,water,saline,water,,,
SRR24908268,PRJNA982183,SAMN35688672,TPLM-2-3,,tibetean lakes,,China,Asia,,saline,,,36.97 N 98.26 E,,,water,saline,water,,,
SRR24908281,PRJNA982183,SAMN35688661,TPLM-20-1,,tibetean lakes,,China,Asia,,saline,,,31.59 N 86.81 E,,,water,saline,water,,,
SRR24908279,PRJNA982183,SAMN35688662,TPLM-20-2,,tibetean lakes,,China,Asia,,saline,,,31.59 N 86.81 E,,,water,saline,water,,,
SRR24908278,PRJNA982183,SAMN35688663,TPLM-20-3,,tibetean lakes,,China,Asia,,saline,,,31.59 N 86.81 E,,,water,saline,water,,,
SRR24908276,PRJNA982183,SAMN35688665,TPLM-21-1,,tibetean lakes,,China,Asia,,saline,,,32.55 N 82.47 E,,,water,saline,water,,,
SRR24908275,PRJNA982183,SAMN35688666,TPLM-21-2,,tibetean lakes,,China,Asia,,saline,,,32.55 N 82.47 E,,,water,saline,water,,,
SRR24908274,PRJNA982183,SAMN35688667,TPLM-21-3,,tibetean lakes,,China,Asia,,saline,,,32.55 N 82.47 E,,,water,saline,water,,,
SRR24908272,PRJNA982183,SAMN35688669,TPLM-22-1,,tibetean lakes,,China,Asia,,saline,,,32.02 N 83.98 E,,,water,saline,water,,,
SRR24908271,PRJNA982183,SAMN35688670,TPLM-22-2,,tibetean lakes,,China,Asia,,saline,,,32.02 N 83.98 E,,,water,saline,water,,,
SRR24908270,PRJNA982183,SAMN35688671,TPLM-22-3,,tibetean lakes,,China,Asia,,saline,,,32.02 N 83.98 E,,,water,saline,water,,,
SRR24908267,PRJNA982183,SAMN35688673,TPLM-23-1,,tibetean lakes,,China,Asia,,saline,,,32.32 N 84.03 E,,,water,saline,water,,,
SRR24908266,PRJNA982183,SAMN35688674,TPLM-23-2,,tibetean lakes,,China,Asia,,saline,,,32.32 N 84.03 E,,,water,saline,water,,,
SRR24908265,PRJNA982183,SAMN35688675,TPLM-23-3,,tibetean lakes,,China,Asia,,saline,,,32.32 N 84.03 E,,,water,saline,water,,,
SRR24908264,PRJNA982183,SAMN35688676,TPLM-24-1,,tibetean lakes,,China,Asia,,freshwater,,,28.62 N 90.43 E,,,water,freshwater,water,,,
SRR24908263,PRJNA982183,SAMN35688677,TPLM-24-2,,tibetean lakes,,China,Asia,,freshwater,,,28.62 N 90.43 E,,,water,freshwater,water,,,
SRR24908262,PRJNA982183,SAMN35688678,TPLM-24-3,,tibetean lakes,,China,Asia,,freshwater,,,28.62 N 90.43 E,,,water,freshwater,water,,,
SRR24908261,PRJNA982183,SAMN35688679,TPLM-25-1,,tibetean lakes,,China,Asia,,freshwater,,,28.99 N 90.53 E,,,water,freshwater,water,,,
SRR24908260,PRJNA982183,SAMN35688680,TPLM-25-2,,tibetean lakes,,China,Asia,,freshwater,,,28.99 N 90.53 E,,,water,freshwater,water,,,
SRR24908259,PRJNA982183,SAMN35688681,TPLM-25-3,,tibetean lakes,,China,Asia,,freshwater,,,28.99 N 90.53 E,,,water,freshwater,water,,,
SRR24908257,PRJNA982183,SAMN35688682,TPLM-26-1,,tibetean lakes,,China,Asia,,brackish,,,28.95 N 90.65 E,,,water,brackish,water,,,
SRR24908256,PRJNA982183,SAMN35688683,TPLM-26-2,,tibetean lakes,,China,Asia,,brackish,,,28.95 N 90.65 E,,,water,brackish,water,,,
SRR24908255,PRJNA982183,SAMN35688684,TPLM-26-3,,tibetean lakes,,China,Asia,,brackish,,,28.95 N 90.65 E,,,water,brackish,water,,,
SRR24908254,PRJNA982183,SAMN35688685,TPLM-27-1,,tibetean lakes,,China,Asia,,freshwater,,,29.04 N 90.42 E,,,water,freshwater,water,,,
SRR24908217,PRJNA982183,SAMN35688686,TPLM-27-2,,tibetean lakes,,China,Asia,,freshwater,,,29.04 N 90.42 E,,,water,freshwater,water,,,
SRR24908216,PRJNA982183,SAMN35688687,TPLM-27-3,,tibetean lakes,,China,Asia,,freshwater,,,29.04 N 90.42 E,,,water,freshwater,water,,,
SRR24908215,PRJNA982183,SAMN35688688,TPLM-28-1,,tibetean lakes,,China,Asia,,brackish,,,28.32 N 91.93 E,,,water,brackish,water,,,
SRR24908214,PRJNA982183,SAMN35688689,TPLM-28-2,,tibetean lakes,,China,Asia,,brackish,,,28.32 N 91.93 E,,,water,brackish,water,,,
SRR24908213,PRJNA982183,SAMN35688690,TPLM-28-3,,tibetean lakes,,China,Asia,,brackish,,,28.32 N 91.93 E,,,water,brackish,water,,,
SRR24908212,PRJNA982183,SAMN35688691,TPLM-29-1,,tibetean lakes,,China,Asia,,brackish,,,28.61 N 91.68 E,,,water,brackish,water,,,
SRR24908210,PRJNA982183,SAMN35688692,TPLM-29-2,,tibetean lakes,,China,Asia,,brackish,,,28.61 N 91.68 E,,,water,brackish,water,,,
SRR24908209,PRJNA982183,SAMN35688693,TPLM-29-3,,tibetean lakes,,China,Asia,,brackish,,,28.61 N 91.68 E,,,water,brackish,water,,,
SRR24908208,PRJNA982183,SAMN35688694,TPLM-3-1,,tibetean lakes,,China,Asia,,saline,,,37.45 N 95.5 E,,,water,saline,water,,,
SRR24908204,PRJNA982183,SAMN35688698,TPLM-3-2,,tibetean lakes,,China,Asia,,saline,,,37.45 N 95.5 E,,,water,saline,water,,,
SRR24908199,PRJNA982183,SAMN35688702,TPLM-3-3,,tibetean lakes,,China,Asia,,saline,,,37.45 N 95.5 E,,,water,saline,water,,,
SRR24908207,PRJNA982183,SAMN35688695,TPLM-31-1,,tibetean lakes,,China,Asia,,freshwater,,,30.01 N 93.95 E,,,water,freshwater,water,,,
SRR24908206,PRJNA982183,SAMN35688696,TPLM-31-2,,tibetean lakes,,China,Asia,,freshwater,,,30.01 N 93.95 E,,,water,freshwater,water,,,
SRR24908205,PRJNA982183,SAMN35688697,TPLM-31-3,,tibetean lakes,,China,Asia,,freshwater,,,30.01 N 93.95 E,,,water,freshwater,water,,,
SRR24908203,PRJNA982183,SAMN35688699,TPLM-32-1,,tibetean lakes,,China,Asia,,freshwater,,,29.49 N 96.68 E,,,water,freshwater,water,,,
SRR24908202,PRJNA982183,SAMN35688700,TPLM-32-2,,tibetean lakes,,China,Asia,,freshwater,,,29.49 N 96.68 E,,,water,freshwater,water,,,
SRR24908201,PRJNA982183,SAMN35688701,TPLM-32-3,,tibetean lakes,,China,Asia,,freshwater,,,29.49 N 96.68 E,,,water,freshwater,water,,,
SRR24908198,PRJNA982183,SAMN35688703,TPLM-33-1,,tibetean lakes,,China,Asia,,freshwater,,,29.52 N 98.87 E,,,water,freshwater,water,,,
SRR24908197,PRJNA982183,SAMN35688704,TPLM-33-2,,tibetean lakes,,China,Asia,,freshwater,,,29.52 N 98.87 E,,,water,freshwater,water,,,
SRR24908196,PRJNA982183,SAMN35688705,TPLM-33-3,,tibetean lakes,,China,Asia,,freshwater,,,29.52 N 98.87 E,,,water,freshwater,water,,,
SRR24908195,PRJNA982183,SAMN35688706,TPLM-34-1,,tibetean lakes,,China,Asia,,freshwater,,,30.67 N 96.56 E,,,water,freshwater,water,,,
SRR24908194,PRJNA982183,SAMN35688707,TPLM-34-2,,tibetean lakes,,China,Asia,,freshwater,,,30.67 N 96.56 E,,,water,freshwater,water,,,
SRR24908193,PRJNA982183,SAMN35688708,TPLM-34-3,,tibetean lakes,,China,Asia,,freshwater,,,30.67 N 96.56 E,,,water,freshwater,water,,,
SRR24908192,PRJNA982183,SAMN35688709,TPLM-35-1,,tibetean lakes,,China,Asia,,freshwater,,,30.7 N 96.68 E,,,water,freshwater,water,,,
SRR24908191,PRJNA982183,SAMN35688710,TPLM-35-2,,tibetean lakes,,China,Asia,,freshwater,,,30.7 N 96.68 E,,,water,freshwater,water,,,
SRR24908190,PRJNA982183,SAMN35688711,TPLM-35-3,,tibetean lakes,,China,Asia,,freshwater,,,30.7 N 96.68 E,,,water,freshwater,water,,,
SRR24908188,PRJNA982183,SAMN35688712,TPLM-36-1,,tibetean lakes,,China,Asia,,freshwater,,,30.68 N 94.73 E,,,water,freshwater,water,,,
SRR24908187,PRJNA982183,SAMN35688713,TPLM-36-2,,tibetean lakes,,China,Asia,,freshwater,,,30.68 N 94.73 E,,,water,freshwater,water,,,
SRR24908186,PRJNA982183,SAMN35688714,TPLM-36-3,,tibetean lakes,,China,Asia,,freshwater,,,30.68 N 94.73 E,,,water,freshwater,water,,,
SRR24908185,PRJNA982183,SAMN35688715,TPLM-37-1,,tibetean lakes,,China,Asia,,freshwater,,,30.75 N 94.79 E,,,water,freshwater,water,,,
SRR24908184,PRJNA982183,SAMN35688716,TPLM-37-2,,tibetean lakes,,China,Asia,,freshwater,,,30.75 N 94.79 E,,,water,freshwater,water,,,
SRR24908183,PRJNA982183,SAMN35688717,TPLM-37-3,,tibetean lakes,,China,Asia,,freshwater,,,30.75 N 94.79 E,,,water,freshwater,water,,,
SRR24908182,PRJNA982183,SAMN35688718,TPLM-38-1,,tibetean lakes,,China,Asia,,freshwater,,,28.21 N 89.65 E,,,water,freshwater,water,,,
SRR24908181,PRJNA982183,SAMN35688719,TPLM-38-2,,tibetean lakes,,China,Asia,,freshwater,,,28.21 N 89.65 E,,,water,freshwater,water,,,
SRR24908180,PRJNA982183,SAMN35688720,TPLM-38-3,,tibetean lakes,,China,Asia,,freshwater,,,28.21 N 89.65 E,,,water,freshwater,water,,,
SRR24908179,PRJNA982183,SAMN35688721,TPLM-39-1,,tibetean lakes,,China,Asia,,freshwater,,,28.16 N 89.34 E,,,water,freshwater,water,,,
SRR24908177,PRJNA982183,SAMN35688722,TPLM-39-2,,tibetean lakes,,China,Asia,,freshwater,,,28.16 N 89.34 E,,,water,freshwater,water,,,
SRR24908176,PRJNA982183,SAMN35688723,TPLM-39-3,,tibetean lakes,,China,Asia,,freshwater,,,28.16 N 89.34 E,,,water,freshwater,water,,,
SRR24908175,PRJNA982183,SAMN35688724,TPLM-4,,tibetean lakes,,China,Asia,,saline,,,37.04 N 95.2 E,,,water,saline,water,,,
SRR24908174,PRJNA982183,SAMN35688725,TPLM-40-1,,tibetean lakes,,China,Asia,,saline,,,34.58 N 80.41 E,,,water,saline,water,,,
SRR24908173,PRJNA982183,SAMN35688726,TPLM-40-2,,tibetean lakes,,China,Asia,,saline,,,34.58 N 80.41 E,,,water,saline,water,,,
SRR24908172,PRJNA982183,SAMN35688727,TPLM-40-3,,tibetean lakes,,China,Asia,,saline,,,34.58 N 80.41 E,,,water,saline,water,,,
SRR24908171,PRJNA982183,SAMN35688728,TPLM-41-1,,tibetean lakes,,China,Asia,,freshwater,,,34.63 N 80.27 E,,,water,freshwater,water,,,
SRR24908170,PRJNA982183,SAMN35688729,TPLM-41-2,,tibetean lakes,,China,Asia,,freshwater,,,34.63 N 80.27 E,,,water,freshwater,water,,,
SRR24908169,PRJNA982183,SAMN35688730,TPLM-41-3,,tibetean lakes,,China,Asia,,freshwater,,,34.63 N 80.27 E,,,water,freshwater,water,,,
SRR24908168,PRJNA982183,SAMN35688731,TPLM-42-1,,tibetean lakes,,China,Asia,,brackish,,,32.02 N 82.03 E,,,water,brackish,water,,,
SRR24908166,PRJNA982183,SAMN35688732,TPLM-42-2,,tibetean lakes,,China,Asia,,brackish,,,32.02 N 82.03 E,,,water,brackish,water,,,
SRR24908165,PRJNA982183,SAMN35688733,TPLM-42-3,,tibetean lakes,,China,Asia,,brackish,,,32.02 N 82.03 E,,,water,brackish,water,,,
SRR24908164,PRJNA982183,SAMN35688734,TPLM-42b-1,,tibetean lakes,,China,Asia,,brackish,,,32.02 N 82.03 E,,,water,brackish,water,,,
SRR24908163,PRJNA982183,SAMN35688735,TPLM-42b-2,,tibetean lakes,,China,Asia,,brackish,,,32.02 N 82.03 E,,,water,brackish,water,,,
SRR24908162,PRJNA982183,SAMN35688736,TPLM-42b-3,,tibetean lakes,,China,Asia,,brackish,,,32.02 N 82.03 E,,,water,brackish,water,,,
SRR24908161,PRJNA982183,SAMN35688737,TPLM-43-1,,tibetean lakes,,China,Asia,,saline,,,33.33 N 84.22 E,,,water,saline,water,,,
SRR24908160,PRJNA982183,SAMN35688738,TPLM-43-2,,tibetean lakes,,China,Asia,,saline,,,33.33 N 84.22 E,,,water,saline,water,,,
SRR24908159,PRJNA982183,SAMN35688739,TPLM-43-3,,tibetean lakes,,China,Asia,,saline,,,33.33 N 84.22 E,,,water,saline,water,,,
SRR24908158,PRJNA982183,SAMN35688740,TPLM-43b-1,,tibetean lakes,,China,Asia,,saline,,,33.33 N 84.22 E,,,water,saline,water,,,
SRR24908157,PRJNA982183,SAMN35688741,TPLM-43b-2,,tibetean lakes,,China,Asia,,saline,,,33.33 N 84.22 E,,,water,saline,water,,,
SRR24908322,PRJNA982183,SAMN35688742,TPLM-43b-3,,tibetean lakes,,China,Asia,,saline,,,33.33 N 84.22 E,,,water,saline,water,,,
SRR24908321,PRJNA982183,SAMN35688743,TPLM-44-1,,tibetean lakes,,China,Asia,,brackish,,,32.16 N 84.71 E,,,water,brackish,water,,,
SRR24908320,PRJNA982183,SAMN35688744,TPLM-44-2,,tibetean lakes,,China,Asia,,brackish,,,32.16 N 84.71 E,,,water,brackish,water,,,
SRR24908319,PRJNA982183,SAMN35688745,TPLM-44-3,,tibetean lakes,,China,Asia,,brackish,,,32.16 N 84.71 E,,,water,brackish,water,,,
SRR24908318,PRJNA982183,SAMN35688746,TPLM-44b-1,,tibetean lakes,,China,Asia,,brackish,,,32.16 N 84.71 E,,,water,brackish,water,,,
SRR24908317,PRJNA982183,SAMN35688747,TPLM-44b-2,,tibetean lakes,,China,Asia,,brackish,,,32.16 N 84.71 E,,,water,brackish,water,,,
SRR24908316,PRJNA982183,SAMN35688748,TPLM-44b-3,,tibetean lakes,,China,Asia,,brackish,,,32.16 N 84.71 E,,,water,brackish,water,,,
SRR24908315,PRJNA982183,SAMN35688749,TPLM-45-1,,tibetean lakes,,China,Asia,,brackish,,,30.89 N 85.4 E,,,water,brackish,water,,,
SRR24908314,PRJNA982183,SAMN35688750,TPLM-45-2,,tibetean lakes,,China,Asia,,brackish,,,30.89 N 85.4 E,,,water,brackish,water,,,
SRR24908313,PRJNA982183,SAMN35688751,TPLM-45-3,,tibetean lakes,,China,Asia,,brackish,,,30.89 N 85.4 E,,,water,brackish,water,,,
SRR24908311,PRJNA982183,SAMN35688752,TPLM-45b-1,,tibetean lakes,,China,Asia,,brackish,,,30.89 N 85.4 E,,,water,brackish,water,,,
SRR24908310,PRJNA982183,SAMN35688753,TPLM-45b-2,,tibetean lakes,,China,Asia,,brackish,,,30.89 N 85.4 E,,,water,brackish,water,,,
SRR24908309,PRJNA982183,SAMN35688754,TPLM-45b-3,,tibetean lakes,,China,Asia,,brackish,,,30.89 N 85.4 E,,,water,brackish,water,,,
SRR24908308,PRJNA982183,SAMN35688755,TPLM-46-1,,tibetean lakes,,China,Asia,,brackish,,,30.81 N 84.83 E,,,water,brackish,water,,,
SRR24908307,PRJNA982183,SAMN35688756,TPLM-46-2,,tibetean lakes,,China,Asia,,brackish,,,30.81 N 84.83 E,,,water,brackish,water,,,
SRR24908306,PRJNA982183,SAMN35688757,TPLM-46-3,,tibetean lakes,,China,Asia,,brackish,,,30.81 N 84.83 E,,,water,brackish,water,,,
SRR24908305,PRJNA982183,SAMN35688758,TPLM-46b-1,,tibetean lakes,,China,Asia,,brackish,,,30.81 N 84.83 E,,,water,brackish,water,,,
SRR24908304,PRJNA982183,SAMN35688759,TPLM-46b-2,,tibetean lakes,,China,Asia,,brackish,,,30.81 N 84.83 E,,,water,brackish,water,,,
SRR24908303,PRJNA982183,SAMN35688760,TPLM-46b-3,,tibetean lakes,,China,Asia,,brackish,,,30.81 N 84.83 E,,,water,brackish,water,,,
SRR24908302,PRJNA982183,SAMN35688761,TPLM-47-1,,tibetean lakes,,China,Asia,,freshwater,,,28.21 N 89.64 E,,,water,freshwater,water,,,
SRR24908300,PRJNA982183,SAMN35688762,TPLM-47-2,,tibetean lakes,,China,Asia,,freshwater,,,28.21 N 89.64 E,,,water,freshwater,water,,,
SRR24908299,PRJNA982183,SAMN35688763,TPLM-47-3,,tibetean lakes,,China,Asia,,freshwater,,,28.21 N 89.64 E,,,water,freshwater,water,,,
SRR24908298,PRJNA982183,SAMN35688764,TPLM-48-1,,tibetean lakes,,China,Asia,,brackish,,,28.38 N 88.24 E,,,water,brackish,water,,,
SRR24908297,PRJNA982183,SAMN35688765,TPLM-48-2,,tibetean lakes,,China,Asia,,brackish,,,28.38 N 88.24 E,,,water,brackish,water,,,
SRR24908296,PRJNA982183,SAMN35688766,TPLM-48-3,,tibetean lakes,,China,Asia,,brackish,,,28.38 N 88.24 E,,,water,brackish,water,,,
SRR24908295,PRJNA982183,SAMN35688767,TPLM-49-1,,tibetean lakes,,China,Asia,,brackish,,,29.8 N 86.92 E,,,water,brackish,water,,,
SRR24908294,PRJNA982183,SAMN35688768,TPLM-49-2,,tibetean lakes,,China,Asia,,brackish,,,29.8 N 86.92 E,,,water,brackish,water,,,
SRR24908293,PRJNA982183,SAMN35688769,TPLM-49-3,,tibetean lakes,,China,Asia,,brackish,,,29.8 N 86.92 E,,,water,brackish,water,,,
SRR24908252,PRJNA982183,SAMN35688773,TPLM-5-1,,tibetean lakes,,China,Asia,,brackish,,,31.5 N 91.03 E,,,water,brackish,water,,,
SRR24908248,PRJNA982183,SAMN35688777,TPLM-5-2,,tibetean lakes,,China,Asia,,brackish,,,31.5 N 91.03 E,,,water,brackish,water,,,
SRR24908244,PRJNA982183,SAMN35688781,TPLM-5-3,,tibetean lakes,,China,Asia,,brackish,,,31.5 N 91.03 E,,,water,brackish,water,,,
SRR24908292,PRJNA982183,SAMN35688770,TPLM-50-1,,tibetean lakes,,China,Asia,,freshwater,,,29.62 N 86.23 E,,,water,freshwater,water,,,
SRR24908291,PRJNA982183,SAMN35688771,TPLM-50-2,,tibetean lakes,,China,Asia,,freshwater,,,29.62 N 86.23 E,,,water,freshwater,water,,,
SRR24908253,PRJNA982183,SAMN35688772,TPLM-50-3,,tibetean lakes,,China,Asia,,freshwater,,,29.62 N 86.23 E,,,water,freshwater,water,,,
SRR24908251,PRJNA982183,SAMN35688774,TPLM-51-1,,tibetean lakes,,China,Asia,,brackish,,,30.22 N 86.45 E,,,water,brackish,water,,,
SRR24908250,PRJNA982183,SAMN35688775,TPLM-51-2,,tibetean lakes,,China,Asia,,brackish,,,30.22 N 86.45 E,,,water,brackish,water,,,
SRR24908249,PRJNA982183,SAMN35688776,TPLM-51-3,,tibetean lakes,,China,Asia,,brackish,,,30.22 N 86.45 E,,,water,brackish,water,,,
SRR24908247,PRJNA982183,SAMN35688778,TPLM-52-1,,tibetean lakes,,China,Asia,,brackish,,,30.63 N 86.29 E,,,water,brackish,water,,,
SRR24908246,PRJNA982183,SAMN35688779,TPLM-52-2,,tibetean lakes,,China,Asia,,brackish,,,30.63 N 86.29 E,,,water,brackish,water,,,
SRR24908245,PRJNA982183,SAMN35688780,TPLM-52-3,,tibetean lakes,,China,Asia,,brackish,,,30.63 N 86.29 E,,,water,brackish,water,,,
SRR24908242,PRJNA982183,SAMN35688782,TPLM-53-1,,tibetean lakes,,China,Asia,,brackish,,,29.79 N 85.74 E,,,water,brackish,water,,,
SRR24908241,PRJNA982183,SAMN35688783,TPLM-53-2,,tibetean lakes,,China,Asia,,brackish,,,29.79 N 85.74 E,,,water,brackish,water,,,
SRR24908240,PRJNA982183,SAMN35688784,TPLM-53-3,,tibetean lakes,,China,Asia,,brackish,,,29.79 N 85.74 E,,,water,brackish,water,,,
SRR24908239,PRJNA982183,SAMN35688785,TPLM-54-1,,tibetean lakes,,China,Asia,,freshwater,,,29.66 N 85.74 E,,,water,freshwater,water,,,
SRR24908238,PRJNA982183,SAMN35688786,TPLM-54-2,,tibetean lakes,,China,Asia,,freshwater,,,29.66 N 85.74 E,,,water,freshwater,water,,,
SRR24908237,PRJNA982183,SAMN35688787,TPLM-54-3,,tibetean lakes,,China,Asia,,freshwater,,,29.66 N 85.74 E,,,water,freshwater,water,,,
SRR24908236,PRJNA982183,SAMN35688788,TPLM-55-1,,tibetean lakes,,China,Asia,,brackish,,,31.3 N 83.38 E,,,water,brackish,water,,,
SRR24908235,PRJNA982183,SAMN35688789,TPLM-55-2,,tibetean lakes,,China,Asia,,brackish,,,31.3 N 83.38 E,,,water,brackish,water,,,
SRR24908234,PRJNA982183,SAMN35688790,TPLM-55-3,,tibetean lakes,,China,Asia,,brackish,,,31.3 N 83.38 E,,,water,brackish,water,,,
SRR24908233,PRJNA982183,SAMN35688791,TPLM-56-1,,tibetean lakes,,China,Asia,,brackish,,,31.5 N 83.26 E,,,water,brackish,water,,,
SRR24908231,PRJNA982183,SAMN35688792,TPLM-56-2,,tibetean lakes,,China,Asia,,brackish,,,31.5 N 83.26 E,,,water,brackish,water,,,
SRR24908230,PRJNA982183,SAMN35688793,TPLM-56-3,,tibetean lakes,,China,Asia,,brackish,,,31.5 N 83.26 E,,,water,brackish,water,,,
SRR24908229,PRJNA982183,SAMN35688794,TPLM-57-1,,tibetean lakes,,China,Asia,,freshwater,,,31.12 N 83.97 E,,,water,freshwater,water,,,
SRR24908228,PRJNA982183,SAMN35688795,TPLM-57-2,,tibetean lakes,,China,Asia,,freshwater,,,31.12 N 83.97 E,,,water,freshwater,water,,,
SRR24908227,PRJNA982183,SAMN35688796,TPLM-57-3,,tibetean lakes,,China,Asia,,freshwater,,,31.12 N 83.97 E,,,water,freshwater,water,,,
SRR24908226,PRJNA982183,SAMN35688797,TPLM-58-1,,tibetean lakes,,China,Asia,,brackish,,,29.12 N 85.4 E,,,water,brackish,water,,,
SRR24908225,PRJNA982183,SAMN35688798,TPLM-58-3,,tibetean lakes,,China,Asia,,brackish,,,29.12 N 85.4 E,,,water,brackish,water,,,
SRR24908224,PRJNA982183,SAMN35688799,TPLM-6-1,,tibetean lakes,,China,Asia,,brackish,,,31.99 N 90.34 E,,,water,brackish,water,,,
SRR24908223,PRJNA982183,SAMN35688800,TPLM-6-2,,tibetean lakes,,China,Asia,,brackish,,,31.99 N 90.34 E,,,water,brackish,water,,,
SRR24908222,PRJNA982183,SAMN35688801,TPLM-6-3,,tibetean lakes,,China,Asia,,brackish,,,31.99 N 90.34 E,,,water,brackish,water,,,
SRR24908220,PRJNA982183,SAMN35688802,TPLM-7-1,,tibetean lakes,,China,Asia,,saline,,,31.52 N 89.06 E,,,water,saline,water,,,
SRR24908219,PRJNA982183,SAMN35688803,TPLM-7-2,,tibetean lakes,,China,Asia,,saline,,,31.52 N 89.06 E,,,water,saline,water,,,
SRR24908218,PRJNA982183,SAMN35688804,TPLM-7-3,,tibetean lakes,,China,Asia,,saline,,,31.52 N 89.06 E,,,water,saline,water,,,
SRR24908289,PRJNA982183,SAMN35688805,TPLM-8-1,,tibetean lakes,,China,Asia,,saline,,,31.72 N 89.46 E,,,water,saline,water,,,
SRR24908288,PRJNA982183,SAMN35688806,TPLM-8-2,,tibetean lakes,,China,Asia,,saline,,,31.72 N 89.46 E,,,water,saline,water,,,
SRR24908287,PRJNA982183,SAMN35688807,TPLM-8-3,,tibetean lakes,,China,Asia,,saline,,,31.72 N 89.46 E,,,water,saline,water,,,
SRR24908286,PRJNA982183,SAMN35688808,TPLM-9-1,,tibetean lakes,,China,Asia,,saline,,,31.81 N 90.39 E,,,water,saline,water,,,
SRR24908285,PRJNA982183,SAMN35688809,TPLM-9-2,,tibetean lakes,,China,Asia,,saline,,,31.81 N 90.39 E,,,water,saline,water,,,
SRR24908284,PRJNA982183,SAMN35688810,TPLM-9-3,,tibetean lakes,,China,Asia,,saline,,,31.81 N 90.39 E,,,water,saline,water,,,
SRR25522567,PRJNA791658,SAMN24468274,GCR01,,yellowstone,,USA,North America,,,,,44.68753 N 110.72752 W,,2023-08-04T15:25:00Z,water,hot springs,sediment/soil,ENVO:00000051,ENVO:0000207,ENVO:0000207
SRR25522566,PRJNA791658,SAMN24468275,GCR02,,yellowstone,,USA,North America,,,,,44.68772 N 110.72821 W,,2023-08-04T15:16:00Z,water,hot springs,sediment/soil,ENVO:00000051,ENVO:0000207,ENVO:0000207
SRR25522555,PRJNA791658,SAMN24468276,GCR04,,yellowstone,Geyser Creek (GCR),USA,North America,,,,,44.68770 N 110.72820 W,,2023-08-04T15:17:00Z,water,hot springs,sediment/soil,ENVO:00000051,ENVO:0000207,ENVO:0000207
SRR25522544,PRJNA791658,SAMN24468277,GCR05,,yellowstone,Geyser Creek (GCR),USA,North America,,,,,44.68900 N 110.72839 W,,2023-08-04T15:15:00Z,water,hot springs,sediment/soil,ENVO:00000051,ENVO:0000207,ENVO:0000207
SRR25522541,PRJNA791658,SAMN24468278,GCR06,,yellowstone,Geyser Creek (GCR),USA,North America,,,,,44.688757 N 110.727987 W,,2023-08-04T15:23:00Z,water,hot springs,sediment/soil,ENVO:00000051,ENVO:0000207,ENVO:0000207
SRR25522540,PRJNA791658,SAMN24468279,GCR07,,yellowstone,Geyser Creek (GCR),USA,North America,,,,,44.69067 N 110.72977 W,,2023-08-04T15:10:00Z,water,hot springs,sediment/soil,ENVO:00000051,ENVO:0000207,ENVO:0000207
SRR25522539,PRJNA791658,SAMN24468280,GCR10,,yellowstone,Geyser Creek (GCR),USA,North America,,,,,44.69038 N 110.7289 W,,2023-08-04T15:16:00Z,water,hot springs,sediment/soil,ENVO:00000053,ENVO:0000209,ENVO:0000209
SRR25522538,PRJNA791658,SAMN24468281,GCR11,,yellowstone,Geyser Creek (GCR),USA,North America,,,,,44.68915 N 110.7285 W,,2023-08-04T15:02:00Z,water,hot springs,sediment/soil,ENVO:00000052,ENVO:0000208,ENVO:0000208
SRR25522537,PRJNA791658,SAMN24468282,GOPA01,,yellowstone,,USA,North America,,,,,44.60993 N 110.4394 W,,2023-08-04T15:19:00Z,water,hot springs,sediment/soil,ENVO:00000051,ENVO:0000207,ENVO:0000207
SRR25522536,PRJNA791658,SAMN24468283,GOPA02,,yellowstone,,USA,North America,,"hydrothermal, thermophile, acidic, chemosynthetic",,,44.61006 N 110.43882 W,,2023-08-04T15:27:00Z,water,hot springs,sediment/soil,ENVO:00000051,ENVO:0000207,ENVO:0000207
SRR25522565,PRJNA791658,SAMN24468284,GRV02,,yellowstone,,USA,North America,,,,,44.73616 N 110.70644 W,,2023-08-04T15:19:00Z,water,hot springs,sediment/soil,ENVO:00000051,ENVO:0000207,ENVO:0000207
SRR25522564,PRJNA791658,SAMN24468285,GRV03,,yellowstone,,USA,North America,,,,,44.68406 N 110.74355 W,,2023-08-04T15:21:00Z,water,hot springs,sediment/soil,ENVO:00000051,ENVO:0000207,ENVO:0000207
SRR17752278,PRJNA791658,SAMN24468286,LGB01,,yellowstone,,USA,North America,,,,,44.56963 N 110.86518 W,,2022-01-25T19:27:00Z,water,hot springs,sediment/soil,ENVO:00000051,ENVO:0000207,ENVO:0000207
SRR25522563,PRJNA791658,SAMN24468287,LGB02,,yellowstone,,USA,North America,,,,,44.56485 N 110.86005 W,,2023-08-04T15:18:00Z,water,hot springs,sediment/soil,ENVO:00000051,ENVO:0000207,ENVO:0000207
SRR17752279,PRJNA791658,SAMN24468288,LGB05,,yellowstone,,USA,North America,,,,,44.56097 N 110.83286 W,,2022-01-25T20:49:00Z,water,hot springs,sediment/soil,ENVO:00000051,ENVO:0000207,ENVO:0000207
SRR25522562,PRJNA791658,SAMN24468289,MGB01,,yellowstone,,USA,North America,,,,,44.51914 N 110.80914 W,,2023-08-04T15:16:00Z,water,hot springs,sediment/soil,ENVO:00000051,ENVO:0000207,ENVO:0000207
SRR25522561,PRJNA791658,SAMN24468290,MGB02,,yellowstone,,USA,North America,,,,,44.51987 N 110.81077 W,,2023-08-04T15:21:00Z,water,hot springs,sediment/soil,ENVO:00000051,ENVO:0000207,ENVO:0000207
SRR25522560,PRJNA791658,SAMN24468291,MGB03,,yellowstone,,USA,North America,,,,,44.50889 N 110.80895 W,,2023-08-04T15:18:00Z,water,hot springs,sediment/soil,ENVO:00000051,ENVO:0000207,ENVO:0000207
SRR25522549,PRJNA791658,SAMN24468301,NMC1,,yellowstone,,USA,North America,,,,,44.73616 N 110.70644 W,,2023-08-04T15:16:00Z,water,hot springs,sediment/soil,ENVO:00000051,ENVO:0000207,ENVO:0000207
SRR25522556,PRJNA791658,SAMN24468295,NOR02,,yellowstone,,USA,North America,,,,,44.72658 N 110.70914 W,,2023-08-04T15:18:00Z,water,hot springs,sediment/soil,ENVO:00000051,ENVO:0000207,ENVO:0000207
SRR25522554,PRJNA791658,SAMN24468296,NOR03,,yellowstone,,USA,North America,,,,,44.72689 N 110.70882 W,,2023-08-04T15:17:00Z,water,hot springs,sediment/soil,ENVO:00000051,ENVO:0000207,ENVO:0000207
SRR25522553,PRJNA791658,SAMN24468297,NOR04,,yellowstone,,USA,North America,,,,,44.732445 N 110.709871 W,,2023-08-04T15:15:00Z,water,hot springs,sediment/soil,ENVO:00000051,ENVO:0000207,ENVO:0000207
SRR25522552,PRJNA791658,SAMN24468298,NOR05,,yellowstone,,USA,North America,,,,,44.7311 N 110.710192 W,,2023-08-04T15:17:00Z,water,hot springs,sediment/soil,ENVO:00000051,ENVO:0000207,ENVO:0000207
SRR25522550,PRJNA791658,SAMN24468300,NOR07,,yellowstone,,USA,North America,,,,,44.72041 N 110.71326 W,,2023-08-04T15:04:00Z,water,hot springs,sediment/soil,ENVO:00000051,ENVO:0000207,ENVO:0000207
SRR25522551,PRJNA791658,SAMN24468299,NORO6,,yellowstone,,USA,North America,,,,,44.73616 N 110.70649 W,,2023-08-04T14:58:00Z,water,hot springs,sediment/soil,ENVO:00000051,ENVO:0000207,ENVO:0000207
SRR25522548,PRJNA791658,SAMN24468302,PF01,,yellowstone,,USA,North America,,,,,44.24158 N 110.72458 W,,2023-08-04T15:15:00Z,water,hot springs,sediment/soil,ENVO:00000051,ENVO:0000207,ENVO:0000207
SRR25522559,PRJNA791658,SAMN24468292,SMH01,,yellowstone,,USA,North America,,,,,44.7536 N 110.40418 W,,2023-08-04T15:17:00Z,water,hot springs,sediment/soil,ENVO:00000051,ENVO:0000207,ENVO:0000207
SRR25522558,PRJNA791658,SAMN24468293,SMH02,,yellowstone,,USA,North America,,,,,44.75386 N 110.40376 W,,2023-08-04T15:34:00Z,water,hot springs,sediment/soil,ENVO:00000051,ENVO:0000207,ENVO:0000207
SRR25522557,PRJNA791658,SAMN24468294,SMH03,,yellowstone,,USA,North America,,,,,44.75154 N 110.4151 W,,2023-08-04T15:19:00Z,water,hot springs,sediment/soil,ENVO:00000051,ENVO:0000207,ENVO:0000207
SRR25522547,PRJNA791658,SAMN24468303,SYL01,,yellowstone,,USA,North America,,,,,44.70007 N 110.76842 W,,2023-08-04T15:09:00Z,water,hot springs,sediment/soil,ENVO:00000051,ENVO:0000207,ENVO:0000207
SRR25522546,PRJNA791658,SAMN24468304,SYL02,,yellowstone,,USA,North America,,,,,44.69893 N 110.76843 W,,2023-08-04T15:25:00Z,water,hot springs,sediment/soil,ENVO:00000051,ENVO:0000207,ENVO:0000207
SRR25522545,PRJNA791658,SAMN24468305,SYL03,,yellowstone,,USA,North America,,,,,44.69956 N 110.76673 W,,2023-08-04T15:23:00Z,water,hot springs,sediment/soil,ENVO:00000051,ENVO:0000207,ENVO:0000207
SRR25522543,PRJNA791658,SAMN24468306,SYL04,,yellowstone,,USA,North America,,,,,44.70055 N 110.76543 W,,2023-08-04T15:18:00Z,water,hot springs,sediment/soil,ENVO:00000051,ENVO:0000207,ENVO:0000207
SRR25522542,PRJNA791658,SAMN24468307,WB02,,yellowstone,,USA,North America,,,,,44.76694 N 110.42964 W,,2023-08-04T15:32:00Z,water,hot springs,sediment/soil,ENVO:00000051,ENVO:0000207,ENVO:0000207
,,,Apr2015_GCSS01_03222016_S15,,gowanus,New York City,USA,North America,,,,,40.681584,-73.986917,,epa/contaminant,soil,,,,
,,,Apr2015_GCSS01-A_03222016_S29,,gowanus,New York City,USA,North America,,,,,40.681584,-73.986917,,epa/contaminant,soil,,,,
,,,Apr2015_GCSS01-B_03222016_S30,,gowanus,New York City,USA,North America,,,,,40.681584,-73.986917,,epa/contaminant,soil,,,,
,,,Apr2015_GCSS02_03222016_S16,,gowanus,New York City,USA,North America,,,,,40.680721,-73.98755,,epa/contaminant,soil,,,,
,,,Apr2015_GCSS03_03222016_S17,,gowanus,New York City,USA,North America,,,,,40.679721,-73.988237,,epa/contaminant,soil,,,,
,,,Apr2015_GCSS04_03222016_S18,,gowanus,New York City,USA,North America,,,,,40.678272,-73.989009,,epa/contaminant,soil,,,,
,,,Apr2015_GCSS05_03222016_S19,,gowanus,New York City,USA,North America,,,,,40.677098,-73.989508,,epa/contaminant,soil,,,,
,,,Apr2015_GCSS05-A_03222016_S31,,gowanus,New York City,USA,North America,,,,,40.677098,-73.989508,,epa/contaminant,soil,,,,
,,,Apr2015_GCSS05-B_03222016_S32,,gowanus,New York City,USA,North America,,,,,40.677098,-73.989508,,epa/contaminant,soil,,,,
,,,Apr2015_GCSS06_03222016_S20,,gowanus,New York City,USA,North America,,,,,40.676154,-73.990324,,epa/contaminant,soil,,,,
,,,Apr2015_GCSS07_03222016_S21,,gowanus,New York City,USA,North America,,,,,40.675646,-73.990635,,epa/contaminant,soil,,,,
,,,Apr2015_GCSS08_03222016_S22,,gowanus,New York City,USA,North America,,,,,40.674393,-73.989369,,epa/contaminant,soil,,,,
,,,Apr2015_GCSS09_03222016_S23,,gowanus,New York City,USA,North America,,,,,40.676004,-73.993145,,epa/contaminant,soil,,,,
,,,Apr2015_GCSS10_03222016_S24,,gowanus,New York City,USA,North America,,,,,40.675516,-73.993767,,epa/contaminant,soil,,,,
,,,Apr2015_GCSS11_03222016_S25,,gowanus,New York City,USA,North America,,,,,40.674995,-73.995184,,epa/contaminant,soil,,,,
,,,Apr2015_GCSS12_03222016_S26,,gowanus,New York City,USA,North America,,,,,40.674051,-73.996536,,epa/contaminant,soil,,,,
,,,Apr2015_GCSS13_03222016_S27,,gowanus,New York City,USA,North America,,,,,40.672831,-73.997265,,epa/contaminant,soil,,,,
,,,Apr2015_GCSS14_03222016_S28,,gowanus,New York City,USA,North America,,,,,40.670878,-73.998874,,epa/contaminant,soil,,,,
,,,Dec2014_GCSS01_03222016_S1,,gowanus,New York City,USA,North America,,,,,40.681584,-73.986917,,epa/contaminant,soil,,,,
,,,Dec2014_GCSS02_03222016_S2,,gowanus,New York City,USA,North America,,,,,40.680721,-73.98755,,epa/contaminant,soil,,,,
,,,Dec2014_GCSS03_03222016_S3,,gowanus,New York City,USA,North America,,,,,40.679721,-73.988237,,epa/contaminant,soil,,,,
,,,Dec2014_GCSS04_03222016_S4,,gowanus,New York City,USA,North America,,,,,40.678272,-73.989009,,epa/contaminant,soil,,,,
,,,Dec2014_GCSS05_03222016_S5,,gowanus,New York City,USA,North America,,,,,40.677098,-73.989508,,epa/contaminant,soil,,,,
,,,Dec2014_GCSS06_03222016_S6,,gowanus,New York City,USA,North America,,,,,40.676154,-73.990324,,epa/contaminant,soil,,,,
,,,Dec2014_GCSS07_03222016_S7,,gowanus,New York City,USA,North America,,,,,40.675646,-73.990635,,epa/contaminant,soil,,,,
,,,Dec2014_GCSS08_03222016_S8,,gowanus,New York City,USA,North America,,,,,40.674393,-73.989369,,epa/contaminant,soil,,,,
,,,Dec2014_GCSS09_03222016_S9,,gowanus,New York City,USA,North America,,,,,40.676004,-73.993145,,epa/contaminant,soil,,,,
,,,Dec2014_GCSS10_03222016_S10,,gowanus,New York City,USA,North America,,,,,40.675516,-73.993767,,epa/contaminant,soil,,,,
,,,Dec2014_GCSS11_03222016_S11,,gowanus,New York City,USA,North America,,,,,40.674995,-73.995184,,epa/contaminant,soil,,,,
,,,Dec2014_GCSS12_03222016_S12,,gowanus,New York City,USA,North America,,,,,40.674051,-73.996536,,epa/contaminant,soil,,,,
,,,Dec2014_GCSS13_03222016_S13,,gowanus,New York City,USA,North America,,,,,40.672831,-73.997265,,epa/contaminant,soil,,,,
,,,Dec2014_GCSS14_03222016_S14,,gowanus,New York City,USA,North America,,,,,40.670878,-73.998874,,epa/contaminant,soil,,,,
,,,GC_core_1_S1,,gowanus,New York City,USA,North America,,,,,40.676365,-73.993213,,epa/contaminant,soil,,,,
,,,GC_core_2_S2,,gowanus,New York City,USA,North America,,,,,40.676365,-73.993213,,epa/contaminant,soil,,,,
,,,GC_core_3_S3,,gowanus,New York City,USA,North America,,,,,40.676365,-73.993213,,epa/contaminant,soil,,,,
,,,GC_core_4_S4,,gowanus,New York City,USA,North America,,,,,40.676365,-73.993213,,epa/contaminant,soil,,,,
,,,GC_core_5_S5,,gowanus,New York City,,,,,,,40.676365,-73.993213,,epa/contaminant,soil,,,,